term_str,0,1,2,3,4
utza'm,-9.436749320276339e-05,-0.00677312300391676,-0.0023531292190827552,-0.001976488765015092,0.0069521700907462505
wach,-0.00668961805643076,-0.0002510406547876475,0.0018134760890859555,-0.0006721932842064355,0.0012280689454017063
te',0.014236598246298108,-0.002847972178409117,-0.0054439547169656795,0.0039637562631508316,-0.020381445152148073
uchuch,-0.004285847692893873,-0.016218587069384133,-0.002558555733105368,-0.0012983129159320566,0.005421128504818554
chub'inik,-0.007176890280540048,0.01124172306801597,-0.0017824083012219205,0.0017699600227310353,-0.0004847518808818416
kumatz,0.006062485370510554,-0.0012277056778994262,0.0032526897405678753,0.0030370734901949948,0.0003058282219553314
kimi'al,-0.009073510658442968,-0.007602967241789212,-0.006795103593472068,0.0014071974141975931,-0.007724140347278352
xpiyakok,-0.0025069794211959634,-0.003147711656880936,0.030178310456968917,-0.00826420214755174,0.003696331808239316
sel,0.013646642057678451,-0.0038950972207338072,-0.00439989202432559,0.0026524963165848315,0.0089524915038178
qajuyub'al,-0.0075992281039582756,0.006836995542745123,-0.0033091003294264667,0.0009706380255681085,0.0034278953596414436
xkikojo,0.007046812575311478,0.0006817559555167837,0.0020221528366435697,0.005606698909699318,-0.005858963096662975
kanajoq,-0.003301523277795906,0.00025918257154771936,-0.002613598523894909,-0.0007487218182756616,0.002359124946862923
xub'ij,0.001304486967045792,0.008313255337428953,-0.00304930753781324,-0.0025803938213723432,-0.0011825812374677727
kakib'ano,0.004574580009647841,0.0021619003053908576,-0.004495077558038827,-0.00121473270480672,-0.001985743400596349
jusu',0.003832022525911375,-0.0013762268387579105,0.000533785654174152,-0.0031099584476562948,-0.009410519249561697
chulkiya',0.0004377079571107122,-0.004583347546049151,-0.0026700874838006456,-0.0021662790465103864,0.0004435839932349102
saqirik,0.001227413884414419,0.002475379455200553,0.0006438326747533913,-0.0027834766560908305,0.00440176645674944
jarub',-0.006061508188546047,0.003561993517074483,-0.0040466556746036365,0.00153058445626586,-0.004584102425252119
naypu,0.006711634869923913,-0.0003499908901479913,-0.002623688311324203,-0.0023341371893100212,0.004117229889720038
k'im,-0.0031652319090612166,4.6259900827170906e-05,0.007466836459386842,-0.0057358073948637804,0.0025254211001763385
kojb'e,-0.00026776644205942,0.002231431518885723,-0.0032601360372492725,-0.0007227133499204658,-0.0005217155693906439
kojb'ek,-0.0003780509024113339,0.003462965758603291,0.0004100683190395343,0.006840259189976677,-0.0009446336758956228
kojcha',0.004020234743613725,-0.000292997815440967,0.0018718956967040154,0.005319733398660482,-0.0006144965738049216
taqol,0.00788777610430429,0.0005954684719431739,-0.005268228320839338,-0.00797234100378632,-0.00606148806604305
juch'ob',-0.0071234330512490104,0.0016968001055381063,-0.0050583466743997635,0.0015582857137984708,-0.0014934046220777954
k'aslik,0.007777931715873797,-0.00032535617325772523,-0.0015966462200105954,0.0019851167699565858,0.0008396366325724642
chiqaya',-0.0008646122417104623,0.004796163086573513,-5.2861249828485875e-05,-0.0002711355739762289,0.001864174054423646
nimak'axk'ol,0.0036278436989096714,0.0013834440762207595,-0.0017388459175603625,0.0010081613565823169,0.01123044115729259
xekuchu,-0.0043826054910353586,0.0070791167437627735,-0.0038521553559221888,0.0006358935833264132,0.002361878331025842
xepixab'an,0.0039385831840624665,0.002510426890891547,-0.0035537842379558112,0.0018787601015322836,-0.0014384112952476934
tza'm,-4.492506323450082e-05,0.005345526578902558,-0.0006409310440396627,0.0030589468924614315,0.001102588035522436
chiqab'ij,-0.000327155744187082,-0.00464671545457949,0.0020147420232208718,0.0008514871302847906,-0.007306822017971171
nimatz'ikin,0.0008010237837655392,0.003629802923201652,0.003350894740977707,-0.001951728435441692,0.0006788794234870084
chiqaj,0.0036291341723835085,0.0026266245966667786,-0.0010464013939027188,0.00114316413631963,-0.0014829711777393597
tz'u'm,0.0008971176736489816,0.004691820401243371,-0.003809300271626767,-0.005151084072285483,-0.0007380578649322769
jalajoj,-0.0028266890430172996,0.002322131328169701,0.0050142923037527825,-0.0021667813627063966,0.0009903356201380867
q'equmal,-0.006992554356723987,0.007010436362276951,0.002418603972721327,0.0010191270478849218,0.0040579505454287545
kub'ul,0.004411117212477084,0.001511878056836747,-0.0030311708947729143,0.0008359244058622877,0.004573811200155091
ulo,0.003152900289057328,0.002616050559799146,-0.0007878234366382689,0.00021119916601107936,0.0013985488077755627
utzijel,-0.0008106880197703338,0.0033124905295122144,0.0016795246748840587,-0.004071655552985487,-0.0033068922460180745
chik'astaj,0.007237988887441438,-0.0011661528773095685,-0.005213892931136367,-0.005107370516484121,-0.011227951761685926
xch'akataj,-6.166428664854752e-05,0.001665773178889543,-0.0012276544405764166,0.0037388463020202986,-0.0013660083102171952
ra'il,6.708872092284504e-05,-0.003140254650971389,-0.0003278430823481499,-0.003724620258298295,-0.009481423916576926
ik'oq'ij,-0.008771404240228901,0.010999022543840971,-0.0017419799342476157,0.003187019708180654,0.003948910270236613
usachik,-0.0006976397802671048,0.0009881090644108695,0.005077269773390343,-8.558839783393856e-05,-0.003090555642934225
rax,0.006069226426368453,-0.0032471143842590622,-0.0018879140475238985,-0.007408454992757345,0.003935468579331678
xutz'onoj,0.0029067107425546574,0.002778306496675086,0.00047880271284433555,0.0006054260540570065,0.004448562794101218
uk'utb'al,-0.0001742389091536755,0.001562800090913822,-0.003305365984408028,0.0008761714654048182,0.004847195182295127
xtikarik,-0.0014964855221290972,0.0007324670096592815,0.0017641787411848517,0.0029984344171946095,-0.003289743911256372
xutzinik,0.005359546866147912,-0.0017127240067385356,0.005759312708858988,-0.0013945788285186823,0.00546662456846686
xkitzukuj,-0.0008270501206120704,-0.001645744957402995,4.124173611455374e-05,-0.0034974381964001646,-0.005378127129247082
chiwila',0.004737490410532136,0.0008062326352062957,0.003526238501544226,0.0010315494045952363,-0.009635082917454792
chiwil,0.0024389059122437726,0.0017373213056924306,-0.002648591452917914,-0.0005933232919759101,-0.0026792317264388694
iwach,-0.0005590854021691992,0.0036599480499372116,-0.0033718970066969893,0.0025197514877441274,0.0024796863888059653
xe'el,0.00826601370486823,0.00020980215333635336,-0.003891665833783169,-0.006092890146887281,0.003229940849109483
atan,0.003128265878016706,-0.003958076411983327,-0.004673232249559818,-0.0022748938695567144,-0.008947212170756008
karaj,-0.002674960167864869,0.005637883987966604,0.0056588312290730535,0.0017176345676424513,-0.002170558385569729
xtikar,-0.004440577386007852,0.0022047372092408287,-0.0005509448390082284,0.0054824245151592,-0.0014136726888319983
chutzinik,0.0003839874995916525,0.005079476146045065,-0.0040076097657261835,-0.0016265569352821023,6.239994214606552e-05
q'alel,-0.019444075034584885,-0.03280985597641245,-0.012119416433309486,0.0034006576281685632,-0.00028815372494742477
ukab'awil,-0.02192439015070412,0.01918174013354586,-0.004796791064126198,0.0037623373268065004,0.02017334962117863
chiwinaqir,-0.0044210164505792265,0.005445048111570361,0.004840300497876415,-0.0036606794460769714,-0.008016092365083058
uti'ojil,-0.0010230396835934246,-0.0021212178275187787,0.019537190827206622,-0.008954968262838446,-0.003331380651603825
nuwach,0.009459695164995088,-0.0027414006236242475,0.006792724617651598,0.025213483310295128,-0.006972984065144143
chuchaxik,0.0032328869237249792,-0.007122556728665637,0.00839402309923681,-0.007799618019123038,0.011228565775173062
q'apoj,0.021420377442815067,-0.009040577449416087,-0.005538850752152416,0.0007792651150318641,0.042370883338840086
je,0.005609988850669674,0.0007625877020259629,-0.005753819281845877,0.004594613050785633,-0.007747490453975332
iwumal,0.0014106483078866459,0.005668696434914405,0.003491303643969449,-0.004624315960181532,-0.0053048659539547405
mama',0.009153820076692094,-0.005967358648710737,0.010187591552428396,0.019812488402548123,-0.0019277096176736098
keta'm,0.0030523621249395794,-0.003687916793430013,0.0009837246388934293,-0.003155844323748854,0.01625338775349524
wub',0.012946188306847718,0.001967776755077064,-0.005279095533017661,-0.004012954903273916,-0.0014207045129800914
q'o'l,-0.007395022260540571,-0.007474518975784079,0.018242203394996753,-0.007175740667954937,-0.0017262354400400632
saqil,-0.007852596166214943,-0.008198239724719588,0.027216574476051653,-0.007485476995895553,-0.004375601667072519
ajtzik',-0.01450384175756045,-0.0236576492700459,-0.008100458162700207,0.001750716230541905,-0.0013087798037279637
upa,-0.005809557881977575,0.0003616812092885386,0.014253672329270077,-0.010920855581740996,-0.001211887053230524
kikab'ichal,0.011773167110668262,-0.001727538808385206,-0.0023128810778659855,0.001430952199305712,-0.00485066722200137
kaqan,-0.005774720802112241,0.014618707783040192,-0.003171512675219813,-0.006926088330417342,-0.0089233096773792
jumaj,-0.0024280447914328774,0.0080836721257705,-0.004977407281985466,0.007055688938208335,-0.007774691242859904
k'echelaj,-0.007818066559923736,0.0097658048653173,0.005840419455680305,0.005066077533615793,0.006750746344240428
kichi',0.00587863594180157,0.005790518413072673,-0.006261922301791654,-0.0025836975503462202,-0.006331810311644513
xya',-0.00872167659647253,0.009235513648961226,-0.0036656684701638943,0.0002532172690640924,0.006282439202733295
xkita'o,0.0004854313272212591,0.005699105815466619,-0.0009949730376800365,-0.007370095579834924,-0.005678474692993943
uch'akatajik,0.004430412851475839,-0.00024129939534874476,0.010707312126221799,0.01638060837742138,3.1486093736421053e-05
ch'umil,-0.012790718400892546,0.006695818375126472,0.0009511446451067649,0.003742147148429961,0.005039721839226239
kiq'aq'al,-0.012296808074025367,-0.0029290086413423875,-0.008187575736694255,0.0031853875058179006,-0.00040181808641742125
xril,0.00708261267673485,0.00022039965694224998,-0.0008403139605338908,0.0007712530901540069,0.016937947314037964
xe'ulik,-0.002558429012103498,0.005033901248515022,-0.0067427560813368495,-0.006065929918469002,0.002319333766593488
choq',-0.00360981974397237,-0.004511281096714997,-0.0018685824191642894,-0.004385566734902605,-0.0015273504372044797
chuch,-0.004567678415818973,1.4840737829996641e-05,0.00832926319259193,-0.0006808733503419707,-0.0004939429659420133
kal,-0.006063997539084235,-0.007265362909352322,-0.004161586032359653,-0.00015196983217163987,-0.0034190103711357355
xekel,0.0037349485250131836,0.007778333577178364,-0.005049615109928729,-0.004196641070314327,-0.0009930882543697237
chimalmat,0.008258507005327058,-0.0022437771370256284,0.003776958495763902,0.013826040261239094,-0.0009737041092913093
k'ya,-0.006248621643474983,0.008333300190334434,-0.002392969260342679,-0.001959955832932676,-0.003828028737475815
chib'ek,0.002918762510728853,0.00045260477059152565,-0.0036299217767146656,-0.002319095480354027,0.0005877139712500757
xkikoj,0.0016064676286512392,0.004060581370675506,0.0029310711170191807,0.007385015785721947,-0.0070433260549283006
kib'ix,-0.003904247408098997,0.008352784945631273,-0.0036061405025886095,0.0007597770530906904,-0.0028306109144126466
kiwa,0.0019692085592206807,0.00020690325694979925,-0.0035015357496049468,-0.0045998250747140415,0.005086060334817855
keki'kotik,-0.004522957599101411,0.007485456018407504,-0.0053444567948740815,-0.00021855980025358202,-0.002294239723368762
loq',0.000667111194038852,-0.003141154485463189,-0.0021182062179246936,-0.00796655709730517,-0.0015233281082871163
b'elejeb',-0.021787206392083723,-0.03227020884286455,-0.007717020347170084,0.0002758736772023334,-0.0028040014543099685
kaqix,0.017941489357500177,-0.00624649563719185,0.018373375847638162,0.05359633964026055,-0.003826031828311067
sipakna,0.019307326519425905,0.0013235069774319786,0.019166636987677888,0.055952576653166754,-0.01817227206134376
chajal,0.0042915100310162175,-0.002653269042389076,-0.0009132012209806518,-0.0050836708767076485,0.0024951528937485535
rixoqil,-0.007693876927172761,0.002823906020867044,0.011140605605761942,0.013730360376530113,0.011438622853024338
ukoq,0.0016730234022560855,0.005588558504153944,0.0006426515552533285,0.007971901899551659,0.0032887846247792512
unimal,-0.002241685863184849,-1.2488245465361358e-05,-0.006574535517230317,-0.0005692706570498426,0.0016151555358053164
ilol,-0.000317462948388924,-0.006589999437900941,-0.0004308368344068645,-0.002623277793456015,-0.003260190369306171
chopon,0.0009915993819962043,0.0033549670591607244,0.0006727881735191,-0.005908610133814857,-0.002608642644527082
uk'amik,-0.003183070177092809,0.003253399474837328,0.0016489777784833553,-0.0035916902745307916,-4.9004898648551225e-06
b'anol,0.002010725707085916,-0.003257777743766697,0.005338303306750772,0.011136984723982672,-0.002698800562736173
xojpe,-0.0007099890923712163,0.006903967103168027,-0.0024365849764662675,0.0012520528154935549,0.002342402534623588
utikarik,-0.009021281044430254,-0.00025282828931235074,-0.0028196423187400958,0.00040022123427536373,-0.0011975824694910654
xpetik,0.0037029054591240567,0.0013199727587460976,-0.001098328623631778,0.0036002523032832197,0.008286205620925136
xe'ik'owik,0.0008986492190612003,0.004643662037329217,-0.0010712153433929017,0.00843238221299155,0.00036978823373171065
uwa,0.003372796112950899,0.0004289220627674707,0.0013273487691813051,0.004376855498071644,0.007609980391271329
chuq'ab',0.005890201089066957,0.0005384262456168201,0.0015186986396998024,-0.004770953326794137,0.004296988199715796
itzel,0.006205674431568769,-0.0022638711234586415,0.00032860232917665056,0.002671715156409191,-0.0009389748688243573
k'axk'ol,-0.002381818738613308,-0.006819857110476095,-0.0013609617095583812,-0.0016643129129089993,-0.008294363650084707
anim,0.0019183344635172064,-0.0009697123448291504,0.0013668668052315642,-0.004314668578358687,-0.0003152704939904988
xkina',0.0002047082112653524,0.004217051294357064,-0.004469287649678386,-0.00035737551895257254,-0.00023052239989886764
kinawal,-0.0027168562292277368,0.00016348800822927673,0.0003224583234772804,-0.0017218187018766013,0.00012166888773478887
kiwi',-0.0019152790677677588,0.0062493167456746605,0.004240995068864471,-0.005804152904993377,-0.002655976120095756
chik'am,0.0050523453553955825,0.0017273029839589148,-0.00017359567792636643,-0.0056495874179767844,-0.003762544064624083
xki'kot,-0.0019725595900568983,0.003578382998876022,0.007663437260005822,-0.005301204483249672,-0.0006240781647665194
kojkamik,-0.0013857014570445479,0.0037751269188897297,-0.005476788822816455,-0.002793867111113616,-0.006784058908897245
xk'is,0.009637593044626913,-0.0009657181279493158,-0.004066330636989402,-0.002256855800462104,0.006346530722595975
rismal,0.004032560826785219,0.0034883110565193756,0.00012421631405079204,0.006928852731149598,0.0021099091366128466
kepetoq,0.009480278134256526,-0.0017649868049139914,-0.005412044733665488,-0.007246251897021993,-0.005998210324677806
nimal,-0.005339637174609141,-0.00822514831012239,0.0008616660109562164,0.009733691361234233,-0.0022556408937353784
ch'utijuyub',0.003745582395028145,0.0006870398419163645,0.002760690770058698,0.000786929136816155,-2.6228547189646553e-05
quk',0.008666902982907506,-0.0019288046407533379,-0.00037765466117209965,0.004732403410530974,-0.0017538222625718576
kaminaq,0.004229531021522686,-0.005787856341744343,-0.0020585772343281452,0.0036979939928991146,0.006559556849916582
kamik,0.0020419015218147056,-0.0003327636014304016,-0.0021483475255462594,-0.0002606163924467227,0.0007461407944990396
chaq'ab',0.005484290981307655,0.003868464050462296,-0.0034405050944785816,0.0027984746709510205,-0.003977471932792792
umam,-0.014794333539833032,-0.003438206041295848,0.003114384940492544,0.0009919999350964431,0.0033333137504778384
qajoq,0.00999125066671289,-0.004568295166131745,0.0070839606717289635,0.019858657673572234,-0.0013677693619766021
awlix,-0.013233179191413837,0.01917330481209001,-0.006725046284112833,-0.005394860538547661,-0.008523561317405481
xkanaj,-0.011062577831819454,0.006366808507390123,-0.0008318104235227182,0.0008870910703384995,-0.0028186343820632985
kati't,0.02126690299299686,-0.001535695765958026,-0.007686272603774817,-0.02674627877640394,0.011535369495605676
ajlab'al,-0.012719946658023782,0.006112260382766886,-0.010049321720617807,0.0019639778910384834,-0.002321351780680799
xub'ina'j,0.0020139660061167814,-0.003009540564220429,-2.0955566540800586e-05,-0.005228352797198183,0.006258584678323348
koj,-0.007210330657241386,0.012739772813407449,0.002631043525351937,-0.004357818307983725,0.002160348862234585
ik',-0.008161737341354388,0.0005766369857691827,0.011482728447448387,0.01272929619979393,0.0019653618291735663
alom,-0.007778936779289854,-0.002383849892002666,0.040177578079202636,-0.01876220205410099,-0.007564580238310765
k'ajolom,-0.007778936779289854,-0.002383849892002666,0.040177578079202636,-0.01876220205410099,-0.007564580238310765
kikab'awil,-0.013502615866259495,0.004078606289037869,-0.0022681166717662678,0.0022598556094145985,0.003159721514552536
kikamik,0.004174995467858049,0.0024587644736872084,-0.0011990182259524907,0.005712380605072751,-0.009629289233350142
achij,-0.004086557407424854,-0.013968669402591396,-0.001293373937532323,-0.0006872140317182397,0.0039957195182548375
kuchumakik',0.012620916391370822,-0.005187982331979615,-0.005411609799565166,-0.005045617007160111,0.008625243305922316
k'otuja,-0.019265787175365753,-0.026128013503000716,-0.011249687368757002,0.002723238137926772,-0.0034577961731654685
kitinamit,-0.01633517413842785,-0.003693884350424558,-0.01181693636570845,0.002453912650880766,-0.00234841757825254
ajam,0.004009972359407313,0.0036775169783723996,0.005734311610682127,-0.006256239167436928,-0.0040564542013275156
chaj,0.011973110952663598,-0.004619205364797765,-0.006046409117891491,-0.0059719659409014185,0.005825244831305949
nija'ib'ab',-0.018157684548979963,-0.0241946844680601,-0.011009662152521122,0.0011586180555961153,-0.003175986742973994
b'aq,0.015541246676431912,-0.006758115247194477,-0.005566769036100183,0.004760295763941169,0.009706052664614434
puchi',0.008944374863660856,-0.001252200696757081,0.002897788122447567,0.0060933186439723975,-0.00011219903378448801
utiw,-0.001955120033599861,0.0024862534918956482,0.013210937709368046,-0.009220956634785378,-0.00021536662579407589
kichaq',0.002013198608428449,-0.0009899489956275353,-0.004368045102969026,-0.002539543528083293,0.019147857151918437
saqiroq,-0.006106353095694163,0.0008529407430470821,0.020146257879673397,-0.005235958612815144,0.003282072389744541
ukik'el,-0.0031986544993060253,0.005544712371637273,0.004124475344179785,-0.005030837326384709,0.0035265235220602333
chib'e,-0.0035766713907055604,0.003923746003530087,0.0011989622910270946,0.003024889089676354,-0.00849409251176125
chawaxoq,-0.0048210247786572465,-0.0020758051885036745,0.023498615319329213,-0.00755083674229343,0.0017730196079385433
xkitaq,0.011987687285461051,0.0014346143500203895,-0.006056481426352793,-0.003519623062897163,-0.010710622312033229
kixoqil,-0.013430445284889103,0.010016540060724874,0.004175283593388051,-0.006056907830772503,-0.0048153420977035295
xil,0.004648790153366319,-0.0005697754686421841,-0.004905540922955747,-0.005425976088932668,0.00039663859302557623
aq'ab'al,-0.004354047645924708,0.00137065389387951,0.013365593778379993,-0.0031900758180549134,0.0021740409975406615
kiwachib'al,-0.00516173007207434,0.005946151350365878,0.004902985843349119,-0.0066701974022300055,-0.008256855063940062
iwib',-0.003473570591562812,0.006657186847173181,-0.0069120076749852365,-0.0026680619954020856,-0.010707097846435488
xkikuch,-0.004068767005412891,0.001395928353948759,-0.0022075863332418726,-0.0006580190707043422,0.003201434469939911
chuwi,0.005983822378650025,-0.0008163206828584901,0.0027199469524288394,0.011274033017908266,0.008217352025700156
xkitikib'a',0.006852231733653319,0.0013523979660282092,0.0004784056792130707,-0.008773653364180463,-0.003199697621272719
qak'u'x,0.009161343870123862,0.0024557632729751114,-0.005084255906354561,0.0011639760810122643,-0.015249458125769819
xkam,0.001216428614837604,-3.1758921667737366e-05,-0.003913864229561726,0.008989116086722058,-0.005029641218615573
qachuch,0.007536267122708475,-0.0021382417698344197,-0.0065468035520569,-0.011084658859724868,-0.004090982744746311
xoponik,0.006210606177231233,-3.5134972289628197e-05,-0.0030107598161434905,0.000545580418119055,0.006214573637557614
ub'ixik,0.006148782772819051,-0.0013689261660566544,0.008873471596190704,-0.0014606297552892734,0.0022406423555217706
k'axtok',0.00886784963288941,-0.0004134118940041689,0.0019988393073243926,0.015117795933337265,-0.0003667160852480285
qati't,0.017615621604262523,0.0023782557984564044,-0.000628828357182371,-0.02208069015870328,0.012914178438355439
ajawarem,-0.020495644874496326,-0.02030744508695764,-0.0120035782230353,0.002880282086385348,-0.0016638909305791655
cha,0.002975763160643826,-0.005190741507792643,-0.00994259283277784,-0.002137973257080395,-0.002331621000135951
xcha,0.026002116872635,-0.00027452013779777373,-0.009916951893953366,-0.007988934062806007,0.013309901011252514
kib'e,0.0017873907911729505,0.004300637697650782,-0.00607793298136585,-0.00781065786043036,-0.0022748817536409984
iwuk',-0.0009695922896915058,0.004346616012053864,-0.004546048650037944,-0.0023871724470004166,-0.0006531253045238811
kich'ab'al,-0.0042507239711520066,0.006752865059984101,0.008396821992023715,-0.0044670993700483405,0.000934348758770999
relik,-0.01067050552928794,0.005706607838891902,-0.004076639048930873,0.004426726661881831,0.004776607494991998
are',-4.885607449878724e-05,0.0002639918144230321,0.003791437009556536,0.0014512261002620464,-0.006303982040928947
ub'ina'm,-0.011937032689194793,0.005916675033324726,-0.0031135436380160166,0.0030761484733366653,0.006233667703029789
xraj,-0.0019762850420618388,-0.004389506260758022,0.005596767727144322,0.006728237919947437,-0.001545157235893048
mixb'isonik,0.00018688558507718136,0.007960544189030474,-0.003976242112097911,-0.006725963476216454,0.00022828125327116328
jujunal,0.0054525785585454204,0.0022013107480332466,-0.0011045133627393365,-0.006361090083200511,-0.007641583238723366
kiq'ij,-0.004709008711574868,0.00031493801997569006,0.0009040305131777827,-0.003189546958118858,0.005233439395761797
aponoq,-0.002696329902556872,0.001156594811367346,0.00034327815211211476,0.0033947867951024543,-0.006010255873830895
ch'utichikop,0.0022396442399736094,0.006129948513478983,0.003912451270779193,-0.005669342697813965,-0.00018335907235320426
a',0.006279525340320749,0.0034188659480051753,-0.0036550328386504905,-0.0018837095654465543,-0.010054707165940696
aq,0.004454020432460832,0.0007593554643537339,0.006854194378308092,-0.00324116065003509,0.00045037695805417814
xkilo,0.002195523101496152,0.004335748563607155,0.0016268540843695214,0.0019287314937751127,-0.003241610216440934
xkitz'onoj,-0.0016120221879172099,0.008075921839461729,-0.002150107414302254,-0.001083986757681886,-0.0003182841265773905
tulan,-0.02059419197154358,0.02794273150882687,-0.006423782614790544,0.003600469244925927,0.010595688576715903
chowen,0.02220449303601551,-0.005796300587333797,-0.00014172384290337675,-0.006899523888969976,0.04221161362263677
b'atz',0.02220449303601551,-0.005796300587333797,-0.00014172384290337675,-0.006899523888969976,0.04221161362263677
nimajuyub',0.006963438121319617,0.0005770287991052371,0.008559000499837535,0.011114931981684156,-0.00031833606166775094
nimaq,0.0058064446259083625,-0.0028184883949178775,0.004902000187690944,0.0006952148196025188,0.012997836889847129
ujolom,0.01571175077076389,-0.006436971628798675,-0.009681086918629594,-0.001250347831662863,0.006915567579108218
xech'akataj,0.011451012093974476,0.0006135954865734443,-0.0037185669280558357,-0.0076798181449128445,-0.006061839953545081
utzilaj,-0.011695609853928332,0.0034511210030356365,0.008176532739155404,-0.00424831608184052,-0.0012791129352108766
maja',-0.009361396711446115,0.006481700579782747,0.007668061809747772,0.011606207819429008,0.004557561125710744
xb'ek,0.009341336734419756,-0.005005412856400914,-0.0040455295964997315,0.006691510936567541,0.004506795727035435
tz'aq,-0.010933539758369496,-0.005086632223912273,0.025635657092728928,-0.006918051490837038,-0.004047711432146422
xepetik,-0.005568834404838258,0.013566421129352794,-0.007259316167012751,0.0006286377594566931,0.004448788060442974
lab'al,-0.013760657482506114,-0.018399005326792953,-0.007846349900236735,0.001770343439226004,-0.001383389893158973
kej,-0.007737296162530935,0.013298473138893928,0.008252188129373143,-0.011908709832901244,0.00011705430070939968
ajpop,-0.02497147006621258,-0.031830176121258685,-0.014400514999368648,0.003931880299571054,0.000613367024200028
ral,-0.008606572033801746,-0.002527288101515915,-0.005633007552350786,-0.004218031614284921,0.009109008918264586
recha',0.009094930992565746,0.0005097526638466736,0.005732724530749638,0.010595678284369558,-0.0021269063704865343
jolom,0.009446297276261843,0.00011800766749947993,-0.007166963646009528,-0.006142531977414926,-0.001888848555255764
xuk'am,0.0009233016027450713,-0.0003194523370864873,-0.004590342914089923,0.006143743069085535,0.004196251790940167
naj,0.009438293610990446,-0.004098981218980542,0.006240564901204567,0.009216687753788498,-0.008286520900823274
xch'awik,0.007050336200122862,0.0008496409366043072,0.0024060524185967793,-0.0021267090238629967,0.002809362320398429
xsaqirik,-0.0021496936244509847,0.008049041960119279,-0.0011883443575654107,-0.00044787164008001343,0.0016230845058879061
qamam,-0.0031347215650963825,-0.0011475843906188102,0.011500791937271977,0.006119575301096309,-0.003433425521038299
chiwe,-0.0016482299322782344,0.005361823547221719,0.0031996320422581007,-0.005345918201358364,-0.005884448484417038
chupam,0.009077869724892156,0.002631442878254618,-0.011213844047272482,-0.008339295769273797,0.004670099723074703
jom,0.016474509597340935,-0.006741884896156456,-0.00972372425612523,-0.008171391223826365,-0.004422817256179269
kiq'ab',0.0035293268004184834,0.007135159200103556,0.0018918019685422798,-0.001995222714813979,-0.006824600274430053
q'aq'chekeleb',-0.013443259950205183,0.008764090618949604,-0.005991946437618375,0.005104682278973413,0.0066668879778228425
qatzij,0.0007801516944546908,2.6448649099188083e-05,-0.001035224477727073,-0.005132862738479466,0.0013921214593559
iwech,0.0007334931238805539,0.004927234139049387,-0.0032659237259855265,-0.0012653326213305342,0.009303253337942255
chel,-0.0007068216598703015,-0.0021435114697782227,0.00902054455521674,0.0024685557521627135,-0.0017334316502708815
xech'awik,-0.0041923913854500176,0.008652821808403384,0.004947252776813745,-0.00387027211369873,-0.005529779144609253
kajawarem,-0.00497313616454418,-0.009014844258864077,-0.007517933361269208,-0.003915718871956303,0.004055920433245412
ixoq,-0.00154515715286394,-0.00655195459375562,0.006111496509152391,-0.004323196282261461,0.008333004531927212
poy,0.0015321489676136002,0.006200969537860329,0.004896966696877092,-0.0057828750974907046,-0.004091883327313161
tz'ikin,0.007028148589264368,0.0030367306242052457,0.024870871923788177,-0.004246617785933366,0.01457368509520104
q'amja,-0.021648283766780803,-0.030514495151322714,-0.012713567814362104,0.0025079115550412337,-0.0021312056124347324
b'it,-0.004558534745556469,2.699864401532434e-05,0.032403807801946266,-0.008635062921894086,-0.0021040988230521984
ati't,0.02435116987642942,-0.006104848946611394,0.0024756275330136013,0.0027031444884518807,0.03375107277195377
uwe,-0.004125452400431635,0.006828218515993454,-0.00011007907549777162,-0.005714140306211243,-0.021957707403713687
utukel,0.009862372555376937,-0.00583795411677675,0.0017500795874792463,-0.013180474382092928,-0.0038998536948621843
kib'anoj,0.002615499217900047,0.0031521750123892985,0.009728053918433236,-0.0032769722964334966,-0.00032835281995790004
k'a'm,-0.003856355727055186,-0.004568873193959154,0.0032260521451151635,-0.006856751885055071,-0.0007771857488756181
qib',-0.002948960815360479,0.00369885723622901,-0.0025370937652329567,0.009082547420106526,-0.0036851439759586716
kijujunal,-0.003240412704779216,-0.001727956002829915,0.005193938181242249,0.004533969690949083,-0.0025611281501198607
nimachikop,0.0037926130386914058,0.0048783645361236095,0.004057727780806821,-0.0050155686219469885,0.00026628007430304693
nima'amaq',-0.013034492282840678,-0.005901833696471277,-0.004038896489796981,0.002871834714024756,0.0004123087042478393
ch'uti'amaq',-0.013034492282840678,-0.005901833696471277,-0.004038896489796981,0.002871834714024756,0.0004123087042478393
uwi',-0.001811692630900952,-0.00040884440598021326,-0.0017692258814903496,0.008075731549497662,0.0007525656956720352
uqajaw,-0.008228034451361221,-0.007676388306548954,0.00345469990511027,-0.0003650553366058832,0.009370681343686177
xmukane,-5.7537545903607544e-05,-0.0041832538024548956,0.027269848048917692,-0.012545375923217963,0.0017733063830037876
chikib'ano,-0.002651110421102094,0.003018770128389663,-0.001990938241112123,-0.008416559496235683,0.002554084747101924
aq'anoq,0.014077616550913911,-0.0013843373703808172,-0.0036721747584514573,-0.0009515155536911765,0.012686176948350617
qaqajaw,-0.004656627903056854,-0.0031400204536945683,-0.005377674861536951,-0.0028470442031489824,-0.00831513621608919
usaqirik,-0.012630921491534162,0.013234471140447731,0.0037560667097975993,0.0023124880579953695,0.008424176189219382
chuchi',0.002955149359507665,0.009788059074828161,-0.007125427185860083,0.0026906780828485125,-0.015654074751909542
chipe,0.00848257706559472,-0.0010298198859184382,-0.004217470756003983,-0.0020293523264395845,-0.00637065518394067
kik'ajol,-0.016370528467235104,-0.004457723927037566,-0.0048399288126950235,0.00112556686568979,-0.00377143787595421
ya',0.006002988861101058,0.005537557969383596,-0.0023435614136757686,-0.0010546923671448988,-0.018518420431236048
chinamit,-0.01862985917972913,-0.025645918798854826,-0.00955012792624608,0.002596901051168982,-0.0021376180965860816
k'eche',-0.017134200781296426,0.0009191881006181026,-0.00549434169039585,0.0033319409558194898,0.006723388394377227
tepew,-0.011736510555594869,-0.004082260163801251,0.02740463884241555,-0.01218480096397875,-0.0009957750037673148
xb'an,-0.0055834961262255225,-0.010622729414288982,0.005997612044414685,0.00035978726998043084,-0.006110888119866061
xe'oponik,0.0103810292300438,0.004290628347905325,-0.008640753719561656,-0.009797695833371907,-0.001885557461965405
iwe,0.0012434161100729705,0.007864235907254283,-0.0035648833909428406,-0.00811216063574601,-0.006397372209109351
jutaq'ij,0.00043406865396285844,0.003994599248227366,0.0008904817350542761,0.0028496273952187995,0.002280338554323065
taqal,0.013698696161585321,-0.0013035174695944969,-0.0015309399028620974,0.00831552730128259,-0.005763975876944676
rab'inaleb',-0.016258115483745658,0.009211873251333134,-0.004048003811800523,0.004147899783800451,0.009768484893767606
nima'q,-0.0032816777922720065,0.002236778377761606,0.0011353937436748636,-0.004777838307826851,-0.006482470215323072
jupacha,0.004959878334096288,0.0035854101366409163,0.012017198117848066,-0.0012484522722241045,-0.0006355137052270434
ojer,-0.003119182347049854,-0.008772363799764496,0.006444595979783262,-0.008403951604101923,0.003891471374495853
xk'am,0.0014098084589577696,0.001210537096471279,-0.0042024092065061835,-0.0022491049485969966,-0.003595062575873989
xekamik,0.009483714038293964,0.0010594091439427977,-0.006488000606126551,-0.0003684380975944693,-0.005029999963881196
xkaj,0.006668861766583211,0.0006900728557115466,-0.00505253272059946,0.001693697176104629,0.006805536737292151
chucha'xik,-0.011214571702486626,-0.008190320495400017,-0.00029345219608230223,0.003920344678575643,0.0001738653967484927
tamub',-0.02255067822481455,0.012496671188644228,-0.0032925043071750718,0.004892045656749569,0.013482316916706765
b'itol,-0.008001413247754458,0.002162927333445419,0.035052253823772084,-0.01758089180326671,-0.0062591096395872925
tz'aqol,-0.008001413247754458,0.002162927333445419,0.035052253823772084,-0.01758089180326671,-0.0062591096395872925
kawiqib',-0.01883306147388515,-0.02198396500638182,-0.007580680228228101,0.0017473193700466062,-0.0032794560972849063
aqaroq,-0.009457856803317767,0.01128630375571264,-0.0007475624965739386,0.0006262446566337788,0.0028453340703182956
xkipixab'aj,-0.0015029611349624218,0.00772525708690675,-0.005889991506293958,-0.0013234863455284735,-0.002638621412850784
tz'ikinaja,-0.014735317848312965,0.0028275220493237875,-0.003159814838455398,0.0034864413693369897,0.006315243387312898
xwinaqir,-0.008317091387601968,-0.0009966161151672235,0.0025782947526605967,-0.0023367181485335425,-0.0011375433450989986
mi,0.00765298533106571,0.0016175033074009287,0.009313142127495577,-0.00641200258465377,0.0014002081548730998
usamajel,0.012861919438655417,0.002085684392744523,-0.008928447542723313,-0.011777918392734342,-0.006286606662525416
chuxe',0.011945365087544478,0.0014697923260339953,0.000644814206437051,0.013149073641505051,0.0036188155073624095
chok,-0.003957091380836865,-0.008947598990227864,0.0009084523396205989,-0.002491084021172486,-0.0043461832567234186
chiya',0.005312047825645107,0.007047052477669903,-0.0025597097928236018,-0.0010266849348057933,0.0022555535722105294
k'olik,-0.00011717600854410334,0.0033920614696477678,0.005696493792270306,-0.006878022634107764,-0.0009499910066311214
xek'oje',-0.008926326604404991,0.009182340465361698,0.0009517207005830324,0.0001838221983356298,0.004031504553055931
xe'ul,-0.002612252863324954,-0.004218047404427154,-0.006836135358314525,-0.0039178648697605414,0.0021637463012454754
al,-0.006288407720485193,-0.009187112684967259,0.014234688495635195,0.00841135345720476,-0.0022217708884211553
aj,-0.017997215363599675,-0.01757662189244477,-0.0033387720734086848,-0.004021294309313654,0.008168402271877612
releb'al,-0.02106590000364159,0.01256525227604734,0.0013237130606363753,0.007669803438886985,0.011718039154299482
rox,-0.0028335651203962673,-0.0011454408215272214,1.425512962917919e-05,-0.0036490359293476896,-0.0025350430116975126
xe'uxik,0.004082765322092943,0.0005145948255847416,0.010460987476278204,-0.007931864111330546,0.006161492461763374
awilix,-0.0175115720085919,0.009188435323205256,-0.004589335717317455,0.004104370462215308,0.00811165022702382
qech,-0.0035270981010766343,0.008001342466877219,0.006216828545724949,7.082000768232846e-05,0.0036439333032496322
ub'ik,0.010326173464533569,0.00631807614129834,0.000993490478294367,0.014328091349522523,-0.008920036301326296
uchi',0.006042257718191701,-0.008371204693847065,-0.0017345824866755468,0.004566066995041285,-0.001209174177127472
rochoch,-0.004679154139660748,-0.013285699193975669,0.0008691888577395184,0.0006574236228667218,-0.0011644747282139414
toq'ob',0.003995283540143854,-8.656896773728982e-06,-0.004603113759059587,-0.004101848202991665,0.0037508877736429557
q'aq'al,-0.01196541054133758,-0.008950936499369119,-0.004088532229191725,0.0035596592081810156,-0.0017998456235436683
ke'uchaxik,0.00042840648163332387,-0.0003663372982437051,0.007219385313197371,-0.00929389790011517,0.0030901667959913836
xch'aw,-0.0006427684483534251,0.005416768288726554,0.0004834844056680582,-0.007923611711296883,0.00014065011811736369
utzij,0.0032823465041952418,0.0030793981630914944,0.00259803582870099,0.001928402173250056,-0.0008208500972617514
kij,0.0007327873274285896,0.001329786494408593,-0.0023329236453855638,-0.0007512000797083805,-0.002103843043418627
xaqi,-0.004881552336331295,0.0003525918399652614,-0.007996380208368889,-0.000909480385911588,0.004416020089134449
nawal,-0.01458237470640887,-0.014139910750464963,-0.0019433982244799516,0.01108209955015929,-0.005619668419617593
xul,-0.002490273211098885,-0.017998562973118474,-0.009201483863894631,-0.0039229911264006476,0.0032568159386324414
junam,0.001352424078757871,0.0031981901935168974,-0.005624283896502326,0.00089221919856311,0.0030981104095607996
b'a',0.00910770117677391,0.00347123453449488,-0.0030510859115584943,0.007261644678788077,-0.00890958108655372
k'amol,0.004339186260745568,3.755676765166901e-06,-0.0040500225123984495,-0.007227433816881591,-0.006002554320500436
samajel,0.019860769152547492,-0.0019404533472467923,-0.01147682382359104,-0.014178160616079348,-0.005268412100165436
tinamit,-0.027864318209523224,-0.01849215139419665,-0.012016103969045157,0.0024705736040847286,-0.005703747158052566
unab'e,-0.005839121249209648,-0.009128354171190447,-0.003778282768620492,0.009477194613291407,-0.0009482240852780363
uk'oje'ik,-0.009706700544185333,-0.010028284779500535,-0.0023078801340659285,0.0009433340278761155,0.0010958811550347328
kich'akatajik,0.007902234210578724,0.0026661605191726136,-0.005936043769856732,0.0024147551620942263,-0.004296269686635636
xe'ok,0.014383983839500755,0.0010041858478147243,-0.008730723197589519,-0.0058490990680668,0.006476551202117633
ilokab',-0.024238999710728598,0.002308199633893422,-0.007252813731707249,0.006084267194130079,0.009654216363626822
kuk'a'm,-0.0028020902268828017,0.009514323925063753,-0.005575005103644849,-0.00011889559355376173,0.010285618503886889
xax,-0.0002015071238040879,-0.005589572523765776,0.002275178729752657,-0.0020931789759780447,0.008284484902876425
k'i,-0.013644678116252616,0.0005545504005500939,-0.0029321673730699697,0.0040100951140070494,0.0023506422000856135
ub'aq',0.010396132902194068,-0.0006389454299032016,0.008250755141236413,0.0153996937935301,-0.005522938979513908
ja',0.0023289250675424464,0.0015278303208374148,0.014322864571096737,-0.011372918207107365,-0.009943204277059296
xuchax,0.016626367322524635,0.00020537436896107337,-0.0033030497604034674,0.007065921067699579,0.006070796943685708
kiqajaw,0.00014965269595435272,-0.0016378121836571175,0.004814216635516695,-0.005154251547021005,0.008374152473321007
cha',0.004645096227586484,0.004262158063143463,-0.0005998878661049682,0.003905898675281568,0.004030293692375726
xopon,0.011908514120862702,-0.0013228361054033935,-0.0002643585478694243,0.0022836859157160964,0.008245040805576694
juraqan,0.004295013178087139,-0.0037263420837077605,0.016776358116898923,-0.004953464887429817,-0.004018756992485544
xe',-0.002219697601020069,0.007887767655738285,0.003092630755414849,0.009807720118379602,-0.0022491502979468136
k'ajol,0.0052821725558215215,-0.00350179748485426,0.017519537101897128,0.020731285819873733,-0.0048677074974971465
kixcha',0.01059302356099552,0.00598781868107063,-0.0075622720228788525,-0.008007371667402256,-0.017141059140305087
q'alaj,-0.011302893571197719,0.012168605308277541,0.0001929962972839417,-0.005912677380132614,0.0009791491037937077
upam,0.001443573228023767,0.003893120288928944,0.004337180278278172,-0.012341202169148824,-0.0021854393312772348
qawach,0.0011508832228293096,0.009232958308539005,-0.002773203484009214,-0.008642796866749921,-0.0017404010006703457
xepe,-0.005074929674300832,0.013409968963549174,-0.00555947446469283,0.00068579654670651,0.00029326013612915016
qus,0.00893163581119124,-0.00012696840446212767,-0.0024157526142513106,-0.006827934944910419,0.004620511628037296
kacha',0.015048745753048412,0.001750856306610206,-0.00305760186666765,0.00017030979946211389,-0.004746918446554282
kik',0.020710976713263413,-0.003587229637227505,-0.00958048113529476,-0.006888336445220367,0.011300850749319559
xk'oje',-0.01781219044175061,0.006135006939998206,0.002707684673156795,0.0029090017114723797,0.0016751064081931446
ajkajb',-0.014977887832046613,0.019996971827024843,-0.007754087190137037,-0.0004205169620287279,0.00019130164033230663
q'ukumatz,-0.015922062177789274,-0.017529892486164076,0.020913392099827878,-0.011401788928609966,-0.0058758550761502
k'iche',-0.02845013159586929,-0.03248287375707577,-0.004488983655171281,-0.00033638008426818716,-0.001562440515878374
jusuk',0.006765699678168278,0.00016752782571569569,0.011000620062188255,-0.003338450556117348,-0.004638994740435599
kichuch,0.012639556718372705,-0.0029915040732640444,0.0027400116473751263,-0.0110108490566264,0.0007457840020803338
oxib',-0.021734999252008502,-0.00520695054118516,-0.010718644067695394,0.001956284702827664,-0.0003128177766860136
xkib'ij,0.003545416431679347,0.00233186914328573,0.004819877843691105,0.0016175055741957526,-0.0035242887848885482
xkik'am,-0.004266261621900596,0.009933771002282188,-0.004746480951993728,0.0015387050216818564,0.0002290243597076574
kik'oje'ik,-0.010495516092363235,0.006377370087557475,-0.002569720052600657,0.0009656420351145585,0.006435888539791319
ukab',0.0006782910650836307,-0.0034257269804670344,0.006096984180435675,0.005815784489644725,-0.0036588503665665466
lo,0.008374787809489408,0.005227497249875417,0.006267229761770278,0.013160565542907825,-0.009546077226478492
xkil,0.001972385226970861,-0.00012680180019080306,-0.0016376097246810558,0.003142897212408929,-0.0015511114902949442
on,0.0005503304783764199,0.008708384132905284,0.0021494329422311726,0.00260114894211819,-0.005729770934059842
najt,-0.004601171735337016,-0.0030356736299661344,0.0005557814765874905,0.0033594847035186997,-0.0020891886564615345
keki'kot,0.008619015890564666,0.0030030315874087815,-0.005006374255587351,-0.0013704220637043897,-0.00900981741997797
ajilan,-0.0013075977512278752,0.008487451692647963,-0.0008747282633108416,-0.003073640002115659,-0.0007597105898581709
kochoch,0.0017227909222402452,-0.001842500155686255,-0.002600365386923044,-0.014231412433975028,-0.00011241343003979465
tzij,-0.012094937238242658,-0.012287901729299526,0.011694390677469921,-0.00569510565863826,-0.0002484158514991937
uxe',-0.018446197616371438,-0.015937581100518197,0.006071724514838469,0.003070305267193365,-0.004763090505356618
rajawal,0.006996705300682284,-0.011329891481802159,-0.01261870617284555,-0.006836992870773566,-0.006862388076124457
xekam,0.0071103629335008914,0.002424289953380957,-0.004270592021814907,-0.004675002663087177,0.004652330848146423
xb'e,0.008249913543369031,0.002044476784187032,-0.0011712510253006022,0.009717245615921008,-0.004851139068113747
q'aq',-8.822145566352591e-05,0.009542938641162912,0.00046139338260705996,0.006324114490934503,0.002982066174834418
uk'ajol,-0.004837548853009413,-0.009223341897947508,0.0015133736083186272,0.011709959562931626,0.004026869378610114
in,0.010318074630275112,-7.394843399194047e-05,0.008326373966160424,0.02794482210626199,0.0068246864751417054
kab'awil,-0.023845982423929775,0.005733207292385418,0.0026543347535897825,0.0005437829193615459,0.0018025543993873607
kajib',-0.007575405900379957,-0.013824950070982691,-0.0036706709388027348,-0.00891740736929717,-0.0071849408782151195
apanoq,0.013263092285738394,-0.001446655522231067,-0.002366936523333974,-0.0038220739232194614,0.004121957057629814
tojil,-0.025555554116564048,0.038619831098302526,-0.011952725642294245,-0.00019302919923795878,-0.003011421655338489
xqaj,0.010181690215807213,-0.006982043748622247,-0.007993004578049486,0.005809048669011619,-0.005467827809454749
saq,-0.012074451912655063,-0.009829090234811997,0.016694930892533783,-0.0004832371619672577,0.005714620246565995
ajk'ixb',-0.0160705607736931,0.022378660787095658,-0.007922221346584466,-0.0007082712277888834,0.0004444472700476518
siwan,-0.006502680926682593,0.0008415286465167665,0.001134263920446761,0.004957673542862094,-0.005615285826334107
ula,0.009301087420882839,0.006805196533509934,0.002269155770485072,0.017741881915759847,-0.0051225688256749035
kame,0.031120005174087275,-0.009512005916370901,-0.01849116197661391,-0.017056298385487986,-0.006411645379597171
raqan,0.003847508299339898,-0.003702242178017525,0.007904179489547209,0.003043673700164397,-0.00566524299123812
qe,0.008938707135780733,0.004892949123943334,0.004012253751562115,-0.009808469299761983,-0.011278673388268268
chuxoq,0.0005874492096898953,0.0011177374025060477,0.01382865313486641,0.0034475647109840635,0.0019103955896468887
xe'opon,0.006496301022195394,0.008456664438337787,-0.00991591469569152,-0.009295683519564578,-0.008030020715756961
k'ajolab',0.02932605404489097,0.004627204907347884,0.006578923551386266,0.03546525375612014,-0.02155728870344005
jaqawitz,-0.025665925374152746,0.02164173434398044,-0.0106471729168867,0.0018190544668580918,0.0021635452811671575
kitzij,0.0005159686919895892,0.005321431935367325,-0.0037025264692182296,-0.00759842084078753,-0.010737476023798313
xecha,0.019835904272335544,0.007528522983444975,-0.009570838835975171,-0.016652009405629453,-0.0009379023994170947
kaj,-0.011332115510643571,-0.006732503689725052,0.03840086801575279,-0.01102535217833295,-0.00833591017284259
xel,-0.007109194886631916,0.004079673443150837,-0.004748916143370967,0.0053711975156219725,-0.0007803074574989358
wakamik,-0.014646609116027514,0.009948050036801367,-0.0038917395233747003,0.009085486996000884,0.012906438534503045
b'e,0.0027744878450305815,0.0076040058728387835,-0.0034744270937068673,-0.005208614668980812,-0.0026968175587855814
wa,-0.004085329924865898,-0.008175647074269496,-0.004094892652617243,-0.00039801761783296314,0.0048365735432713336
xma,-0.00457367259654454,-0.0010578271525561419,0.005829015373408721,-0.0004934958630701105,0.005596234679749923
retal,-0.0072362364531549615,0.00666632028352065,-0.010796639287275395,0.003994745052885299,-0.006500354057436134
kanoq,0.0025369144854028576,0.002323013894383512,-0.009711927290422721,-0.009130360195867514,0.00758525497694884
jujun,-0.010151454124908912,-0.019673936631667353,-0.013984107703429628,6.643682597367003e-06,0.0007582440492191575
xe'uchaxik,0.006536665763805893,0.006908287185874106,0.0017242587816625361,-0.01183599484597761,-0.017069804921147597
kecha',0.016647307100466285,0.004062160326698992,-0.01083814858965576,-0.01743627053382313,-0.010840313660093968
chupan,-0.006474218143267103,0.004535948497761342,-0.0007012766889242402,-0.002893821333845097,-0.005664896034538785
xkib'an,-0.011238119026204476,-0.010594785578296084,-0.005962238631257831,-0.00356116089639086,-0.011373247497734523
q'ij,-0.02576996573416119,0.01567550073398784,0.011826823418447327,0.015141480913700238,0.011152228717307347
iq'ib'alam,-0.024643063700344303,0.03134305735025809,-0.004046130367084989,0.00043417922296398867,0.0014198065942703235
sqaqi'n,-0.0022593307193641827,0.0029033786857420806,0.005808825383760139,0.001835562600812896,-0.0023010838755413297
xeb'ek,0.008861769770934353,0.002520089120261814,-0.013068407882608577,-0.007763095067392081,-0.0035827392084247767
k'ute,-0.011093369264021949,-0.013085941040386226,-0.0014113635648043846,0.003213173130258553,0.0033359941937290594
chuxik,-0.010965142191690308,0.004625967603293513,-0.0010257299219498485,8.478144235710688e-05,0.0027427048473971194
waral,0.0006110406981357204,-0.0006381911231647831,0.012102431320819462,-0.009260666470263027,0.00436818230889482
k'itze',-0.028096479596551958,0.031447132717945234,-0.008079966682046864,0.0012522557255862752,-0.000986747409957588
xe'uchax,0.007543551210657642,0.0072657965144421605,-0.007437502531546741,-0.008031122003415318,-0.010588070999800765
lib'ajchi',0.011319239370602434,0.00012785298117495004,-0.0054621964609891565,-0.011462381451075004,-0.007297161811930855
xchiqab'ij,-0.0001265646854330083,-0.008012602624055204,-0.0010218960279768923,0.005481753999591791,7.703848362974858e-05
ajaw,-0.015561696357512964,-0.03813535934237404,-0.020042320313136495,0.006304799643353956,-0.009554620217637188
majukutaj,-0.02631063724101906,0.030900596925847377,-0.007024992255279538,0.0007455148414677173,-0.0004350171806842641
xkib'ano,-0.0027061816775830554,-0.00577131036501752,-0.0043933941735471065,0.003146565844828334,-0.0012066533552409081
xpe,-0.0062534883643109475,0.008538698687631466,0.005275703378056645,-0.005051349805206656,0.009924863523872349
kib'il,-0.0009665395082883729,0.009932996285483334,0.002666126376139065,0.0042117918412728815,0.006340977566707269
che',0.019713431353817822,-0.0005656461479047384,0.005734093687829586,0.0017009561247786423,0.016017012705669964
at,-0.0011669955225970896,-0.0007465418125698385,0.017023107101365727,0.00589862403588996,0.008150566457083678
wuqub',0.024869410945944047,-0.010735317951955663,0.00191350752631804,0.018989692502411806,-0.002037448642161153
ab'aj,-0.0040293001708334684,0.006201430175759838,0.003921633672298309,0.0020018051761477498,-0.006926419388752674
xib'alb'a,0.031639469228078136,-0.0023629088134711662,-0.017496721466195925,-0.015565510614234996,-0.015711255367324935
ajawab',-0.010402987200349243,-0.031992508611954885,-0.023703220930160612,-0.006006431129180525,-0.014790612116589124
chikop,0.006902019601443594,0.008466079686208708,0.0005717870330490112,-0.009297840835483958,-0.00508318368246185
uk'u'x,1.0796664020377174e-05,-0.005333351095367103,0.027201319908960835,-0.010402464232071978,-0.0014321255441976197
nay,-0.015596031919969111,-0.021813034093923333,-0.0016824070746719259,-0.0031777018146946514,-0.007797932557459726
wa'e,-0.0030357389092527257,-0.009091328604199391,0.0026781672797583003,0.0009047407567230532,-0.003641339518629209
xok,-0.0007008274785781068,0.0009589409171880133,0.0019289648572020778,-0.0022380717489716402,-0.001996695303070268
ka'ib',0.005353174757289881,0.0007760981953868616,-0.0014807952333825605,0.02049403360442595,-0.016641673521431182
kuk',0.007332248523186476,0.0037473842281087978,-0.004942278239251614,-0.008374899614859673,-0.010011928201975828
wa',-0.009040643740650254,-0.0019745637026573437,-0.00605473673589736,-0.0009447206875952135,-0.0071308845699761805
amaq',-0.030678207599039598,0.023999504600233146,-0.015899017874816113,0.00042668029791921775,-0.005146451672976245
jusu,0.00605437942803863,0.009622859023814849,-0.005927925792895737,0.0007229309699266949,0.0014689555059580772
xb'alanq'e,0.02680415986433235,-0.0004929726870677771,0.000741914868705421,0.008710789534209907,0.004853215760566795
nim,-0.024744341792116382,-0.020948321276932833,-0.007876299216308301,0.0004882223766096876,0.002749493462006436
kech,-0.001291252945531716,0.008324623607446324,0.003517013003975553,0.0038407729287176897,-0.005698737713569985
mana,-0.010743966501191499,-0.0018444019222523546,-0.004226490568922346,0.0014157094379094425,-0.0024758154066749126
xeb'e,0.007219195515890166,0.006011228965611928,-0.007759133413215701,-0.008210122742408245,0.005499348341961742
juyub',-0.01606895893281455,0.005873756635136879,0.0019019673400436448,0.0112206204843456,0.0024753998154808774
b'alam,-0.028940944236152774,0.03559525697771689,-0.008753493749531204,-0.0013544588417756592,-0.0018807158879512254
tzatz,-0.013949051677585136,0.004489168299607766,-0.003942850848984073,-0.004895229683983512,-0.002854141640106215
ix,0.021578429192784868,0.0019511648798170435,-0.003082401291793515,-0.010211725030666252,-0.0007702878439514652
ulew,0.0024150125384968146,-0.004616837923875777,0.035787637450641445,-0.005015833850232222,-0.0007828245118290982
kina'oj,0.0026930726438865018,0.004072337561547687,-0.0011455208526023352,-0.00433299355628836,-0.0008692152906488781
ja,-0.007630796757428846,-0.028320260646793705,-0.016199674714995796,-0.005699285090906224,0.00027155017705995845
a,0.009898249473979975,0.011793025292074278,-0.005031312522666256,0.005424754446125178,-0.003986489302980316
la,0.021874639573517696,0.0016844484373261107,-0.001074782951226868,9.421965393854893e-05,0.0011088923263137499
aq'ab',-0.021684755561730492,0.0307597929703747,-0.007024868003002495,4.388978561898134e-05,-0.0017788721939547105
rij,-0.0032921250998077358,-0.009874868743544853,-0.004096921904105143,0.0008780433352909665,0.004825296677350764
taq,-0.006940839005061806,0.0018331679490358735,-0.009086697480718331,0.0031032061145570967,-0.0006883891053949806
kib'i',-0.00612574026165304,-0.007245628150024192,0.0002511995742836233,-0.0068882316095592415,-0.00011650762119062071
naqi,0.024560296443335152,0.003699134261274638,-0.006916620918587163,-0.0031255672400959467,-0.0039062878331507025
rib',0.00042057522464076976,0.003643033868508921,0.0004786800305788288,0.017863804935533856,-0.00202356627116542
ke,0.008584823853153333,0.001098645022495711,-0.004736482216358996,-0.009562823249358815,-0.018097974867210247
konojel,-0.0004789940036692176,0.005571898686314275,-0.014356149471873943,-5.092304107195401e-05,-0.0016099280633642755
xuxik,-0.011583206040061,-0.002224886705641267,0.0034689389321780873,0.0011257384114555377,-0.0025269094023727392
ajpu,0.030056230582505603,-0.007492143484089557,0.0006839597080858216,0.0011091134302424904,0.011516104217772848
oj,0.0038793729979040834,0.005110219535392332,0.006023252115205271,0.001940442015048776,-0.007315323568149578
we,0.016482012640932416,-0.0030936353494404427,0.00037196178041887137,0.00684121177727642,-0.0007976101080535266
b'a,0.02425442399980641,0.0056468035498726,-0.007026729691982252,0.008645618950953483,-0.00984947501521964
kiwach,0.005876780569416195,0.0072714629647438874,-0.008065218716627506,-0.009689359144851473,-0.013486506031246669
xere,0.001926221833529452,0.007896605232420762,-0.001845529993010382,0.002793864153484868,0.00691721844886801
rech,-0.011511883524381481,-0.0029583640545636546,0.000728370502933159,-0.0003881497934115145,0.0020119555348988463
kib',-0.004516569696096516,0.0040543045403294235,-0.01253707756977195,0.0008721211193148388,-0.006143250830628811
kik'u'x,-0.004841164606983759,0.017592714000618504,-0.008885320443297587,-0.002439685676644364,0.0010981906421799886
xcha',0.02337507780424505,0.0025621842980934253,0.0018373995923107837,0.0163809364644367,0.004636956435508964
taj,0.00158505824957125,0.0033015921740872883,0.000752119937743858,0.0022667413406729695,-0.0043064369977775735
winaq,-0.021560830894134915,-0.007539900279577238,0.01446805418121903,-0.0023883693600616237,-0.0012381228373507262
qi,0.0006158635215944023,-0.0010721558533750486,-0.004689209797263751,0.0007827646749822592,-0.0038128452773172196
utz,0.02016014605382528,0.006876265396258084,0.002470275041877191,0.008820479234330115,-0.00996300650501726
uwach,0.011358412647370466,-0.0052141483009349125,0.0027695130737286004,-0.00045725187648373123,-0.0027025089145001776
chuwach,-0.013550347707837633,-0.007636473169234849,-0.0031570574743502995,0.0005617262738865873,0.0011261288434221142
nab'e,-0.01018127862298527,-0.00693864259281744,0.006958714058648678,-0.005539420330713254,-0.005128053342395372
uloq,0.0069683479909038925,0.009826444884144539,-0.003017626972550761,0.012358664097882766,0.010312202135935516
chuwi',-0.00395671490607123,0.004014752380255079,-0.009710741957439775,0.0023480886204058633,0.010121937331311996
na,0.009676537669048333,0.006295677342131493,-0.002266931746566946,-0.006995017417272859,-0.00708848503645851
maja,-0.0009211350458192198,0.0027935794415534483,5.2435673904203215e-05,0.00792503985932691,0.0046257923393076905
ruk',-0.011287904246522287,0.0038027614533242557,-0.0027959062686064504,-0.0019900150412736953,0.010518430370528044
b'i,-0.0010062729276867557,0.004423733457614612,0.0014927739808101698,0.007551185780110389,0.0037867281923432564
qitzij,0.009468262779601399,0.0009037806192442423,-0.007799717343228587,-0.002318020799714565,-0.008808215064946827
ub'i',-0.019047128447744036,0.0013034507486609104,-0.0030300325421267838,0.005008215594903357,0.012445104529547333
la',0.004273227700131861,0.011397000842573448,-0.0054100907874665176,0.007300385736575165,0.004272010142224791
ronojel,-0.012282880127906869,0.0012334863137644435,-0.002324104763805523,-0.0067068986101626125,-0.007217559875470273
pu,-0.005015132770988027,-0.0025449306988439774,-0.0004129211968532943,-0.001789979999079813,-0.003276739246494329
jun,0.021067301510851608,-0.009642745782392704,-0.004504781609953869,-0.0014618847587131456,0.015697451224522114
re,0.01426852909216812,0.005658822783545072,-0.001957761046776397,-0.0033192533554239796,-0.001091385114130355
ri',-0.011422088726967478,0.006775576627152279,-0.009161789645591318,0.005307787538327605,0.0020102653075402227
kumal,0.004695192369479216,0.004016674138289815,0.001557268777623399,0.0030510075711587125,-0.0038284717405584487
xecha',0.008594471662798529,0.010787054419727762,-0.00025618490659486625,0.002193166831068951,-0.00848744970147905
k'o,-0.0023446060823525037,0.007601578463487552,0.0011422521261787591,0.0021569680490031947,0.0036560380537597205
te,0.014397983010678276,0.010066983352638269,-0.005558624183153804,-0.0007281470857142813,-0.0012627051873430888
e,-0.008630307691061368,0.0038974977970769585,-7.358677566142037e-05,-0.0008638716710705484,0.0005486596493879705
pa,0.012501064001248527,0.00459003866470695,0.0010823268859469894,0.00017495025266671353,0.0007649161055069132
k'a,0.014023226554080313,0.006384300122401549,-0.006788009659974336,-0.0014235402226416445,-0.005974659232389595
puch,-0.011639294916204563,-0.006411719968843758,-3.498972940437427e-05,-0.0028181784816990354,0.0004915114968495187
keje,0.0034863225031330903,-0.0034277483634488756,0.005678348917324518,0.0038044369394968844,-0.0013325681231519154
chik,0.003960738150418763,0.00028023881797320743,-0.0005081719191206995,-0.0026476823038318513,0.00011267471959207962
rumal,0.0030966284468985153,-0.0001786957092457165,0.004337200716554342,0.004163006718820439,-0.0035439158996452684
are,-0.0008292903215412501,-0.0002694927140118068,-0.0024976524809882336,0.00026709623099357077,-0.0015934176465454129
ma,0.00616700966362498,0.00803985172884354,0.001116169207908874,-0.0025039572088335995,-0.006104692635143034
k'u,0.010704986601793151,0.007269565225653497,-0.004569032205670919,0.0028129892437348874,0.000553962006429776
xa,0.0006240704773839994,0.003811169568692521,0.0032085937280745117,0.00147112930036278,7.677050307068107e-06
wi,-0.0038486058235948826,0.006587470500642232,-5.96228051273058e-05,0.0007161058952924132,0.0035130417799124564
ri,0.011741526019286446,0.00470331282618616,-4.185575102347857e-05,0.002889486119110195,0.003467501503269267
ta,0.003106634496981314,0.005208489294129293,-0.0014166824916771335,0.00021976220234078397,-0.0034398002640922574
k'ut,0.009910925895888295,0.0025365011531283043,-0.0005762330072680181,-0.0001529455938369449,-0.0013268504143349037
chi,-0.0029352428478738725,1.7856777179868336e-05,-0.0065638608823013755,-0.0004141839897018977,-0.0018771331952641174
