doc_id,para_num,line_id
0,0,1
1,0,2
2,0,3
3,0,4
4,0,5
5,0,6
6,0,7
7,0,8
8,1,1
9,2,1
10,2,2
11,2,3
12,2,4
13,2,5
14,2,6
15,2,7
16,2,8
17,2,9
18,2,10
19,2,11
20,2,12
21,2,13
22,2,14
23,2,15
24,2,16
25,2,17
26,2,18
27,3,1
28,3,2
29,3,3
30,3,4
31,3,5
32,3,6
33,3,7
34,3,8
35,3,9
36,3,10
37,3,11
38,3,12
39,3,13
40,3,14
41,3,15
42,3,16
43,3,17
44,3,18
45,3,19
46,3,20
47,3,21
48,3,22
49,3,23
50,3,24
51,3,25
52,3,26
53,3,27
54,4,1
55,4,2
56,4,3
57,4,4
58,4,5
59,4,6
60,4,7
61,4,8
62,4,9
63,4,10
64,4,11
65,4,12
66,4,13
67,4,14
68,4,15
69,4,16
70,4,17
71,4,18
72,4,19
73,4,20
74,4,21
75,4,22
76,4,23
77,4,24
78,4,25
79,4,26
80,4,27
81,4,28
82,4,29
83,4,30
84,4,31
85,4,32
86,4,33
87,4,34
88,4,35
89,4,36
90,4,37
91,4,38
92,4,39
93,4,40
94,4,41
95,4,42
96,4,43
97,4,44
98,5,1
99,5,2
100,5,3
101,5,4
102,5,5
103,5,6
104,5,7
105,5,8
106,5,9
107,5,10
108,6,1
109,6,2
110,6,3
111,6,4
112,6,5
113,6,6
114,6,7
115,6,8
116,6,9
117,6,10
118,6,11
119,6,12
120,7,1
121,7,2
122,7,3
123,7,4
124,7,5
125,7,6
126,7,7
127,7,8
128,8,1
129,8,2
130,8,3
131,8,4
132,8,5
133,8,6
134,8,7
135,8,8
136,8,9
137,8,10
138,8,11
139,8,12
140,8,13
141,8,14
142,8,15
143,8,16
144,8,17
145,8,18
146,9,1
147,9,2
148,9,3
149,9,4
150,9,5
151,9,6
152,9,7
153,9,8
154,9,9
155,9,10
156,9,11
157,9,12
158,9,13
159,9,14
160,9,15
161,10,1
162,10,2
163,10,3
164,10,4
165,10,5
166,10,6
167,10,7
168,10,8
169,10,9
170,10,10
171,10,11
172,10,12
173,10,13
174,10,14
175,10,15
176,10,16
177,10,17
178,10,18
179,10,19
180,10,20
181,10,21
182,10,22
183,10,23
184,10,24
185,10,25
186,10,26
187,10,27
188,10,28
189,10,29
190,10,30
191,10,31
192,10,32
193,10,33
194,10,34
195,10,35
196,11,1
197,11,2
198,11,3
199,11,4
200,11,5
201,11,6
202,11,7
203,11,8
204,11,9
205,11,10
206,11,11
207,11,12
208,11,13
209,11,14
210,11,15
211,11,16
212,11,17
213,11,18
214,11,19
215,11,20
216,11,21
217,11,22
218,11,23
219,11,24
220,11,25
221,11,26
222,11,27
223,11,28
224,11,29
225,11,30
226,12,1
227,12,2
228,12,3
229,12,4
230,12,5
231,12,6
232,12,7
233,12,8
234,12,9
235,12,10
236,12,11
237,12,12
238,12,13
239,12,14
240,12,15
241,12,16
242,12,17
243,12,18
244,12,19
245,12,20
246,12,21
247,12,22
248,12,23
249,13,1
250,13,2
251,13,3
252,13,4
253,13,5
254,13,6
255,13,7
256,13,8
257,13,9
258,13,10
259,13,11
260,13,12
261,13,13
262,13,14
263,13,15
264,13,16
265,13,17
266,13,18
267,13,19
268,13,20
269,13,21
270,13,22
271,13,23
272,13,24
273,13,25
274,13,26
275,13,27
276,13,28
277,13,29
278,13,30
279,13,31
280,13,32
281,13,33
282,13,34
283,13,35
284,13,36
285,13,37
286,13,38
287,13,39
288,13,40
289,13,41
290,13,42
291,14,1
292,14,2
293,14,3
294,14,4
295,14,5
296,14,6
297,14,7
298,14,8
299,14,9
300,14,10
301,14,11
302,14,12
303,14,13
304,14,14
305,14,15
306,14,16
307,14,17
308,14,18
309,14,19
310,14,20
311,14,21
312,14,22
313,14,23
314,14,24
315,14,25
316,14,26
317,14,27
318,14,28
319,14,29
320,14,30
321,14,31
322,14,32
323,14,33
324,14,34
325,14,35
326,14,36
327,14,37
328,14,38
329,14,39
330,14,40
331,14,41
332,14,42
333,14,43
334,14,44
335,14,45
336,14,46
337,14,47
338,14,48
339,14,49
340,14,50
341,14,51
342,14,52
343,14,53
344,14,54
345,14,55
346,14,56
347,14,57
348,14,58
349,14,59
350,14,60
351,14,61
352,14,62
353,14,63
354,14,64
355,14,65
356,14,66
357,14,67
358,14,68
359,14,69
360,14,70
361,14,71
362,14,72
363,14,73
364,14,74
365,14,75
366,14,76
367,14,77
368,14,78
369,14,79
370,14,80
371,14,81
372,14,82
373,14,83
374,14,84
375,14,85
376,14,86
377,14,87
378,15,1
379,15,2
380,15,3
381,15,4
382,15,5
383,15,6
384,15,7
385,15,8
386,15,9
387,15,10
388,15,11
389,15,12
390,15,13
391,15,14
392,15,15
393,15,16
394,15,17
395,15,18
396,15,19
397,15,20
398,15,21
399,15,22
400,15,23
401,15,24
402,15,25
403,16,1
404,16,2
405,16,3
406,16,4
407,16,5
408,16,6
409,16,7
410,16,8
411,16,9
412,16,10
413,16,11
414,16,12
415,17,1
416,17,2
417,17,3
418,17,4
419,17,5
420,17,6
421,17,7
422,17,8
423,17,9
424,17,10
425,17,11
426,17,12
427,17,13
428,17,14
429,17,15
430,17,16
431,17,17
432,17,18
433,18,1
434,18,2
435,18,3
436,18,4
437,18,5
438,18,6
439,18,7
440,18,8
441,18,9
442,18,10
443,18,11
444,19,1
445,19,2
446,19,3
447,19,4
448,19,5
449,19,6
450,19,7
451,19,8
452,19,9
453,19,10
454,19,11
455,19,12
456,19,13
457,19,14
458,19,15
459,19,16
460,19,17
461,19,18
462,19,19
463,19,20
464,19,21
465,19,22
466,19,23
467,19,24
468,19,25
469,20,1
470,20,2
471,20,3
472,20,4
473,20,5
474,20,6
475,20,7
476,20,8
477,20,9
478,20,10
479,20,11
480,20,12
481,20,13
482,20,14
483,20,15
484,20,16
485,20,17
486,20,18
487,20,19
488,20,20
489,20,21
490,20,22
491,20,23
492,20,24
493,20,25
494,20,26
495,20,27
496,20,28
497,20,29
498,20,30
499,20,31
500,20,32
501,20,33
502,20,34
503,20,35
504,20,36
505,21,1
506,21,2
507,21,3
508,21,4
509,21,5
510,21,6
511,22,1
512,22,2
513,22,3
514,22,4
515,22,5
516,22,6
517,22,7
518,22,8
519,22,9
520,22,10
521,22,11
522,22,12
523,22,13
524,22,14
525,22,15
526,22,16
527,22,17
528,22,18
529,22,19
530,22,20
531,22,21
532,22,22
533,22,23
534,22,24
535,22,25
536,22,26
537,22,27
538,22,28
539,22,29
540,22,30
541,22,31
542,22,32
543,22,33
544,22,34
545,22,35
546,22,36
547,22,37
548,22,38
549,22,39
550,22,40
551,22,41
552,22,42
553,22,43
554,22,44
555,22,45
556,22,46
557,22,47
558,22,48
559,22,49
560,22,50
561,22,51
562,22,52
563,22,53
564,22,54
565,22,55
566,22,56
567,22,57
568,22,58
569,22,59
570,23,1
571,23,2
572,23,3
573,23,4
574,23,5
575,23,6
576,23,7
577,23,8
578,23,9
579,23,10
580,23,11
581,23,12
582,23,13
583,23,14
584,23,15
585,23,16
586,23,17
587,23,18
588,23,19
589,23,20
590,23,21
591,23,22
592,23,23
593,23,24
594,23,25
595,23,26
596,23,27
597,23,28
598,23,29
599,23,30
600,23,31
601,23,32
602,23,33
603,23,34
604,23,35
605,23,36
606,23,37
607,23,38
608,23,39
609,23,40
610,23,41
611,23,42
612,23,43
613,23,44
614,23,45
615,23,46
616,23,47
617,23,48
618,23,49
619,23,50
620,23,51
621,23,52
622,23,53
623,23,54
624,23,55
625,23,56
626,23,57
627,23,58
628,23,59
629,23,60
630,23,61
631,23,62
632,23,63
633,23,64
634,23,65
635,23,66
636,23,67
637,23,68
638,24,1
639,24,2
640,24,3
641,24,4
642,24,5
643,24,6
644,24,7
645,24,8
646,24,9
647,24,10
648,24,11
649,24,12
650,25,1
651,25,2
652,25,3
653,25,4
654,25,5
655,25,6
656,25,7
657,25,8
658,25,9
659,25,10
660,25,11
661,25,12
662,25,13
663,25,14
664,25,15
665,25,16
666,25,17
667,25,18
668,25,19
669,25,20
670,25,21
671,25,22
672,25,23
673,25,24
674,25,25
675,25,26
676,25,27
677,25,28
678,25,29
679,25,30
680,25,31
681,25,32
682,25,33
683,25,34
684,25,35
685,25,36
686,25,37
687,25,38
688,25,39
689,25,40
690,25,41
691,25,42
692,25,43
693,25,44
694,25,45
695,25,46
696,25,47
697,26,1
698,26,2
699,26,3
700,26,4
701,26,5
702,26,6
703,26,7
704,26,8
705,26,9
706,26,10
707,26,11
708,26,12
709,26,13
710,26,14
711,26,15
712,26,16
713,26,17
714,26,18
715,26,19
716,26,20
717,26,21
718,26,22
719,26,23
720,26,24
721,26,25
722,26,26
723,26,27
724,26,28
725,26,29
726,26,30
727,26,31
728,26,32
729,27,1
730,27,2
731,27,3
732,27,4
733,27,5
734,27,6
735,27,7
736,27,8
737,27,9
738,27,10
739,27,11
740,27,12
741,27,13
742,27,14
743,27,15
744,27,16
745,27,17
746,27,18
747,27,19
748,27,20
749,27,21
750,27,22
751,27,23
752,27,24
753,27,25
754,27,26
755,27,27
756,27,28
757,27,29
758,27,30
759,27,31
760,27,32
761,27,33
762,27,34
763,27,35
764,27,36
765,27,37
766,27,38
767,27,39
768,27,40
769,27,41
770,27,42
771,27,43
772,27,44
773,27,45
774,27,46
775,27,47
776,27,48
777,27,49
778,27,50
779,27,51
780,27,52
781,27,53
782,27,54
783,27,55
784,27,56
785,27,57
786,27,58
787,27,59
788,27,60
789,27,61
790,27,62
791,27,63
792,27,64
793,27,65
794,27,66
795,27,67
796,27,68
797,28,1
798,28,2
799,28,3
800,28,4
801,28,5
802,28,6
803,28,7
804,28,8
805,28,9
806,28,10
807,28,11
808,28,12
809,28,13
810,28,14
811,28,15
812,28,16
813,28,17
814,28,18
815,28,19
816,28,20
817,28,21
818,28,22
819,28,23
820,28,24
821,28,25
822,28,26
823,28,27
824,28,28
825,28,29
826,28,30
827,28,31
828,28,32
829,28,33
830,28,34
831,28,35
832,28,36
833,28,37
834,28,38
835,28,39
836,28,40
837,28,41
838,28,42
839,28,43
840,28,44
841,28,45
842,28,46
843,28,47
844,28,48
845,28,49
846,28,50
847,28,51
848,28,52
849,28,53
850,28,54
851,28,55
852,28,56
853,28,57
854,28,58
855,28,59
856,28,60
857,28,61
858,28,62
859,28,63
860,28,64
861,28,65
862,28,66
863,28,67
864,28,68
865,28,69
866,28,70
867,28,71
868,28,72
869,28,73
870,28,74
871,28,75
872,28,76
873,28,77
874,28,78
875,28,79
876,28,80
877,28,81
878,28,82
879,28,83
880,28,84
881,28,85
882,28,86
883,28,87
884,28,88
885,28,89
886,28,90
887,28,91
888,28,92
889,28,93
890,28,94
891,28,95
892,28,96
893,28,97
894,28,98
895,28,99
896,29,1
897,29,2
898,29,3
899,29,4
900,29,5
901,29,6
902,29,7
903,29,8
904,29,9
905,29,10
906,29,11
907,29,12
908,29,13
909,29,14
910,29,15
911,29,16
912,29,17
913,29,18
914,29,19
915,29,20
916,29,21
917,29,22
918,29,23
919,29,24
920,29,25
921,29,26
922,29,27
923,29,28
924,29,29
925,29,30
926,29,31
927,29,32
928,29,33
929,29,34
930,29,35
931,29,36
932,29,37
933,29,38
934,29,39
935,29,40
936,29,41
937,29,42
938,29,43
939,29,44
940,29,45
941,29,46
942,29,47
943,29,48
944,29,49
945,29,50
946,29,51
947,29,52
948,29,53
949,29,54
950,29,55
951,29,56
952,29,57
953,29,58
954,29,59
955,29,60
956,29,61
957,29,62
958,29,63
959,29,64
960,29,65
961,29,66
962,29,67
963,29,68
964,29,69
965,29,70
966,29,71
967,29,72
968,29,73
969,29,74
970,29,75
971,29,76
972,29,77
973,29,78
974,29,79
975,29,80
976,29,81
977,29,82
978,29,83
979,29,84
980,29,85
981,29,86
982,29,87
983,29,88
984,29,89
985,29,90
986,29,91
987,29,92
988,29,93
989,29,94
990,29,95
991,29,96
992,29,97
993,29,98
994,29,99
995,29,100
996,29,101
997,29,102
998,29,103
999,29,104
1000,29,105
1001,29,106
1002,29,107
1003,29,108
1004,29,109
1005,29,110
1006,29,111
1007,29,112
1008,29,113
1009,30,1
1010,30,2
1011,30,3
1012,30,4
1013,30,5
1014,30,6
1015,30,7
1016,30,8
1017,30,9
1018,30,10
1019,30,11
1020,30,12
1021,30,13
1022,30,14
1023,30,15
1024,30,16
1025,30,17
1026,30,18
1027,30,19
1028,30,20
1029,30,21
1030,30,22
1031,30,23
1032,30,24
1033,30,25
1034,30,26
1035,30,27
1036,30,28
1037,30,29
1038,30,30
1039,30,31
1040,30,32
1041,30,33
1042,30,34
1043,30,35
1044,30,36
1045,30,37
1046,30,38
1047,30,39
1048,30,40
1049,30,41
1050,30,42
1051,30,43
1052,30,44
1053,30,45
1054,30,46
1055,30,47
1056,30,48
1057,30,49
1058,30,50
1059,30,51
1060,30,52
1061,30,53
1062,30,54
1063,30,55
1064,30,56
1065,30,57
1066,30,58
1067,30,59
1068,30,60
1069,30,61
1070,30,62
1071,30,63
1072,30,64
1073,30,65
1074,30,66
1075,30,67
1076,30,68
1077,30,69
1078,30,70
1079,30,71
1080,30,72
1081,30,73
1082,30,74
1083,30,75
1084,30,76
1085,30,77
1086,30,78
1087,30,79
1088,30,80
1089,30,81
1090,30,82
1091,30,83
1092,30,84
1093,30,85
1094,30,86
1095,30,87
1096,30,88
1097,31,1
1098,31,2
1099,31,3
1100,31,4
1101,31,5
1102,31,6
1103,31,7
1104,31,8
1105,31,9
1106,31,10
1107,31,11
1108,31,12
1109,31,13
1110,31,14
1111,31,15
1112,31,16
1113,31,17
1114,31,18
1115,31,19
1116,31,20
1117,31,21
1118,31,22
1119,31,23
1120,31,24
1121,31,25
1122,31,26
1123,31,27
1124,31,28
1125,31,29
1126,31,30
1127,31,31
1128,31,32
1129,31,33
1130,31,34
1131,31,35
1132,31,36
1133,31,37
1134,31,38
1135,31,39
1136,31,40
1137,31,41
1138,31,42
1139,31,43
1140,31,44
1141,31,45
1142,31,46
1143,31,47
1144,31,48
1145,31,49
1146,31,50
1147,31,51
1148,31,52
1149,31,53
1150,31,54
1151,31,55
1152,31,56
1153,31,57
1154,31,58
1155,31,59
1156,31,60
1157,31,61
1158,31,62
1159,31,63
1160,31,64
1161,31,65
1162,31,66
1163,31,67
1164,31,68
1165,31,69
1166,31,70
1167,31,71
1168,32,1
1169,32,2
1170,32,3
1171,32,4
1172,32,5
1173,32,6
1174,32,7
1175,33,1
1176,33,2
1177,33,3
1178,33,4
1179,33,5
1180,33,6
1181,33,7
1182,33,8
1183,33,9
1184,33,10
1185,33,11
1186,33,12
1187,33,13
1188,33,14
1189,33,15
1190,33,16
1191,33,17
1192,33,18
1193,33,19
1194,33,20
1195,33,21
1196,33,22
1197,33,23
1198,33,24
1199,33,25
1200,33,26
1201,33,27
1202,33,28
1203,33,29
1204,34,1
1205,34,2
1206,34,3
1207,34,4
1208,34,5
1209,34,6
1210,34,7
1211,34,8
1212,34,9
1213,34,10
1214,34,11
1215,34,12
1216,34,13
1217,34,14
1218,34,15
1219,34,16
1220,34,17
1221,34,18
1222,34,19
1223,34,20
1224,34,21
1225,34,22
1226,34,23
1227,34,24
1228,34,25
1229,34,26
1230,34,27
1231,35,1
1232,35,2
1233,35,3
1234,35,4
1235,35,5
1236,35,6
1237,35,7
1238,35,8
1239,35,9
1240,35,10
1241,35,11
1242,35,12
1243,35,13
1244,35,14
1245,35,15
1246,35,16
1247,35,17
1248,35,18
1249,35,19
1250,35,20
1251,35,21
1252,35,22
1253,35,23
1254,35,24
1255,35,25
1256,36,1
1257,36,2
1258,36,3
1259,36,4
1260,36,5
1261,36,6
1262,36,7
1263,36,8
1264,36,9
1265,37,1
1266,37,2
1267,37,3
1268,37,4
1269,37,5
1270,37,6
1271,37,7
1272,37,8
1273,37,9
1274,37,10
1275,37,11
1276,37,12
1277,37,13
1278,37,14
1279,37,15
1280,37,16
1281,37,17
1282,37,18
1283,37,19
1284,37,20
1285,37,21
1286,38,1
1287,38,2
1288,38,3
1289,38,4
1290,38,5
1291,38,6
1292,38,7
1293,39,1
1294,39,2
1295,39,3
1296,39,4
1297,39,5
1298,39,6
1299,39,7
1300,39,8
1301,39,9
1302,39,10
1303,39,11
1304,39,12
1305,39,13
1306,39,14
1307,39,15
1308,39,16
1309,39,17
1310,39,18
1311,39,19
1312,39,20
1313,39,21
1314,39,22
1315,39,23
1316,39,24
1317,39,25
1318,39,26
1319,39,27
1320,39,28
1321,39,29
1322,39,30
1323,39,31
1324,39,32
1325,39,33
1326,39,34
1327,39,35
1328,39,36
1329,39,37
1330,39,38
1331,39,39
1332,39,40
1333,39,41
1334,39,42
1335,39,43
1336,39,44
1337,39,45
1338,39,46
1339,39,47
1340,39,48
1341,39,49
1342,39,50
1343,39,51
1344,39,52
1345,39,53
1346,39,54
1347,39,55
1348,40,1
1349,40,2
1350,40,3
1351,40,4
1352,40,5
1353,40,6
1354,40,7
1355,40,8
1356,40,9
1357,40,10
1358,40,11
1359,40,12
1360,40,13
1361,40,14
1362,40,15
1363,40,16
1364,40,17
1365,40,18
1366,40,19
1367,40,20
1368,40,21
1369,40,22
1370,40,23
1371,40,24
1372,40,25
1373,40,26
1374,40,27
1375,40,28
1376,40,29
1377,40,30
1378,40,31
1379,40,32
1380,41,1
1381,41,2
1382,41,3
1383,41,4
1384,41,5
1385,41,6
1386,41,7
1387,41,8
1388,42,1
1389,42,2
1390,42,3
1391,42,4
1392,42,5
1393,42,6
1394,42,7
1395,42,8
1396,42,9
1397,42,10
1398,42,11
1399,42,12
1400,42,13
1401,42,14
1402,42,15
1403,42,16
1404,42,17
1405,42,18
1406,42,19
1407,42,20
1408,42,21
1409,42,22
1410,42,23
1411,42,24
1412,42,25
1413,42,26
1414,42,27
1415,42,28
1416,42,29
1417,42,30
1418,42,31
1419,42,32
1420,42,33
1421,42,34
1422,43,1
1423,43,2
1424,43,3
1425,43,4
1426,43,5
1427,43,6
1428,43,7
1429,43,8
1430,43,9
1431,43,10
1432,43,11
1433,43,12
1434,43,13
1435,43,14
1436,43,15
1437,43,16
1438,43,17
1439,43,18
1440,43,19
1441,43,20
1442,43,21
1443,43,22
1444,43,23
1445,43,24
1446,43,25
1447,43,26
1448,43,27
1449,43,28
1450,43,29
1451,43,30
1452,43,31
1453,43,32
1454,44,1
1455,44,2
1456,44,3
1457,44,4
1458,44,5
1459,44,6
1460,44,7
1461,44,8
1462,44,9
1463,45,1
1464,45,2
1465,45,3
1466,45,4
1467,45,5
1468,45,6
1469,45,7
1470,46,1
1471,46,2
1472,46,3
1473,46,4
1474,46,5
1475,46,6
1476,46,7
1477,46,8
1478,46,9
1479,46,10
1480,46,11
1481,46,12
1482,46,13
1483,46,14
1484,46,15
1485,46,16
1486,46,17
1487,46,18
1488,46,19
1489,46,20
1490,46,21
1491,46,22
1492,46,23
1493,46,24
1494,46,25
1495,46,26
1496,46,27
1497,46,28
1498,46,29
1499,46,30
1500,46,31
1501,46,32
1502,46,33
1503,46,34
1504,46,35
1505,46,36
1506,46,37
1507,46,38
1508,46,39
1509,46,40
1510,46,41
1511,46,42
1512,46,43
1513,46,44
1514,46,45
1515,46,46
1516,46,47
1517,46,48
1518,46,49
1519,46,50
1520,46,51
1521,46,52
1522,47,1
1523,47,2
1524,47,3
1525,47,4
1526,47,5
1527,47,6
1528,47,7
1529,47,8
1530,47,9
1531,47,10
1532,47,11
1533,47,12
1534,47,13
1535,48,1
1536,48,2
1537,48,3
1538,48,4
1539,48,5
1540,48,6
1541,48,7
1542,48,8
1543,48,9
1544,48,10
1545,48,11
1546,48,12
1547,48,13
1548,48,14
1549,48,15
1550,48,16
1551,49,1
1552,49,2
1553,49,3
1554,49,4
1555,49,5
1556,49,6
1557,49,7
1558,49,8
1559,49,9
1560,49,10
1561,49,11
1562,49,12
1563,49,13
1564,49,14
1565,49,15
1566,49,16
1567,49,17
1568,49,18
1569,49,19
1570,49,20
1571,49,21
1572,49,22
1573,49,23
1574,49,24
1575,49,25
1576,49,26
1577,49,27
1578,49,28
1579,49,29
1580,50,1
1581,50,2
1582,51,1
1583,51,2
1584,51,3
1585,51,4
1586,51,5
1587,51,6
1588,51,7
1589,51,8
1590,51,9
1591,51,10
1592,51,11
1593,51,12
1594,51,13
1595,51,14
1596,51,15
1597,51,16
1598,51,17
1599,51,18
1600,51,19
1601,51,20
1602,51,21
1603,51,22
1604,51,23
1605,51,24
1606,51,25
1607,51,26
1608,51,27
1609,51,28
1610,51,29
1611,51,30
1612,51,31
1613,51,32
1614,51,33
1615,51,34
1616,51,35
1617,51,36
1618,51,37
1619,51,38
1620,51,39
1621,51,40
1622,51,41
1623,51,42
1624,51,43
1625,51,44
1626,51,45
1627,52,1
1628,52,2
1629,52,3
1630,52,4
1631,52,5
1632,52,6
1633,52,7
1634,52,8
1635,52,9
1636,52,10
1637,52,11
1638,53,1
1639,53,2
1640,53,3
1641,53,4
1642,53,5
1643,53,6
1644,53,7
1645,53,8
1646,53,9
1647,53,10
1648,53,11
1649,53,12
1650,53,13
1651,53,14
1652,53,15
1653,53,16
1654,53,17
1655,53,18
1656,53,19
1657,53,20
1658,53,21
1659,53,22
1660,53,23
1661,53,24
1662,54,1
1663,54,2
1664,54,3
1665,54,4
1666,54,5
1667,55,1
1668,55,2
1669,55,3
1670,55,4
1671,55,5
1672,55,6
1673,55,7
1674,55,8
1675,55,9
1676,55,10
1677,55,11
1678,55,12
1679,55,13
1680,55,14
1681,55,15
1682,55,16
1683,55,17
1684,55,18
1685,55,19
1686,55,20
1687,55,21
1688,55,22
1689,55,23
1690,55,24
1691,55,25
1692,55,26
1693,55,27
1694,55,28
1695,55,29
1696,55,30
1697,55,31
1698,55,32
1699,55,33
1700,56,1
1701,56,2
1702,56,3
1703,56,4
1704,56,5
1705,56,6
1706,56,7
1707,56,8
1708,56,9
1709,56,10
1710,56,11
1711,56,12
1712,56,13
1713,56,14
1714,56,15
1715,56,16
1716,56,17
1717,56,18
1718,56,19
1719,56,20
1720,56,21
1721,56,22
1722,56,23
1723,56,24
1724,56,25
1725,56,26
1726,56,27
1727,56,28
1728,56,29
1729,56,30
1730,56,31
1731,56,32
1732,56,33
1733,56,34
1734,56,35
1735,56,36
1736,56,37
1737,56,38
1738,56,39
1739,56,40
1740,56,41
1741,56,42
1742,56,43
1743,56,44
1744,56,45
1745,56,46
1746,56,47
1747,56,48
1748,56,49
1749,56,50
1750,56,51
1751,56,52
1752,56,53
1753,56,54
1754,57,1
1755,57,2
1756,57,3
1757,57,4
1758,57,5
1759,57,6
1760,57,7
1761,57,8
1762,57,9
1763,57,10
1764,57,11
1765,57,12
1766,57,13
1767,57,14
1768,57,15
1769,57,16
1770,57,17
1771,57,18
1772,57,19
1773,57,20
1774,57,21
1775,57,22
1776,57,23
1777,57,24
1778,57,25
1779,57,26
1780,57,27
1781,57,28
1782,57,29
1783,57,30
1784,57,31
1785,57,32
1786,57,33
1787,57,34
1788,57,35
1789,57,36
1790,57,37
1791,57,38
1792,57,39
1793,57,40
1794,57,41
1795,57,42
1796,57,43
1797,57,44
1798,57,45
1799,57,46
1800,57,47
1801,57,48
1802,58,1
1803,58,2
1804,58,3
1805,58,4
1806,58,5
1807,58,6
1808,58,7
1809,58,8
1810,58,9
1811,58,10
1812,58,11
1813,58,12
1814,58,13
1815,58,14
1816,58,15
1817,58,16
1818,58,17
1819,58,18
1820,58,19
1821,58,20
1822,58,21
1823,58,22
1824,58,23
1825,58,24
1826,58,25
1827,58,26
1828,58,27
1829,58,28
1830,58,29
1831,58,30
1832,58,31
1833,58,32
1834,58,33
1835,58,34
1836,58,35
1837,58,36
1838,58,37
1839,58,38
1840,58,39
1841,58,40
1842,58,41
1843,58,42
1844,58,43
1845,58,44
1846,58,45
1847,58,46
1848,58,47
1849,58,48
1850,58,49
1851,58,50
1852,58,51
1853,58,52
1854,58,53
1855,58,54
1856,58,55
1857,58,56
1858,59,1
1859,59,2
1860,59,3
1861,59,4
1862,59,5
1863,59,6
1864,59,7
1865,59,8
1866,59,9
1867,59,10
1868,59,11
1869,59,12
1870,59,13
1871,59,14
1872,59,15
1873,59,16
1874,59,17
1875,59,18
1876,59,19
1877,59,20
1878,59,21
1879,59,22
1880,60,1
1881,60,2
1882,60,3
1883,60,4
1884,60,5
1885,60,6
1886,60,7
1887,60,8
1888,60,9
1889,60,10
1890,60,11
1891,60,12
1892,60,13
1893,60,14
1894,60,15
1895,60,16
1896,60,17
1897,60,18
1898,60,19
1899,60,20
1900,60,21
1901,60,22
1902,60,23
1903,60,24
1904,60,25
1905,60,26
1906,60,27
1907,60,28
1908,60,29
1909,60,30
1910,60,31
1911,61,1
1912,61,2
1913,61,3
1914,61,4
1915,61,5
1916,61,6
1917,61,7
1918,61,8
1919,61,9
1920,61,10
1921,61,11
1922,61,12
1923,61,13
1924,61,14
1925,61,15
1926,61,16
1927,61,17
1928,61,18
1929,61,19
1930,61,20
1931,61,21
1932,61,22
1933,61,23
1934,61,24
1935,61,25
1936,61,26
1937,61,27
1938,61,28
1939,61,29
1940,61,30
1941,61,31
1942,61,32
1943,61,33
1944,61,34
1945,62,1
1946,62,2
1947,62,3
1948,62,4
1949,62,5
1950,62,6
1951,62,7
1952,62,8
1953,62,9
1954,62,10
1955,62,11
1956,62,12
1957,62,13
1958,62,14
1959,62,15
1960,62,16
1961,62,17
1962,62,18
1963,62,19
1964,62,20
1965,62,21
1966,62,22
1967,62,23
1968,62,24
1969,62,25
1970,62,26
1971,62,27
1972,62,28
1973,62,29
1974,62,30
1975,62,31
1976,62,32
1977,62,33
1978,62,34
1979,62,35
1980,62,36
1981,62,37
1982,62,38
1983,62,39
1984,62,40
1985,62,41
1986,62,42
1987,62,43
1988,62,44
1989,62,45
1990,62,46
1991,62,47
1992,62,48
1993,62,49
1994,62,50
1995,62,51
1996,62,52
1997,62,53
1998,62,54
1999,62,55
2000,62,56
2001,62,57
2002,62,58
2003,62,59
2004,62,60
2005,62,61
2006,62,62
2007,62,63
2008,62,64
2009,62,65
2010,62,66
2011,62,67
2012,62,68
2013,62,69
2014,62,70
2015,62,71
2016,62,72
2017,62,73
2018,62,74
2019,62,75
2020,62,76
2021,62,77
2022,62,78
2023,62,79
2024,62,80
2025,62,81
2026,63,1
2027,63,2
2028,63,3
2029,63,4
2030,63,5
2031,63,6
2032,63,7
2033,63,8
2034,63,9
2035,63,10
2036,63,11
2037,63,12
2038,63,13
2039,63,14
2040,63,15
2041,63,16
2042,63,17
2043,63,18
2044,63,19
2045,63,20
2046,63,21
2047,63,22
2048,63,23
2049,63,24
2050,63,25
2051,63,26
2052,63,27
2053,63,28
2054,63,29
2055,63,30
2056,63,31
2057,63,32
2058,63,33
2059,63,34
2060,63,35
2061,63,36
2062,63,37
2063,63,38
2064,63,39
2065,63,40
2066,63,41
2067,63,42
2068,63,43
2069,63,44
2070,63,45
2071,63,46
2072,63,47
2073,63,48
2074,63,49
2075,63,50
2076,63,51
2077,63,52
2078,63,53
2079,63,54
2080,63,55
2081,63,56
2082,63,57
2083,63,58
2084,63,59
2085,64,1
2086,64,2
2087,64,3
2088,64,4
2089,64,5
2090,64,6
2091,64,7
2092,64,8
2093,64,9
2094,64,10
2095,64,11
2096,64,12
2097,64,13
2098,64,14
2099,64,15
2100,64,16
2101,64,17
2102,64,18
2103,64,19
2104,64,20
2105,64,21
2106,64,22
2107,64,23
2108,64,24
2109,64,25
2110,64,26
2111,64,27
2112,64,28
2113,64,29
2114,64,30
2115,64,31
2116,64,32
2117,64,33
2118,64,34
2119,64,35
2120,64,36
2121,64,37
2122,64,38
2123,64,39
2124,64,40
2125,64,41
2126,64,42
2127,64,43
2128,65,1
2129,65,2
2130,65,3
2131,65,4
2132,65,5
2133,65,6
2134,65,7
2135,65,8
2136,65,9
2137,65,10
2138,65,11
2139,65,12
2140,65,13
2141,65,14
2142,65,15
2143,65,16
2144,65,17
2145,65,18
2146,65,19
2147,65,20
2148,65,21
2149,65,22
2150,65,23
2151,65,24
2152,65,25
2153,65,26
2154,65,27
2155,65,28
2156,65,29
2157,65,30
2158,65,31
2159,65,32
2160,65,33
2161,65,34
2162,65,35
2163,65,36
2164,65,37
2165,65,38
2166,65,39
2167,65,40
2168,65,41
2169,65,42
2170,65,43
2171,65,44
2172,65,45
2173,65,46
2174,65,47
2175,65,48
2176,65,49
2177,65,50
2178,65,51
2179,65,52
2180,65,53
2181,65,54
2182,65,55
2183,65,56
2184,65,57
2185,65,58
2186,65,59
2187,65,60
2188,65,61
2189,65,62
2190,65,63
2191,65,64
2192,65,65
2193,65,66
2194,66,1
2195,66,2
2196,66,3
2197,66,4
2198,66,5
2199,66,6
2200,66,7
2201,66,8
2202,66,9
2203,66,10
2204,66,11
2205,66,12
2206,66,13
2207,66,14
2208,66,15
2209,66,16
2210,66,17
2211,66,18
2212,66,19
2213,66,20
2214,66,21
2215,66,22
2216,66,23
2217,66,24
2218,66,25
2219,66,26
2220,66,27
2221,66,28
2222,66,29
2223,66,30
2224,66,31
2225,66,32
2226,66,33
2227,66,34
2228,66,35
2229,66,36
2230,67,1
2231,67,2
2232,67,3
2233,67,4
2234,67,5
2235,67,6
2236,67,7
2237,67,8
2238,67,9
2239,67,10
2240,67,11
2241,67,12
2242,67,13
2243,67,14
2244,67,15
2245,67,16
2246,68,1
2247,68,2
2248,68,3
2249,68,4
2250,68,5
2251,68,6
2252,68,7
2253,68,8
2254,68,9
2255,68,10
2256,68,11
2257,68,12
2258,68,13
2259,68,14
2260,68,15
2261,68,16
2262,68,17
2263,68,18
2264,68,19
2265,68,20
2266,68,21
2267,68,22
2268,68,23
2269,68,24
2270,68,25
2271,68,26
2272,68,27
2273,68,28
2274,68,29
2275,68,30
2276,68,31
2277,68,32
2278,68,33
2279,68,34
2280,68,35
2281,68,36
2282,68,37
2283,68,38
2284,68,39
2285,68,40
2286,68,41
2287,68,42
2288,68,43
2289,68,44
2290,68,45
2291,68,46
2292,68,47
2293,68,48
2294,68,49
2295,68,50
2296,68,51
2297,68,52
2298,68,53
2299,68,54
2300,68,55
2301,68,56
2302,69,1
2303,69,2
2304,69,3
2305,69,4
2306,69,5
2307,69,6
2308,69,7
2309,69,8
2310,69,9
2311,69,10
2312,69,11
2313,69,12
2314,69,13
2315,69,14
2316,69,15
2317,69,16
2318,69,17
2319,69,18
2320,69,19
2321,69,20
2322,69,21
2323,69,22
2324,70,1
2325,70,2
2326,70,3
2327,70,4
2328,70,5
2329,70,6
2330,70,7
2331,70,8
2332,70,9
2333,70,10
2334,70,11
2335,70,12
2336,70,13
2337,70,14
2338,70,15
2339,70,16
2340,70,17
2341,70,18
2342,70,19
2343,70,20
2344,70,21
2345,70,22
2346,70,23
2347,70,24
2348,70,25
2349,70,26
2350,70,27
2351,70,28
2352,70,29
2353,71,1
2354,71,2
2355,71,3
2356,71,4
2357,71,5
2358,71,6
2359,71,7
2360,71,8
2361,71,9
2362,71,10
2363,71,11
2364,71,12
2365,71,13
2366,71,14
2367,71,15
2368,71,16
2369,71,17
2370,71,18
2371,72,1
2372,72,2
2373,72,3
2374,72,4
2375,72,5
2376,72,6
2377,72,7
2378,72,8
2379,72,9
2380,72,10
2381,72,11
2382,72,12
2383,72,13
2384,72,14
2385,72,15
2386,72,16
2387,72,17
2388,72,18
2389,72,19
2390,72,20
2391,72,21
2392,72,22
2393,72,23
2394,72,24
2395,72,25
2396,72,26
2397,72,27
2398,72,28
2399,72,29
2400,72,30
2401,73,1
2402,73,2
2403,73,3
2404,73,4
2405,73,5
2406,73,6
2407,73,7
2408,73,8
2409,73,9
2410,73,10
2411,73,11
2412,73,12
2413,73,13
2414,73,14
2415,73,15
2416,73,16
2417,73,17
2418,73,18
2419,73,19
2420,73,20
2421,73,21
2422,73,22
2423,73,23
2424,73,24
2425,73,25
2426,73,26
2427,73,27
2428,73,28
2429,73,29
2430,74,1
2431,74,2
2432,74,3
2433,74,4
2434,74,5
2435,74,6
2436,74,7
2437,74,8
2438,74,9
2439,74,10
2440,74,11
2441,74,12
2442,74,13
2443,74,14
2444,74,15
2445,74,16
2446,74,17
2447,74,18
2448,74,19
2449,74,20
2450,74,21
2451,74,22
2452,74,23
2453,74,24
2454,74,25
2455,74,26
2456,74,27
2457,74,28
2458,74,29
2459,74,30
2460,74,31
2461,74,32
2462,74,33
2463,74,34
2464,74,35
2465,74,36
2466,74,37
2467,74,38
2468,74,39
2469,74,40
2470,74,41
2471,74,42
2472,74,43
2473,74,44
2474,74,45
2475,74,46
2476,74,47
2477,74,48
2478,74,49
2479,74,50
2480,74,51
2481,74,52
2482,74,53
2483,74,54
2484,74,55
2485,74,56
2486,74,57
2487,74,58
2488,74,59
2489,74,60
2490,74,61
2491,74,62
2492,74,63
2493,74,64
2494,74,65
2495,74,66
2496,74,67
2497,74,68
2498,74,69
2499,74,70
2500,74,71
2501,74,72
2502,74,73
2503,74,74
2504,74,75
2505,74,76
2506,74,77
2507,74,78
2508,74,79
2509,74,80
2510,74,81
2511,74,82
2512,74,83
2513,74,84
2514,74,85
2515,74,86
2516,74,87
2517,74,88
2518,74,89
2519,74,90
2520,74,91
2521,74,92
2522,74,93
2523,74,94
2524,74,95
2525,74,96
2526,74,97
2527,74,98
2528,74,99
2529,74,100
2530,74,101
2531,74,102
2532,74,103
2533,74,104
2534,74,105
2535,74,106
2536,74,107
2537,74,108
2538,74,109
2539,74,110
2540,74,111
2541,74,112
2542,74,113
2543,74,114
2544,74,115
2545,74,116
2546,74,117
2547,74,118
2548,74,119
2549,74,120
2550,74,121
2551,74,122
2552,74,123
2553,75,1
2554,75,2
2555,75,3
2556,75,4
2557,75,5
2558,75,6
2559,75,7
2560,75,8
2561,75,9
2562,75,10
2563,75,11
2564,75,12
2565,75,13
2566,75,14
2567,75,15
2568,75,16
2569,75,17
2570,75,18
2571,75,19
2572,75,20
2573,75,21
2574,75,22
2575,75,23
2576,75,24
2577,75,25
2578,75,26
2579,75,27
2580,75,28
2581,75,29
2582,75,30
2583,75,31
2584,75,32
2585,75,33
2586,75,34
2587,75,35
2588,75,36
2589,75,37
2590,75,38
2591,75,39
2592,75,40
2593,75,41
2594,75,42
2595,75,43
2596,75,44
2597,75,45
2598,75,46
2599,75,47
2600,75,48
2601,75,49
2602,75,50
2603,75,51
2604,75,52
2605,75,53
2606,75,54
2607,75,55
2608,75,56
2609,75,57
2610,75,58
2611,75,59
2612,75,60
2613,75,61
2614,75,62
2615,75,63
2616,75,64
2617,75,65
2618,75,66
2619,75,67
2620,75,68
2621,75,69
2622,75,70
2623,75,71
2624,75,72
2625,75,73
2626,75,74
2627,75,75
2628,75,76
2629,75,77
2630,76,1
2631,76,2
2632,76,3
2633,76,4
2634,76,5
2635,76,6
2636,76,7
2637,76,8
2638,76,9
2639,76,10
2640,76,11
2641,76,12
2642,76,13
2643,76,14
2644,76,15
2645,76,16
2646,76,17
2647,76,18
2648,76,19
2649,76,20
2650,76,21
2651,76,22
2652,76,23
2653,76,24
2654,76,25
2655,76,26
2656,76,27
2657,76,28
2658,76,29
2659,76,30
2660,76,31
2661,76,32
2662,76,33
2663,76,34
2664,76,35
2665,76,36
2666,76,37
2667,76,38
2668,76,39
2669,76,40
2670,76,41
2671,76,42
2672,76,43
2673,76,44
2674,76,45
2675,76,46
2676,76,47
2677,76,48
2678,76,49
2679,76,50
2680,76,51
2681,76,52
2682,76,53
2683,76,54
2684,76,55
2685,76,56
2686,76,57
2687,76,58
2688,76,59
2689,76,60
2690,76,61
2691,76,62
2692,76,63
2693,76,64
2694,76,65
2695,76,66
2696,76,67
2697,76,68
2698,76,69
2699,76,70
2700,76,71
2701,76,72
2702,76,73
2703,76,74
2704,76,75
2705,76,76
2706,76,77
2707,76,78
2708,76,79
2709,76,80
2710,76,81
2711,76,82
2712,76,83
2713,76,84
2714,76,85
2715,76,86
2716,76,87
2717,76,88
2718,76,89
2719,76,90
2720,76,91
2721,76,92
2722,76,93
2723,76,94
2724,76,95
2725,76,96
2726,76,97
2727,76,98
2728,76,99
2729,76,100
2730,76,101
2731,76,102
2732,76,103
2733,76,104
2734,76,105
2735,76,106
2736,76,107
2737,76,108
2738,76,109
2739,76,110
2740,76,111
2741,76,112
2742,76,113
2743,76,114
2744,76,115
2745,76,116
2746,76,117
2747,76,118
2748,76,119
2749,76,120
2750,76,121
2751,76,122
2752,76,123
2753,76,124
2754,76,125
2755,76,126
2756,76,127
2757,76,128
2758,76,129
2759,76,130
2760,76,131
2761,76,132
2762,76,133
2763,76,134
2764,76,135
2765,76,136
2766,76,137
2767,76,138
2768,76,139
2769,76,140
2770,76,141
2771,76,142
2772,76,143
2773,76,144
2774,76,145
2775,76,146
2776,76,147
2777,76,148
2778,76,149
2779,76,150
2780,76,151
2781,76,152
2782,76,153
2783,76,154
2784,76,155
2785,76,156
2786,76,157
2787,76,158
2788,77,1
2789,77,2
2790,77,3
2791,77,4
2792,77,5
2793,77,6
2794,77,7
2795,77,8
2796,77,9
2797,77,10
2798,77,11
2799,77,12
2800,77,13
2801,77,14
2802,77,15
2803,77,16
2804,77,17
2805,77,18
2806,78,1
2807,78,2
2808,78,3
2809,78,4
2810,78,5
2811,78,6
2812,78,7
2813,78,8
2814,78,9
2815,78,10
2816,78,11
2817,78,12
2818,78,13
2819,78,14
2820,78,15
2821,78,16
2822,78,17
2823,78,18
2824,78,19
2825,78,20
2826,78,21
2827,78,22
2828,78,23
2829,78,24
2830,78,25
2831,78,26
2832,78,27
2833,78,28
2834,78,29
2835,78,30
2836,78,31
2837,78,32
2838,78,33
2839,78,34
2840,78,35
2841,78,36
2842,78,37
2843,78,38
2844,78,39
2845,78,40
2846,78,41
2847,78,42
2848,78,43
2849,78,44
2850,78,45
2851,78,46
2852,78,47
2853,78,48
2854,78,49
2855,78,50
2856,78,51
2857,78,52
2858,78,53
2859,78,54
2860,78,55
2861,78,56
2862,78,57
2863,78,58
2864,78,59
2865,78,60
2866,78,61
2867,78,62
2868,79,1
2869,79,2
2870,79,3
2871,79,4
2872,79,5
2873,79,6
2874,79,7
2875,79,8
2876,79,9
2877,79,10
2878,79,11
2879,80,1
2880,80,2
2881,80,3
2882,80,4
2883,80,5
2884,80,6
2885,80,7
2886,80,8
2887,80,9
2888,80,10
2889,80,11
2890,80,12
2891,80,13
2892,80,14
2893,80,15
2894,80,16
2895,80,17
2896,80,18
2897,80,19
2898,80,20
2899,80,21
2900,80,22
2901,80,23
2902,80,24
2903,80,25
2904,80,26
2905,80,27
2906,80,28
2907,80,29
2908,80,30
2909,80,31
2910,80,32
2911,80,33
2912,80,34
2913,81,1
2914,81,2
2915,81,3
2916,81,4
2917,81,5
2918,81,6
2919,81,7
2920,81,8
2921,81,9
2922,81,10
2923,81,11
2924,81,12
2925,81,13
2926,81,14
2927,81,15
2928,81,16
2929,81,17
2930,81,18
2931,81,19
2932,81,20
2933,81,21
2934,81,22
2935,81,23
2936,81,24
2937,81,25
2938,81,26
2939,81,27
2940,81,28
2941,81,29
2942,81,30
2943,81,31
2944,81,32
2945,81,33
2946,81,34
2947,81,35
2948,81,36
2949,81,37
2950,81,38
2951,81,39
2952,81,40
2953,81,41
2954,81,42
2955,81,43
2956,81,44
2957,81,45
2958,81,46
2959,81,47
2960,81,48
2961,81,49
2962,81,50
2963,81,51
2964,81,52
2965,81,53
2966,81,54
2967,81,55
2968,82,1
2969,82,2
2970,82,3
2971,82,4
2972,82,5
2973,82,6
2974,82,7
2975,82,8
2976,82,9
2977,82,10
2978,82,11
2979,82,12
2980,82,13
2981,82,14
2982,82,15
2983,82,16
2984,82,17
2985,82,18
2986,82,19
2987,82,20
2988,82,21
2989,82,22
2990,82,23
2991,82,24
2992,82,25
2993,82,26
2994,83,1
2995,83,2
2996,83,3
2997,83,4
2998,83,5
2999,83,6
3000,83,7
3001,83,8
3002,83,9
3003,83,10
3004,83,11
3005,83,12
3006,83,13
3007,83,14
3008,83,15
3009,83,16
3010,83,17
3011,83,18
3012,83,19
3013,83,20
3014,83,21
3015,83,22
3016,83,23
3017,83,24
3018,83,25
3019,83,26
3020,83,27
3021,83,28
3022,83,29
3023,83,30
3024,83,31
3025,83,32
3026,83,33
3027,83,34
3028,83,35
3029,83,36
3030,84,1
3031,84,2
3032,84,3
3033,84,4
3034,84,5
3035,84,6
3036,84,7
3037,84,8
3038,84,9
3039,84,10
3040,84,11
3041,84,12
3042,84,13
3043,84,14
3044,84,15
3045,84,16
3046,84,17
3047,84,18
3048,84,19
3049,85,1
3050,85,2
3051,85,3
3052,85,4
3053,85,5
3054,85,6
3055,85,7
3056,85,8
3057,85,9
3058,85,10
3059,85,11
3060,85,12
3061,85,13
3062,85,14
3063,85,15
3064,85,16
3065,85,17
3066,85,18
3067,85,19
3068,85,20
3069,85,21
3070,85,22
3071,85,23
3072,85,24
3073,85,25
3074,85,26
3075,85,27
3076,85,28
3077,85,29
3078,85,30
3079,85,31
3080,85,32
3081,85,33
3082,86,1
3083,86,2
3084,86,3
3085,86,4
3086,86,5
3087,86,6
3088,86,7
3089,86,8
3090,86,9
3091,86,10
3092,86,11
3093,86,12
3094,86,13
3095,86,14
3096,86,15
3097,86,16
3098,86,17
3099,86,18
3100,86,19
3101,86,20
3102,87,1
3103,87,2
3104,87,3
3105,87,4
3106,87,5
3107,87,6
3108,87,7
3109,87,8
3110,87,9
3111,87,10
3112,87,11
3113,87,12
3114,87,13
3115,87,14
3116,87,15
3117,87,16
3118,87,17
3119,87,18
3120,87,19
3121,87,20
3122,87,21
3123,87,22
3124,87,23
3125,87,24
3126,87,25
3127,87,26
3128,87,27
3129,87,28
3130,87,29
3131,87,30
3132,87,31
3133,87,32
3134,87,33
3135,87,34
3136,87,35
3137,87,36
3138,87,37
3139,87,38
3140,87,39
3141,87,40
3142,87,41
3143,87,42
3144,87,43
3145,87,44
3146,87,45
3147,87,46
3148,87,47
3149,87,48
3150,87,49
3151,87,50
3152,88,1
3153,88,2
3154,88,3
3155,88,4
3156,88,5
3157,88,6
3158,88,7
3159,88,8
3160,88,9
3161,88,10
3162,88,11
3163,88,12
3164,88,13
3165,88,14
3166,88,15
3167,88,16
3168,88,17
3169,88,18
3170,88,19
3171,88,20
3172,88,21
3173,88,22
3174,88,23
3175,88,24
3176,88,25
3177,88,26
3178,88,27
3179,88,28
3180,88,29
3181,88,30
3182,88,31
3183,88,32
3184,88,33
3185,88,34
3186,88,35
3187,88,36
3188,88,37
3189,88,38
3190,88,39
3191,88,40
3192,88,41
3193,88,42
3194,88,43
3195,88,44
3196,88,45
3197,88,46
3198,88,47
3199,89,1
3200,89,2
3201,89,3
3202,89,4
3203,89,5
3204,89,6
3205,89,7
3206,89,8
3207,89,9
3208,89,10
3209,89,11
3210,89,12
3211,89,13
3212,89,14
3213,89,15
3214,89,16
3215,89,17
3216,89,18
3217,89,19
3218,89,20
3219,89,21
3220,89,22
3221,89,23
3222,89,24
3223,89,25
3224,89,26
3225,89,27
3226,89,28
3227,89,29
3228,89,30
3229,89,31
3230,89,32
3231,89,33
3232,89,34
3233,89,35
3234,89,36
3235,89,37
3236,89,38
3237,89,39
3238,89,40
3239,89,41
3240,89,42
3241,89,43
3242,89,44
3243,89,45
3244,89,46
3245,89,47
3246,89,48
3247,89,49
3248,89,50
3249,89,51
3250,89,52
3251,89,53
3252,89,54
3253,89,55
3254,89,56
3255,90,1
3256,90,2
3257,90,3
3258,90,4
3259,90,5
3260,90,6
3261,90,7
3262,90,8
3263,90,9
3264,90,10
3265,90,11
3266,90,12
3267,90,13
3268,90,14
3269,90,15
3270,90,16
3271,90,17
3272,90,18
3273,90,19
3274,90,20
3275,90,21
3276,90,22
3277,90,23
3278,90,24
3279,90,25
3280,90,26
3281,90,27
3282,90,28
3283,90,29
3284,90,30
3285,90,31
3286,90,32
3287,90,33
3288,90,34
3289,90,35
3290,90,36
3291,90,37
3292,90,38
3293,90,39
3294,90,40
3295,90,41
3296,90,42
3297,90,43
3298,90,44
3299,90,45
3300,90,46
3301,90,47
3302,90,48
3303,90,49
3304,90,50
3305,90,51
3306,90,52
3307,90,53
3308,90,54
3309,90,55
3310,90,56
3311,90,57
3312,90,58
3313,90,59
3314,90,60
3315,90,61
3316,90,62
3317,90,63
3318,90,64
3319,90,65
3320,90,66
3321,90,67
3322,90,68
3323,90,69
3324,90,70
3325,90,71
3326,90,72
3327,90,73
3328,90,74
3329,90,75
3330,90,76
3331,90,77
3332,90,78
3333,90,79
3334,90,80
3335,90,81
3336,90,82
3337,90,83
3338,90,84
3339,90,85
3340,90,86
3341,90,87
3342,90,88
3343,90,89
3344,90,90
3345,90,91
3346,90,92
3347,90,93
3348,90,94
3349,90,95
3350,90,96
3351,90,97
3352,90,98
3353,90,99
3354,90,100
3355,90,101
3356,90,102
3357,90,103
3358,90,104
3359,90,105
3360,90,106
3361,90,107
3362,90,108
3363,90,109
3364,91,1
3365,91,2
3366,91,3
3367,91,4
3368,91,5
3369,91,6
3370,91,7
3371,91,8
3372,91,9
3373,91,10
3374,91,11
3375,91,12
3376,91,13
3377,91,14
3378,91,15
3379,91,16
3380,91,17
3381,91,18
3382,91,19
3383,91,20
3384,91,21
3385,91,22
3386,91,23
3387,91,24
3388,91,25
3389,91,26
3390,91,27
3391,91,28
3392,91,29
3393,91,30
3394,91,31
3395,91,32
3396,91,33
3397,91,34
3398,91,35
3399,91,36
3400,91,37
3401,91,38
3402,91,39
3403,91,40
3404,91,41
3405,91,42
3406,91,43
3407,91,44
3408,91,45
3409,91,46
3410,91,47
3411,91,48
3412,91,49
3413,91,50
3414,91,51
3415,91,52
3416,91,53
3417,91,54
3418,91,55
3419,91,56
3420,91,57
3421,91,58
3422,91,59
3423,91,60
3424,91,61
3425,91,62
3426,91,63
3427,91,64
3428,91,65
3429,91,66
3430,91,67
3431,91,68
3432,91,69
3433,91,70
3434,91,71
3435,91,72
3436,91,73
3437,91,74
3438,91,75
3439,91,76
3440,91,77
3441,91,78
3442,91,79
3443,91,80
3444,91,81
3445,91,82
3446,91,83
3447,91,84
3448,91,85
3449,91,86
3450,91,87
3451,91,88
3452,91,89
3453,91,90
3454,91,91
3455,91,92
3456,91,93
3457,91,94
3458,91,95
3459,91,96
3460,91,97
3461,91,98
3462,91,99
3463,91,100
3464,91,101
3465,91,102
3466,91,103
3467,91,104
3468,91,105
3469,91,106
3470,91,107
3471,91,108
3472,91,109
3473,91,110
3474,91,111
3475,91,112
3476,91,113
3477,91,114
3478,91,115
3479,91,116
3480,91,117
3481,91,118
3482,91,119
3483,91,120
3484,91,121
3485,91,122
3486,91,123
3487,91,124
3488,91,125
3489,91,126
3490,91,127
3491,91,128
3492,91,129
3493,91,130
3494,91,131
3495,91,132
3496,91,133
3497,91,134
3498,91,135
3499,91,136
3500,91,137
3501,91,138
3502,91,139
3503,91,140
3504,91,141
3505,91,142
3506,91,143
3507,91,144
3508,91,145
3509,91,146
3510,91,147
3511,91,148
3512,91,149
3513,91,150
3514,91,151
3515,91,152
3516,91,153
3517,91,154
3518,91,155
3519,91,156
3520,91,157
3521,91,158
3522,91,159
3523,91,160
3524,91,161
3525,92,1
3526,92,2
3527,92,3
3528,92,4
3529,92,5
3530,92,6
3531,92,7
3532,92,8
3533,92,9
3534,92,10
3535,92,11
3536,92,12
3537,92,13
3538,92,14
3539,92,15
3540,92,16
3541,92,17
3542,92,18
3543,92,19
3544,92,20
3545,92,21
3546,92,22
3547,92,23
3548,92,24
3549,92,25
3550,92,26
3551,92,27
3552,92,28
3553,92,29
3554,92,30
3555,92,31
3556,92,32
3557,92,33
3558,92,34
3559,92,35
3560,92,36
3561,92,37
3562,92,38
3563,92,39
3564,92,40
3565,92,41
3566,92,42
3567,92,43
3568,92,44
3569,92,45
3570,92,46
3571,92,47
3572,92,48
3573,92,49
3574,92,50
3575,92,51
3576,92,52
3577,92,53
3578,92,54
3579,92,55
3580,92,56
3581,92,57
3582,92,58
3583,92,59
3584,92,60
3585,92,61
3586,92,62
3587,92,63
3588,92,64
3589,92,65
3590,92,66
3591,92,67
3592,92,68
3593,92,69
3594,92,70
3595,92,71
3596,92,72
3597,92,73
3598,92,74
3599,92,75
3600,92,76
3601,92,77
3602,92,78
3603,92,79
3604,92,80
3605,92,81
3606,92,82
3607,92,83
3608,92,84
3609,92,85
3610,92,86
3611,92,87
3612,92,88
3613,92,89
3614,92,90
3615,92,91
3616,92,92
3617,92,93
3618,92,94
3619,92,95
3620,92,96
3621,92,97
3622,92,98
3623,92,99
3624,92,100
3625,92,101
3626,92,102
3627,92,103
3628,92,104
3629,92,105
3630,92,106
3631,92,107
3632,92,108
3633,92,109
3634,92,110
3635,92,111
3636,92,112
3637,92,113
3638,92,114
3639,92,115
3640,92,116
3641,92,117
3642,92,118
3643,92,119
3644,92,120
3645,92,121
3646,92,122
3647,92,123
3648,92,124
3649,92,125
3650,92,126
3651,92,127
3652,93,1
3653,93,2
3654,93,3
3655,93,4
3656,93,5
3657,93,6
3658,93,7
3659,93,8
3660,93,9
3661,93,10
3662,94,1
3663,94,2
3664,94,3
3665,94,4
3666,94,5
3667,94,6
3668,94,7
3669,94,8
3670,94,9
3671,94,10
3672,94,11
3673,94,12
3674,94,13
3675,94,14
3676,94,15
3677,94,16
3678,94,17
3679,94,18
3680,94,19
3681,94,20
3682,94,21
3683,94,22
3684,94,23
3685,94,24
3686,94,25
3687,94,26
3688,94,27
3689,94,28
3690,94,29
3691,94,30
3692,94,31
3693,94,32
3694,94,33
3695,94,34
3696,94,35
3697,94,36
3698,95,1
3699,95,2
3700,95,3
3701,95,4
3702,95,5
3703,95,6
3704,95,7
3705,95,8
3706,95,9
3707,95,10
3708,95,11
3709,95,12
3710,95,13
3711,95,14
3712,95,15
3713,95,16
3714,95,17
3715,95,18
3716,95,19
3717,95,20
3718,95,21
3719,95,22
3720,95,23
3721,95,24
3722,95,25
3723,95,26
3724,95,27
3725,95,28
3726,95,29
3727,95,30
3728,95,31
3729,95,32
3730,95,33
3731,95,34
3732,95,35
3733,95,36
3734,95,37
3735,95,38
3736,95,39
3737,95,40
3738,95,41
3739,95,42
3740,95,43
3741,95,44
3742,95,45
3743,95,46
3744,95,47
3745,95,48
3746,95,49
3747,95,50
3748,95,51
3749,95,52
3750,95,53
3751,95,54
3752,95,55
3753,95,56
3754,95,57
3755,95,58
3756,95,59
3757,95,60
3758,95,61
3759,95,62
3760,95,63
3761,96,1
3762,96,2
3763,96,3
3764,96,4
3765,96,5
3766,96,6
3767,96,7
3768,96,8
3769,96,9
3770,96,10
3771,96,11
3772,96,12
3773,96,13
3774,96,14
3775,96,15
3776,96,16
3777,96,17
3778,96,18
3779,96,19
3780,96,20
3781,96,21
3782,96,22
3783,96,23
3784,96,24
3785,96,25
3786,96,26
3787,96,27
3788,96,28
3789,96,29
3790,96,30
3791,96,31
3792,96,32
3793,96,33
3794,96,34
3795,96,35
3796,96,36
3797,96,37
3798,96,38
3799,96,39
3800,96,40
3801,96,41
3802,96,42
3803,96,43
3804,96,44
3805,96,45
3806,96,46
3807,96,47
3808,96,48
3809,96,49
3810,96,50
3811,96,51
3812,96,52
3813,96,53
3814,96,54
3815,96,55
3816,96,56
3817,96,57
3818,96,58
3819,96,59
3820,96,60
3821,96,61
3822,96,62
3823,96,63
3824,96,64
3825,96,65
3826,96,66
3827,96,67
3828,96,68
3829,96,69
3830,96,70
3831,96,71
3832,96,72
3833,96,73
3834,96,74
3835,96,75
3836,96,76
3837,96,77
3838,96,78
3839,96,79
3840,96,80
3841,96,81
3842,96,82
3843,96,83
3844,96,84
3845,96,85
3846,96,86
3847,96,87
3848,96,88
3849,96,89
3850,96,90
3851,96,91
3852,96,92
3853,96,93
3854,96,94
3855,96,95
3856,96,96
3857,96,97
3858,96,98
3859,96,99
3860,96,100
3861,96,101
3862,96,102
3863,96,103
3864,96,104
3865,96,105
3866,96,106
3867,96,107
3868,96,108
3869,97,1
3870,97,2
3871,97,3
3872,97,4
3873,97,5
3874,97,6
3875,97,7
3876,97,8
3877,97,9
3878,97,10
3879,97,11
3880,97,12
3881,97,13
3882,97,14
3883,97,15
3884,97,16
3885,97,17
3886,97,18
3887,98,1
3888,98,2
3889,98,3
3890,98,4
3891,98,5
3892,98,6
3893,98,7
3894,98,8
3895,98,9
3896,98,10
3897,98,11
3898,98,12
3899,99,1
3900,99,2
3901,99,3
3902,99,4
3903,99,5
3904,99,6
3905,99,7
3906,99,8
3907,99,9
3908,99,10
3909,99,11
3910,99,12
3911,99,13
3912,99,14
3913,99,15
3914,99,16
3915,99,17
3916,99,18
3917,99,19
3918,99,20
3919,99,21
3920,99,22
3921,99,23
3922,99,24
3923,99,25
3924,99,26
3925,99,27
3926,99,28
3927,99,29
3928,99,30
3929,99,31
3930,99,32
3931,99,33
3932,99,34
3933,99,35
3934,99,36
3935,99,37
3936,99,38
3937,99,39
3938,99,40
3939,99,41
3940,99,42
3941,99,43
3942,99,44
3943,99,45
3944,99,46
3945,99,47
3946,99,48
3947,99,49
3948,99,50
3949,99,51
3950,99,52
3951,99,53
3952,99,54
3953,99,55
3954,99,56
3955,99,57
3956,99,58
3957,99,59
3958,99,60
3959,99,61
3960,99,62
3961,99,63
3962,99,64
3963,99,65
3964,99,66
3965,99,67
3966,99,68
3967,99,69
3968,99,70
3969,99,71
3970,99,72
3971,99,73
3972,99,74
3973,99,75
3974,99,76
3975,99,77
3976,99,78
3977,99,79
3978,99,80
3979,99,81
3980,99,82
3981,99,83
3982,99,84
3983,99,85
3984,99,86
3985,99,87
3986,99,88
3987,99,89
3988,99,90
3989,99,91
3990,99,92
3991,99,93
3992,99,94
3993,99,95
3994,99,96
3995,99,97
3996,99,98
3997,99,99
3998,99,100
3999,99,101
4000,99,102
4001,99,103
4002,99,104
4003,99,105
4004,99,106
4005,99,107
4006,99,108
4007,99,109
4008,99,110
4009,99,111
4010,99,112
4011,99,113
4012,99,114
4013,99,115
4014,99,116
4015,99,117
4016,99,118
4017,99,119
4018,99,120
4019,99,121
4020,99,122
4021,99,123
4022,99,124
4023,99,125
4024,99,126
4025,100,1
4026,100,2
4027,100,3
4028,100,4
4029,100,5
4030,100,6
4031,100,7
4032,100,8
4033,100,9
4034,100,10
4035,100,11
4036,100,12
4037,100,13
4038,100,14
4039,100,15
4040,100,16
4041,100,17
4042,100,18
4043,100,19
4044,100,20
4045,100,21
4046,100,22
4047,100,23
4048,100,24
4049,100,25
4050,100,26
4051,100,27
4052,100,28
4053,100,29
4054,100,30
4055,100,31
4056,100,32
4057,100,33
4058,100,34
4059,100,35
4060,100,36
4061,100,37
4062,100,38
4063,100,39
4064,100,40
4065,101,1
4066,101,2
4067,101,3
4068,101,4
4069,101,5
4070,101,6
4071,101,7
4072,101,8
4073,101,9
4074,101,10
4075,101,11
4076,101,12
4077,101,13
4078,101,14
4079,101,15
4080,101,16
4081,101,17
4082,101,18
4083,101,19
4084,101,20
4085,101,21
4086,101,22
4087,101,23
4088,101,24
4089,101,25
4090,101,26
4091,101,27
4092,101,28
4093,101,29
4094,101,30
4095,101,31
4096,101,32
4097,101,33
4098,101,34
4099,101,35
4100,101,36
4101,101,37
4102,101,38
4103,102,1
4104,102,2
4105,102,3
4106,102,4
4107,102,5
4108,102,6
4109,102,7
4110,102,8
4111,102,9
4112,102,10
4113,102,11
4114,102,12
4115,102,13
4116,102,14
4117,102,15
4118,102,16
4119,102,17
4120,102,18
4121,102,19
4122,102,20
4123,102,21
4124,102,22
4125,102,23
4126,102,24
4127,102,25
4128,102,26
4129,102,27
4130,102,28
4131,102,29
4132,102,30
4133,102,31
4134,102,32
4135,102,33
4136,102,34
4137,102,35
4138,102,36
4139,103,1
4140,103,2
4141,103,3
4142,103,4
4143,103,5
4144,103,6
4145,103,7
4146,103,8
4147,103,9
4148,103,10
4149,103,11
4150,103,12
4151,103,13
4152,103,14
4153,103,15
4154,103,16
4155,103,17
4156,103,18
4157,103,19
4158,103,20
4159,103,21
4160,103,22
4161,103,23
4162,103,24
4163,103,25
4164,103,26
4165,103,27
4166,103,28
4167,103,29
4168,103,30
4169,103,31
4170,103,32
4171,103,33
4172,103,34
4173,103,35
4174,103,36
4175,103,37
4176,103,38
4177,103,39
4178,103,40
4179,103,41
4180,103,42
4181,103,43
4182,103,44
4183,103,45
4184,103,46
4185,103,47
4186,103,48
4187,103,49
4188,103,50
4189,103,51
4190,103,52
4191,103,53
4192,103,54
4193,103,55
4194,103,56
4195,103,57
4196,103,58
4197,103,59
4198,103,60
4199,103,61
4200,103,62
4201,103,63
4202,103,64
4203,103,65
4204,103,66
4205,103,67
4206,103,68
4207,103,69
4208,103,70
4209,103,71
4210,103,72
4211,103,73
4212,103,74
4213,103,75
4214,103,76
4215,103,77
4216,103,78
4217,103,79
4218,103,80
4219,103,81
4220,103,82
4221,103,83
4222,103,84
4223,103,85
4224,103,86
4225,103,87
4226,103,88
4227,103,89
4228,103,90
4229,103,91
4230,103,92
4231,103,93
4232,103,94
4233,103,95
4234,103,96
4235,103,97
4236,103,98
4237,103,99
4238,103,100
4239,103,101
4240,103,102
4241,103,103
4242,103,104
4243,103,105
4244,103,106
4245,103,107
4246,103,108
4247,103,109
4248,103,110
4249,103,111
4250,103,112
4251,103,113
4252,103,114
4253,103,115
4254,103,116
4255,103,117
4256,103,118
4257,103,119
4258,103,120
4259,103,121
4260,104,1
4261,104,2
4262,104,3
4263,104,4
4264,104,5
4265,104,6
4266,104,7
4267,104,8
4268,104,9
4269,104,10
4270,104,11
4271,104,12
4272,104,13
4273,105,1
4274,105,2
4275,105,3
4276,105,4
4277,105,5
4278,105,6
4279,105,7
4280,105,8
4281,105,9
4282,105,10
4283,105,11
4284,105,12
4285,105,13
4286,105,14
4287,105,15
4288,105,16
4289,105,17
4290,105,18
4291,105,19
4292,105,20
4293,105,21
4294,105,22
4295,105,23
4296,105,24
4297,105,25
4298,105,26
4299,105,27
4300,105,28
4301,105,29
4302,105,30
4303,105,31
4304,105,32
4305,105,33
4306,105,34
4307,105,35
4308,105,36
4309,105,37
4310,105,38
4311,105,39
4312,105,40
4313,105,41
4314,105,42
4315,105,43
4316,105,44
4317,105,45
4318,105,46
4319,105,47
4320,105,48
4321,105,49
4322,105,50
4323,105,51
4324,105,52
4325,105,53
4326,105,54
4327,105,55
4328,105,56
4329,105,57
4330,105,58
4331,105,59
4332,105,60
4333,105,61
4334,105,62
4335,105,63
4336,105,64
4337,105,65
4338,105,66
4339,105,67
4340,105,68
4341,105,69
4342,105,70
4343,105,71
4344,105,72
4345,105,73
4346,105,74
4347,105,75
4348,105,76
4349,105,77
4350,105,78
4351,105,79
4352,105,80
4353,105,81
4354,105,82
4355,105,83
4356,105,84
4357,105,85
4358,105,86
4359,105,87
4360,105,88
4361,105,89
4362,105,90
4363,105,91
4364,105,92
4365,105,93
4366,105,94
4367,105,95
4368,105,96
4369,105,97
4370,105,98
4371,105,99
4372,106,1
4373,106,2
4374,106,3
4375,106,4
4376,106,5
4377,106,6
4378,106,7
4379,106,8
4380,106,9
4381,106,10
4382,106,11
4383,106,12
4384,106,13
4385,106,14
4386,107,1
4387,107,2
4388,107,3
4389,107,4
4390,107,5
4391,107,6
4392,107,7
4393,107,8
4394,107,9
4395,107,10
4396,107,11
4397,107,12
4398,107,13
4399,107,14
4400,107,15
4401,107,16
4402,107,17
4403,107,18
4404,107,19
4405,107,20
4406,107,21
4407,107,22
4408,107,23
4409,107,24
4410,107,25
4411,107,26
4412,107,27
4413,107,28
4414,107,29
4415,107,30
4416,107,31
4417,107,32
4418,107,33
4419,107,34
4420,107,35
4421,107,36
4422,107,37
4423,107,38
4424,107,39
4425,107,40
4426,107,41
4427,107,42
4428,107,43
4429,107,44
4430,107,45
4431,107,46
4432,107,47
4433,107,48
4434,107,49
4435,107,50
4436,107,51
4437,107,52
4438,107,53
4439,107,54
4440,107,55
4441,107,56
4442,107,57
4443,107,58
4444,107,59
4445,107,60
4446,107,61
4447,107,62
4448,107,63
4449,107,64
4450,107,65
4451,107,66
4452,107,67
4453,107,68
4454,107,69
4455,107,70
4456,107,71
4457,107,72
4458,107,73
4459,107,74
4460,107,75
4461,107,76
4462,107,77
4463,107,78
4464,107,79
4465,107,80
4466,107,81
4467,107,82
4468,107,83
4469,107,84
4470,107,85
4471,107,86
4472,107,87
4473,107,88
4474,107,89
4475,107,90
4476,107,91
4477,107,92
4478,107,93
4479,107,94
4480,107,95
4481,107,96
4482,107,97
4483,107,98
4484,107,99
4485,107,100
4486,107,101
4487,107,102
4488,107,103
4489,108,1
4490,108,2
4491,108,3
4492,108,4
4493,108,5
4494,108,6
4495,108,7
4496,108,8
4497,108,9
4498,108,10
4499,108,11
4500,108,12
4501,108,13
4502,108,14
4503,108,15
4504,108,16
4505,108,17
4506,108,18
4507,108,19
4508,108,20
4509,108,21
4510,108,22
4511,108,23
4512,108,24
4513,108,25
4514,108,26
4515,108,27
4516,108,28
4517,108,29
4518,108,30
4519,108,31
4520,108,32
4521,108,33
4522,108,34
4523,108,35
4524,108,36
4525,108,37
4526,108,38
4527,108,39
4528,108,40
4529,108,41
4530,108,42
4531,108,43
4532,108,44
4533,108,45
4534,108,46
4535,108,47
4536,108,48
4537,108,49
4538,108,50
4539,108,51
4540,108,52
4541,108,53
4542,108,54
4543,108,55
4544,108,56
4545,109,1
4546,109,2
4547,109,3
4548,109,4
4549,109,5
4550,109,6
4551,109,7
4552,109,8
4553,109,9
4554,109,10
4555,109,11
4556,109,12
4557,109,13
4558,109,14
4559,109,15
4560,109,16
4561,109,17
4562,109,18
4563,109,19
4564,109,20
4565,109,21
4566,109,22
4567,109,23
4568,109,24
4569,109,25
4570,109,26
4571,109,27
4572,109,28
4573,109,29
4574,109,30
4575,109,31
4576,109,32
4577,109,33
4578,109,34
4579,109,35
4580,110,1
4581,110,2
4582,110,3
4583,110,4
4584,110,5
4585,110,6
4586,110,7
4587,110,8
4588,110,9
4589,110,10
4590,110,11
4591,110,12
4592,110,13
4593,110,14
4594,110,15
4595,110,16
4596,110,17
4597,110,18
4598,110,19
4599,110,20
4600,110,21
4601,110,22
4602,110,23
4603,110,24
4604,110,25
4605,110,26
4606,111,1
4607,111,2
4608,111,3
4609,111,4
4610,111,5
4611,111,6
4612,111,7
4613,111,8
4614,111,9
4615,111,10
4616,111,11
4617,111,12
4618,111,13
4619,111,14
4620,111,15
4621,111,16
4622,111,17
4623,111,18
4624,111,19
4625,111,20
4626,111,21
4627,111,22
4628,111,23
4629,111,24
4630,111,25
4631,111,26
4632,111,27
4633,111,28
4634,111,29
4635,111,30
4636,111,31
4637,111,32
4638,111,33
4639,111,34
4640,111,35
4641,111,36
4642,111,37
4643,111,38
4644,111,39
4645,111,40
4646,111,41
4647,111,42
4648,111,43
4649,111,44
4650,111,45
4651,111,46
4652,111,47
4653,111,48
4654,111,49
4655,111,50
4656,111,51
4657,111,52
4658,111,53
4659,111,54
4660,111,55
4661,111,56
4662,111,57
4663,111,58
4664,111,59
4665,111,60
4666,111,61
4667,111,62
4668,111,63
4669,111,64
4670,111,65
4671,111,66
4672,111,67
4673,111,68
4674,111,69
4675,111,70
4676,111,71
4677,111,72
4678,111,73
4679,111,74
4680,111,75
4681,111,76
4682,111,77
4683,111,78
4684,111,79
4685,111,80
4686,111,81
4687,111,82
4688,111,83
4689,111,84
4690,111,85
4691,111,86
4692,111,87
4693,111,88
4694,111,89
4695,111,90
4696,111,91
4697,111,92
4698,111,93
4699,111,94
4700,111,95
4701,111,96
4702,111,97
4703,111,98
4704,111,99
4705,111,100
4706,111,101
4707,111,102
4708,111,103
4709,111,104
4710,111,105
4711,111,106
4712,111,107
4713,111,108
4714,111,109
4715,111,110
4716,111,111
4717,111,112
4718,111,113
4719,111,114
4720,111,115
4721,111,116
4722,111,117
4723,111,118
4724,111,119
4725,111,120
4726,111,121
4727,111,122
4728,111,123
4729,111,124
4730,111,125
4731,111,126
4732,111,127
4733,111,128
4734,111,129
4735,111,130
4736,111,131
4737,111,132
4738,111,133
4739,111,134
4740,111,135
4741,111,136
4742,111,137
4743,111,138
4744,111,139
4745,111,140
4746,111,141
4747,112,1
4748,112,2
4749,112,3
4750,112,4
4751,112,5
4752,112,6
4753,112,7
4754,112,8
4755,112,9
4756,112,10
4757,112,11
4758,112,12
4759,112,13
4760,112,14
4761,112,15
4762,112,16
4763,113,1
4764,113,2
4765,114,1
4766,114,2
4767,114,3
4768,114,4
4769,114,5
4770,114,6
4771,114,7
4772,114,8
4773,114,9
4774,114,10
4775,114,11
4776,114,12
4777,114,13
4778,114,14
4779,114,15
4780,114,16
4781,114,17
4782,114,18
4783,114,19
4784,114,20
4785,114,21
4786,114,22
4787,114,23
4788,114,24
4789,114,25
4790,114,26
4791,114,27
4792,114,28
4793,114,29
4794,114,30
4795,114,31
4796,114,32
4797,114,33
4798,114,34
4799,114,35
4800,114,36
4801,114,37
4802,114,38
4803,114,39
4804,114,40
4805,114,41
4806,114,42
4807,114,43
4808,114,44
4809,114,45
4810,114,46
4811,114,47
4812,114,48
4813,114,49
4814,114,50
4815,114,51
4816,114,52
4817,114,53
4818,114,54
4819,114,55
4820,114,56
4821,114,57
4822,114,58
4823,114,59
4824,114,60
4825,114,61
4826,114,62
4827,115,1
4828,115,2
4829,115,3
4830,115,4
4831,115,5
4832,115,6
4833,115,7
4834,115,8
4835,115,9
4836,115,10
4837,115,11
4838,115,12
4839,115,13
4840,115,14
4841,115,15
4842,115,16
4843,116,1
4844,116,2
4845,116,3
4846,116,4
4847,116,5
4848,116,6
4849,116,7
4850,116,8
4851,116,9
4852,116,10
4853,116,11
4854,116,12
4855,116,13
4856,116,14
4857,116,15
4858,116,16
4859,116,17
4860,116,18
4861,116,19
4862,116,20
4863,116,21
4864,116,22
4865,116,23
4866,116,24
4867,116,25
4868,116,26
4869,116,27
4870,116,28
4871,116,29
4872,116,30
4873,116,31
4874,117,1
4875,117,2
4876,117,3
4877,117,4
4878,117,5
4879,117,6
4880,117,7
4881,117,8
4882,117,9
4883,117,10
4884,117,11
4885,117,12
4886,117,13
4887,117,14
4888,117,15
4889,117,16
4890,117,17
4891,117,18
4892,117,19
4893,117,20
4894,117,21
4895,117,22
4896,117,23
4897,117,24
4898,117,25
4899,117,26
4900,117,27
4901,117,28
4902,117,29
4903,117,30
4904,117,31
4905,117,32
4906,117,33
4907,117,34
4908,117,35
4909,117,36
4910,117,37
4911,117,38
4912,118,1
4913,118,2
4914,118,3
4915,118,4
4916,118,5
4917,118,6
4918,118,7
4919,118,8
4920,118,9
4921,118,10
4922,118,11
4923,118,12
4924,118,13
4925,118,14
4926,118,15
4927,118,16
4928,118,17
4929,118,18
4930,118,19
4931,118,20
4932,118,21
4933,118,22
4934,118,23
4935,118,24
4936,118,25
4937,118,26
4938,118,27
4939,118,28
4940,118,29
4941,118,30
4942,118,31
4943,118,32
4944,118,33
4945,118,34
4946,118,35
4947,118,36
4948,118,37
4949,118,38
4950,118,39
4951,118,40
4952,118,41
4953,118,42
4954,118,43
4955,118,44
4956,118,45
4957,118,46
4958,118,47
4959,118,48
4960,118,49
4961,118,50
4962,118,51
4963,118,52
4964,118,53
4965,118,54
4966,118,55
4967,118,56
4968,118,57
4969,118,58
4970,119,1
4971,119,2
4972,119,3
4973,119,4
4974,119,5
4975,119,6
4976,119,7
4977,119,8
4978,119,9
4979,119,10
4980,119,11
4981,119,12
4982,119,13
4983,119,14
4984,119,15
4985,119,16
4986,119,17
4987,119,18
4988,119,19
4989,119,20
4990,119,21
4991,119,22
4992,119,23
4993,119,24
4994,119,25
4995,119,26
4996,119,27
4997,119,28
4998,119,29
4999,119,30
5000,119,31
5001,119,32
5002,119,33
5003,119,34
5004,119,35
5005,119,36
5006,119,37
5007,119,38
5008,119,39
5009,119,40
5010,119,41
5011,119,42
5012,119,43
5013,119,44
5014,119,45
5015,119,46
5016,119,47
5017,119,48
5018,119,49
5019,119,50
5020,119,51
5021,119,52
5022,119,53
5023,119,54
5024,119,55
5025,119,56
5026,119,57
5027,119,58
5028,119,59
5029,119,60
5030,119,61
5031,119,62
5032,119,63
5033,119,64
5034,119,65
5035,119,66
5036,119,67
5037,119,68
5038,119,69
5039,119,70
5040,119,71
5041,119,72
5042,119,73
5043,119,74
5044,119,75
5045,119,76
5046,119,77
5047,119,78
5048,119,79
5049,119,80
5050,119,81
5051,119,82
5052,119,83
5053,119,84
5054,119,85
5055,119,86
5056,119,87
5057,119,88
5058,119,89
5059,119,90
5060,119,91
5061,119,92
5062,119,93
5063,119,94
5064,119,95
5065,119,96
5066,119,97
5067,119,98
5068,119,99
5069,119,100
5070,120,1
5071,120,2
5072,120,3
5073,120,4
5074,120,5
5075,120,6
5076,120,7
5077,120,8
5078,120,9
5079,120,10
5080,120,11
5081,120,12
5082,120,13
5083,120,14
5084,120,15
5085,120,16
5086,120,17
5087,120,18
5088,120,19
5089,120,20
5090,121,1
5091,121,2
5092,121,3
5093,121,4
5094,121,5
5095,121,6
5096,121,7
5097,121,8
5098,121,9
5099,121,10
5100,121,11
5101,121,12
5102,121,13
5103,121,14
5104,121,15
5105,121,16
5106,121,17
5107,121,18
5108,121,19
5109,121,20
5110,121,21
5111,121,22
5112,121,23
5113,121,24
5114,121,25
5115,121,26
5116,121,27
5117,121,28
5118,121,29
5119,121,30
5120,121,31
5121,121,32
5122,121,33
5123,121,34
5124,121,35
5125,121,36
5126,121,37
5127,121,38
5128,121,39
5129,121,40
5130,121,41
5131,121,42
5132,121,43
5133,122,1
5134,122,2
5135,122,3
5136,122,4
5137,122,5
5138,122,6
5139,122,7
5140,122,8
5141,122,9
5142,122,10
5143,122,11
5144,122,12
5145,122,13
5146,122,14
5147,122,15
5148,122,16
5149,122,17
5150,122,18
5151,122,19
5152,122,20
5153,122,21
5154,122,22
5155,122,23
5156,122,24
5157,122,25
5158,122,26
5159,122,27
5160,122,28
5161,122,29
5162,122,30
5163,122,31
5164,122,32
5165,122,33
5166,122,34
5167,122,35
5168,122,36
5169,122,37
5170,122,38
5171,122,39
5172,122,40
5173,122,41
5174,122,42
5175,122,43
5176,122,44
5177,122,45
5178,122,46
5179,122,47
5180,123,1
5181,123,2
5182,123,3
5183,123,4
5184,123,5
5185,123,6
5186,123,7
5187,123,8
5188,123,9
5189,123,10
5190,123,11
5191,123,12
5192,123,13
5193,123,14
5194,123,15
5195,123,16
5196,123,17
5197,123,18
5198,123,19
5199,123,20
5200,123,21
5201,123,22
5202,123,23
5203,123,24
5204,123,25
5205,123,26
5206,123,27
5207,123,28
5208,123,29
5209,123,30
5210,123,31
5211,123,32
5212,123,33
5213,123,34
5214,123,35
5215,123,36
5216,123,37
5217,123,38
5218,123,39
5219,123,40
5220,123,41
5221,123,42
5222,123,43
5223,123,44
5224,123,45
5225,123,46
5226,123,47
5227,123,48
5228,123,49
5229,123,50
5230,123,51
5231,123,52
5232,123,53
5233,123,54
5234,123,55
5235,123,56
5236,123,57
5237,123,58
5238,123,59
5239,123,60
5240,123,61
5241,123,62
5242,123,63
5243,123,64
5244,123,65
5245,123,66
5246,123,67
5247,123,68
5248,123,69
5249,123,70
5250,123,71
5251,124,1
5252,124,2
5253,124,3
5254,124,4
5255,124,5
5256,124,6
5257,124,7
5258,124,8
5259,124,9
5260,124,10
5261,124,11
5262,124,12
5263,124,13
5264,124,14
5265,124,15
5266,125,1
5267,125,2
5268,125,3
5269,125,4
5270,125,5
5271,125,6
5272,125,7
5273,125,8
5274,125,9
5275,125,10
5276,125,11
5277,125,12
5278,125,13
5279,125,14
5280,125,15
5281,125,16
5282,125,17
5283,126,1
5284,126,2
5285,126,3
5286,126,4
5287,126,5
5288,126,6
5289,126,7
5290,126,8
5291,126,9
5292,126,10
5293,126,11
5294,126,12
5295,126,13
5296,126,14
5297,126,15
5298,126,16
5299,126,17
5300,126,18
5301,126,19
5302,126,20
5303,126,21
5304,126,22
5305,126,23
5306,126,24
5307,126,25
5308,126,26
5309,126,27
5310,126,28
5311,126,29
5312,126,30
5313,126,31
5314,127,1
5315,127,2
5316,127,3
5317,127,4
5318,127,5
5319,127,6
5320,127,7
5321,127,8
5322,127,9
5323,127,10
5324,127,11
5325,127,12
5326,127,13
5327,127,14
5328,127,15
5329,127,16
5330,127,17
5331,127,18
5332,127,19
5333,127,20
5334,127,21
5335,127,22
5336,127,23
5337,127,24
5338,127,25
5339,127,26
5340,127,27
5341,127,28
5342,127,29
5343,127,30
5344,127,31
5345,127,32
5346,127,33
5347,127,34
5348,127,35
5349,127,36
5350,127,37
5351,127,38
5352,127,39
5353,127,40
5354,127,41
5355,127,42
5356,127,43
5357,127,44
5358,127,45
5359,127,46
5360,127,47
5361,127,48
5362,127,49
5363,127,50
5364,127,51
5365,127,52
5366,127,53
5367,127,54
5368,127,55
5369,127,56
5370,127,57
5371,127,58
5372,127,59
5373,127,60
5374,127,61
5375,127,62
5376,127,63
5377,128,1
5378,128,2
5379,128,3
5380,128,4
5381,128,5
5382,128,6
5383,128,7
5384,128,8
5385,128,9
5386,128,10
5387,128,11
5388,128,12
5389,128,13
5390,128,14
5391,128,15
5392,128,16
5393,128,17
5394,128,18
5395,128,19
5396,128,20
5397,128,21
5398,128,22
5399,128,23
5400,128,24
5401,128,25
5402,128,26
5403,128,27
5404,128,28
5405,128,29
5406,128,30
5407,128,31
5408,128,32
5409,128,33
5410,128,34
5411,128,35
5412,129,1
5413,129,2
5414,129,3
5415,129,4
5416,129,5
5417,129,6
5418,129,7
5419,129,8
5420,129,9
5421,129,10
5422,129,11
5423,129,12
5424,129,13
5425,129,14
5426,129,15
5427,129,16
5428,129,17
5429,129,18
5430,129,19
5431,129,20
5432,129,21
5433,129,22
5434,129,23
5435,129,24
5436,129,25
5437,129,26
5438,129,27
5439,129,28
5440,129,29
5441,129,30
5442,129,31
5443,129,32
5444,129,33
5445,129,34
5446,129,35
5447,129,36
5448,129,37
5449,129,38
5450,129,39
5451,129,40
5452,129,41
5453,129,42
5454,129,43
5455,129,44
5456,129,45
5457,129,46
5458,129,47
5459,129,48
5460,129,49
5461,129,50
5462,129,51
5463,129,52
5464,129,53
5465,129,54
5466,129,55
5467,129,56
5468,129,57
5469,129,58
5470,129,59
5471,129,60
5472,129,61
5473,129,62
5474,129,63
5475,129,64
5476,129,65
5477,129,66
5478,129,67
5479,129,68
5480,129,69
5481,129,70
5482,129,71
5483,129,72
5484,129,73
5485,129,74
5486,129,75
5487,129,76
5488,129,77
5489,129,78
5490,129,79
5491,129,80
5492,129,81
5493,129,82
5494,129,83
5495,129,84
5496,129,85
5497,129,86
5498,129,87
5499,129,88
5500,129,89
5501,129,90
5502,129,91
5503,129,92
5504,129,93
5505,129,94
5506,129,95
5507,129,96
5508,129,97
5509,129,98
5510,129,99
5511,129,100
5512,129,101
5513,129,102
5514,129,103
5515,129,104
5516,129,105
5517,129,106
5518,129,107
5519,129,108
5520,129,109
5521,129,110
5522,129,111
5523,129,112
5524,129,113
5525,129,114
5526,129,115
5527,129,116
5528,129,117
5529,129,118
5530,129,119
5531,129,120
5532,129,121
5533,129,122
5534,129,123
5535,129,124
5536,129,125
5537,129,126
5538,129,127
5539,129,128
5540,129,129
5541,129,130
5542,129,131
5543,129,132
5544,129,133
5545,129,134
5546,129,135
5547,129,136
5548,129,137
5549,129,138
5550,129,139
5551,129,140
5552,129,141
5553,129,142
5554,129,143
5555,129,144
5556,129,145
5557,129,146
5558,129,147
5559,129,148
5560,129,149
5561,129,150
5562,129,151
5563,129,152
5564,129,153
5565,129,154
5566,129,155
5567,129,156
5568,129,157
5569,129,158
5570,129,159
5571,129,160
5572,129,161
5573,129,162
5574,129,163
5575,129,164
5576,129,165
5577,129,166
5578,129,167
5579,129,168
5580,129,169
5581,129,170
5582,129,171
5583,129,172
5584,129,173
5585,129,174
5586,129,175
5587,129,176
5588,129,177
5589,129,178
5590,129,179
5591,129,180
5592,129,181
5593,129,182
5594,129,183
5595,129,184
5596,129,185
5597,129,186
5598,129,187
5599,129,188
5600,129,189
5601,129,190
5602,129,191
5603,129,192
5604,129,193
5605,129,194
5606,129,195
5607,129,196
5608,130,1
5609,130,2
5610,130,3
5611,130,4
5612,130,5
5613,130,6
5614,130,7
5615,130,8
5616,130,9
5617,130,10
5618,130,11
5619,130,12
5620,130,13
5621,130,14
5622,130,15
5623,130,16
5624,130,17
5625,130,18
5626,130,19
5627,130,20
5628,130,21
5629,130,22
5630,130,23
5631,130,24
5632,130,25
5633,130,26
5634,130,27
5635,130,28
5636,130,29
5637,130,30
5638,130,31
5639,130,32
5640,130,33
5641,130,34
5642,130,35
5643,130,36
5644,130,37
5645,130,38
5646,130,39
5647,130,40
5648,130,41
5649,130,42
5650,130,43
5651,130,44
5652,130,45
5653,130,46
5654,130,47
5655,130,48
5656,130,49
5657,131,1
5658,131,2
5659,131,3
5660,131,4
5661,131,5
5662,131,6
5663,131,7
5664,131,8
5665,131,9
5666,131,10
5667,131,11
5668,131,12
5669,132,1
5670,132,2
5671,132,3
5672,132,4
5673,132,5
5674,132,6
5675,132,7
5676,132,8
5677,132,9
5678,132,10
5679,132,11
5680,132,12
5681,132,13
5682,133,1
5683,133,2
5684,133,3
5685,133,4
5686,133,5
5687,133,6
5688,133,7
5689,133,8
5690,134,1
5691,134,2
5692,134,3
5693,134,4
5694,134,5
5695,134,6
5696,134,7
5697,134,8
5698,134,9
5699,134,10
5700,134,11
5701,134,12
5702,134,13
5703,134,14
5704,134,15
5705,134,16
5706,134,17
5707,134,18
5708,134,19
5709,134,20
5710,134,21
5711,135,1
5712,135,2
5713,135,3
5714,135,4
5715,135,5
5716,135,6
5717,135,7
5718,135,8
5719,135,9
5720,135,10
5721,135,11
5722,135,12
5723,135,13
5724,135,14
5725,136,1
5726,136,2
5727,136,3
5728,136,4
5729,136,5
5730,136,6
5731,136,7
5732,136,8
5733,136,9
5734,136,10
5735,136,11
5736,136,12
5737,136,13
5738,136,14
5739,136,15
5740,136,16
5741,136,17
5742,136,18
5743,136,19
5744,136,20
5745,136,21
5746,136,22
5747,136,23
5748,136,24
5749,136,25
5750,136,26
5751,136,27
5752,136,28
5753,136,29
5754,136,30
5755,136,31
5756,136,32
5757,136,33
5758,136,34
5759,136,35
5760,136,36
5761,136,37
5762,136,38
5763,136,39
5764,136,40
5765,136,41
5766,136,42
5767,137,1
5768,137,2
5769,137,3
5770,137,4
5771,137,5
5772,137,6
5773,137,7
5774,137,8
5775,137,9
5776,137,10
5777,137,11
5778,137,12
5779,137,13
5780,137,14
5781,137,15
5782,137,16
5783,137,17
5784,137,18
5785,137,19
5786,137,20
5787,137,21
5788,137,22
5789,137,23
5790,137,24
5791,137,25
5792,137,26
5793,137,27
5794,137,28
5795,137,29
5796,137,30
5797,137,31
5798,137,32
5799,137,33
5800,137,34
5801,137,35
5802,137,36
5803,137,37
5804,137,38
5805,137,39
5806,137,40
5807,137,41
5808,137,42
5809,137,43
5810,137,44
5811,137,45
5812,137,46
5813,137,47
5814,137,48
5815,137,49
5816,137,50
5817,137,51
5818,137,52
5819,137,53
5820,137,54
5821,138,1
5822,138,2
5823,138,3
5824,138,4
5825,138,5
5826,138,6
5827,138,7
5828,138,8
5829,138,9
5830,138,10
5831,138,11
5832,138,12
5833,138,13
5834,138,14
5835,138,15
5836,138,16
5837,138,17
5838,138,18
5839,138,19
5840,138,20
5841,138,21
5842,138,22
5843,138,23
5844,138,24
5845,138,25
5846,138,26
5847,138,27
5848,138,28
5849,138,29
5850,138,30
5851,138,31
5852,138,32
5853,138,33
5854,138,34
5855,138,35
5856,138,36
5857,138,37
5858,138,38
5859,138,39
5860,138,40
5861,138,41
5862,138,42
5863,138,43
5864,138,44
5865,138,45
5866,138,46
5867,138,47
5868,138,48
5869,138,49
5870,138,50
5871,138,51
5872,138,52
5873,138,53
5874,138,54
5875,138,55
5876,138,56
5877,138,57
5878,138,58
5879,138,59
5880,138,60
5881,138,61
5882,138,62
5883,138,63
5884,138,64
5885,138,65
5886,138,66
5887,138,67
5888,138,68
5889,138,69
5890,138,70
5891,138,71
5892,138,72
5893,138,73
5894,138,74
5895,138,75
5896,138,76
5897,138,77
5898,138,78
5899,138,79
5900,138,80
5901,138,81
5902,138,82
5903,138,83
5904,138,84
5905,138,85
5906,138,86
5907,138,87
5908,138,88
5909,138,89
5910,138,90
5911,138,91
5912,138,92
5913,138,93
5914,138,94
5915,138,95
5916,138,96
5917,138,97
5918,138,98
5919,138,99
5920,138,100
5921,138,101
5922,138,102
5923,138,103
5924,138,104
5925,138,105
5926,138,106
5927,138,107
5928,138,108
5929,138,109
5930,138,110
5931,138,111
5932,138,112
5933,138,113
5934,138,114
5935,138,115
5936,138,116
5937,138,117
5938,138,118
5939,138,119
5940,138,120
5941,138,121
5942,138,122
5943,138,123
5944,138,124
5945,138,125
5946,138,126
5947,138,127
5948,138,128
5949,138,129
5950,138,130
5951,138,131
5952,138,132
5953,138,133
5954,138,134
5955,138,135
5956,138,136
5957,138,137
5958,138,138
5959,138,139
5960,138,140
5961,138,141
5962,138,142
5963,138,143
5964,139,1
5965,139,2
5966,139,3
5967,139,4
5968,139,5
5969,139,6
5970,139,7
5971,139,8
5972,139,9
5973,139,10
5974,139,11
5975,139,12
5976,139,13
5977,139,14
5978,139,15
5979,139,16
5980,139,17
5981,139,18
5982,139,19
5983,139,20
5984,139,21
5985,139,22
5986,139,23
5987,139,24
5988,139,25
5989,139,26
5990,139,27
5991,139,28
5992,139,29
5993,139,30
5994,139,31
5995,139,32
5996,139,33
5997,139,34
5998,139,35
5999,139,36
6000,139,37
6001,139,38
6002,139,39
6003,139,40
6004,139,41
6005,139,42
6006,139,43
6007,139,44
6008,139,45
6009,139,46
6010,139,47
6011,139,48
6012,139,49
6013,139,50
6014,139,51
6015,139,52
6016,139,53
6017,139,54
6018,139,55
6019,139,56
6020,139,57
6021,139,58
6022,139,59
6023,139,60
6024,139,61
6025,139,62
6026,139,63
6027,139,64
6028,139,65
6029,139,66
6030,139,67
6031,139,68
6032,139,69
6033,139,70
6034,139,71
6035,139,72
6036,139,73
6037,139,74
6038,139,75
6039,139,76
6040,139,77
6041,139,78
6042,139,79
6043,139,80
6044,139,81
6045,139,82
6046,139,83
6047,139,84
6048,139,85
6049,139,86
6050,139,87
6051,139,88
6052,139,89
6053,139,90
6054,139,91
6055,139,92
6056,139,93
6057,139,94
6058,139,95
6059,139,96
6060,139,97
6061,139,98
6062,139,99
6063,139,100
6064,139,101
6065,139,102
6066,139,103
6067,139,104
6068,139,105
6069,139,106
6070,139,107
6071,139,108
6072,139,109
6073,139,110
6074,139,111
6075,139,112
6076,139,113
6077,139,114
6078,139,115
6079,139,116
6080,139,117
6081,139,118
6082,139,119
6083,139,120
6084,139,121
6085,139,122
6086,139,123
6087,139,124
6088,139,125
6089,139,126
6090,139,127
6091,139,128
6092,139,129
6093,139,130
6094,139,131
6095,139,132
6096,139,133
6097,139,134
6098,139,135
6099,139,136
6100,139,137
6101,139,138
6102,139,139
6103,139,140
6104,139,141
6105,139,142
6106,139,143
6107,139,144
6108,139,145
6109,139,146
6110,139,147
6111,139,148
6112,139,149
6113,139,150
6114,139,151
6115,139,152
6116,139,153
6117,139,154
6118,139,155
6119,139,156
6120,139,157
6121,139,158
6122,139,159
6123,139,160
6124,140,1
6125,140,2
6126,140,3
6127,140,4
6128,140,5
6129,140,6
6130,140,7
6131,140,8
6132,140,9
6133,140,10
6134,140,11
6135,140,12
6136,140,13
6137,140,14
6138,140,15
6139,140,16
6140,140,17
6141,141,1
6142,141,2
6143,141,3
6144,141,4
6145,141,5
6146,141,6
6147,141,7
6148,141,8
6149,141,9
6150,141,10
6151,141,11
6152,141,12
6153,141,13
6154,141,14
6155,141,15
6156,141,16
6157,141,17
6158,141,18
6159,141,19
6160,142,1
6161,142,2
6162,142,3
6163,142,4
6164,142,5
6165,142,6
6166,142,7
6167,142,8
6168,142,9
6169,142,10
6170,142,11
6171,143,1
6172,143,2
6173,143,3
6174,144,1
6175,144,2
6176,144,3
6177,144,4
6178,144,5
6179,144,6
6180,144,7
6181,144,8
6182,144,9
6183,144,10
6184,144,11
6185,144,12
6186,144,13
6187,144,14
6188,144,15
6189,144,16
6190,144,17
6191,144,18
6192,144,19
6193,144,20
6194,145,1
6195,145,2
6196,146,1
6197,146,2
6198,146,3
6199,147,1
6200,147,2
6201,147,3
6202,147,4
6203,147,5
6204,147,6
6205,147,7
6206,147,8
6207,147,9
6208,147,10
6209,147,11
6210,147,12
6211,147,13
6212,147,14
6213,147,15
6214,147,16
6215,147,17
6216,147,18
6217,147,19
6218,147,20
6219,147,21
6220,147,22
6221,147,23
6222,147,24
6223,147,25
6224,147,26
6225,147,27
6226,147,28
6227,147,29
6228,148,1
6229,148,2
6230,148,3
6231,148,4
6232,148,5
6233,148,6
6234,149,1
6235,149,2
6236,149,3
6237,149,4
6238,149,5
6239,149,6
6240,149,7
6241,149,8
6242,149,9
6243,149,10
6244,149,11
6245,150,1
6246,150,2
6247,150,3
6248,150,4
6249,150,5
6250,150,6
6251,150,7
6252,150,8
6253,150,9
6254,150,10
6255,150,11
6256,150,12
6257,150,13
6258,151,1
6259,151,2
6260,151,3
6261,151,4
6262,151,5
6263,151,6
6264,151,7
6265,151,8
6266,152,1
6267,152,2
6268,152,3
6269,152,4
6270,152,5
6271,152,6
6272,152,7
6273,152,8
6274,152,9
6275,152,10
6276,152,11
6277,152,12
