term_str,0,1,2,3,4
a,-0.005289980442477355,-0.0023173980637077743,-0.0009538248085252597,0.0032810962979995897,0.002309721587488288
a',-0.005549077563486641,-0.0037131544476497313,-0.007188979793090051,-0.002185791204389273,0.0019259454922264383
ab'aj,0.004501065283458092,-0.0015390629378224294,0.0009150931746374367,7.628694833468198e-05,0.00019031494443769956
achij,0.0012038066120570762,0.007231604457706966,0.0021442978901185946,-0.0002771345911449286,-0.0018162073516644916
achijab',0.0008313235061913839,0.0006843306874579438,-0.0008707779603984949,-0.0002129024552106523,-0.001046457838819089
ah,0.004554692718137883,-0.002217546767152624,0.00013181223936533688,-0.00014873985526379222,-0.0002777422586342214
aj,0.038055503620672886,0.03231137425356182,0.02511875236270955,-0.022866772058624522,0.007870192104500354
ajal,-0.01158936429557238,0.005620630098905923,-0.008737649215234523,-0.00939152358587929,-0.019167386871225534
ajam,-0.001357091755349985,-0.0013830178153975388,0.006932441855033231,-0.005401370435523159,-0.0052779221183068
ajaw,0.010172500402240976,0.06840564287466555,-0.03046372062974981,0.018862692793623775,-0.005566871792725752
ajawab',0.0056622105153979144,0.04908858117052643,-0.03317827649128905,0.0007078630620904516,-0.005120443412392926
ajawarem,0.010510484990390749,0.01680431653691051,-0.002801594740258593,0.003635801706425773,0.0021602923191762673
ajilan,0.0004315810199131216,-0.0043502400287969345,-0.0007001403927368388,-0.0026807806167425687,0.004215161062227143
akarok,0.004650080539358792,-0.0024685901375065405,-9.048965276225298e-05,-0.0004696716818369885,-0.002068692896843116
akul,0.0028955887667299284,0.000986184113770903,0.0003192788840516631,2.406581238396254e-06,-0.0009656263145476088
akutek,0.004211949264640914,0.001091011109787419,-0.001769801475533169,0.001056487693542562,0.0004275022607743363
al,-0.0009711026131589212,0.0033913774286919935,0.00595824047474637,0.004417087605818744,0.00031430754647624506
alom,0.003935457608877032,-0.0013164534731541617,0.019872221929722444,-0.01145074911517286,-0.0064959887986717835
amaq',0.06094948680945569,-0.015971789219065405,-0.02264509071197137,0.009196002419612789,0.00883940951473565
amaq'el,0.0015153414858746544,-0.00236481040036482,0.001533074943094774,-0.0009386616931798888,-0.0004563302593115738
anim,-0.0023433325686698135,0.00021357255873891436,0.0005497415887016286,0.0008532502256632839,0.0027820344136028547
apa,-0.006560397446170115,-0.0048133435020423065,-0.0052255568666233765,0.0031196120059198426,0.0014848585886920035
apanoq,-0.004751375805054278,-0.0010169012757148585,-0.00013877700006751772,-0.001564795920878754,2.48746068324213e-05
aponoq,-0.0008391744118120394,5.886637032910308e-06,-0.0028231234515600145,0.0008065132643456642,-0.0029189274418205515
aq,-0.0025517947315626967,-0.0004438997604158021,0.003321133159568869,-0.0015007327827447675,0.001716220830937243
aq'ab',0.027653539982365735,-0.02475468367574622,-0.010042435459449977,0.0005229780593283191,-0.0071987149934907525
aq'ab'al,0.0015922444188757945,-0.002092012484844125,0.005907631851391561,-0.001361969705452304,-0.002064146607419478
aq'anoq,-0.007000797388833909,-0.001467010834414019,-0.0011002678348988478,0.0004468800031689509,0.0043331141229801945
are,0.01788711184010913,-0.01275072724779312,-0.007039619524450732,0.004912283122434251,-6.0236306553799486e-05
at,0.0004974529643216064,0.0019332209774819641,0.014559805228925835,-0.0006831839483518768,-0.004995853867403479
ati't,-0.02092220491037233,-0.0014322242753511889,0.0038184881956533885,-0.0023084798249420665,0.01804509467768854
awe,0.004437992714633235,0.007969927005378701,0.001398763835469603,-0.000136422037520383,0.0003200010680057603
awilix,0.020792004253843754,-0.010935668828665373,-0.008737975024144305,0.001791407883584039,0.00744691698691407
awumal,-0.00226350519516076,-0.0009168551917973706,0.0015403123836383067,0.0037262460060285057,0.0012814011142390257
b'a,-0.028550594772757756,-0.01195638867264031,-0.019718755444777844,0.004184954387513403,-0.005327119714813418
b'alam,0.09398504524458946,-0.07056158164910814,-0.023317102055802574,3.942915846724432e-05,-0.02020899063845538
b'alami,-0.00012899151840242847,5.47320552991834e-05,-0.0012854323906560368,-0.0017846382409684805,-0.0030668403221871046
b'anik,0.0009029464018787283,-0.001589375716747476,0.0036648514749311775,-0.0008938752495925718,-0.0011178652378382517
b'anoj,-8.413751699194036e-05,-0.003779049464008688,0.0019136251150837114,0.00021670142868512955,0.0029816470503455437
b'anol,-0.0018428964990702115,0.00026415970388548216,0.0038763760080372765,0.006220505500753311,-0.0006614737100546507
b'aq,-0.00958280920999126,0.005617810311976532,-0.005607631260571794,-0.0008872203411723689,-0.01208134082389665
b'aq',-0.004387438665463482,-0.002067446207522803,0.006396529263324136,0.007529809550790356,-0.002359433971967848
b'aqil,-0.007071407266612029,-0.0024672915178622864,-0.002668955844389533,-0.002813325211964445,-0.0013835235164058267
b'ate,-0.005237211144657337,-0.001584218973800346,-0.0036052949909058277,-0.004127299623636513,0.0014654437338521272
b'atz',-0.014115316407667515,0.0007464303310624742,0.0009619416059740441,-0.01303330866516011,0.016937811948489548
b'e,-0.003964606904928014,-0.0047611790567536035,-0.009970741871355911,-0.012254222935125897,0.008574721771150087
b'e'el,-0.0008689752280939063,-0.0006900224390495008,0.001519398146934696,-0.0027371225547665502,0.001290599101406241
b'elej,0.0020757275733587475,0.0063234341010489584,-0.0002860985413572754,0.00043131893497560804,-0.0006147012762626211
b'elejeb',0.008385481383461164,0.020678207924003263,-0.0023394588128543203,0.002550984937523794,-0.00039157511838097605
b'i,0.002589795735342155,-0.0007789570152002801,0.0025147491170030485,0.003211228798210428,-0.0023382552994548832
b'i',0.024601358626735292,0.003852623398736261,0.004457447289711564,-0.000653918025069292,-0.011537693079492317
b'i'nam,0.006028588375130088,-0.0007034342559429932,0.0004234302966781818,0.00034912186196981923,-0.0016984341355304217
b'ik,-0.0007116572008727306,-0.0013707769523334998,-0.0006061699154124484,-0.000729246370398607,0.0012061081324602164
b'inib'al,0.0028824852074636324,-0.0025192262471455448,0.0038354496635334156,-0.0008177269239576694,-0.002575830228362037
b'is,0.0036050556795173094,-0.0026444434030895537,0.00010585934275542149,-0.0010481534697722574,-0.002231143260991038
b'it,0.004886516715213151,-0.0014529093369831457,0.04326415802496524,-0.022128013027926868,-0.01570652034370679
b'itik,0.002322338054751207,-0.0007998594380505212,0.006495252292643651,-0.003983955138447925,-0.003800654706314632
b'itol,0.004792583452636776,-0.0013121171806603875,0.021068839477354537,-0.01295450144365497,-0.008162487963816075
b'ix,-0.003675738842668291,-0.0017377340782726279,-0.0012131739968502043,-0.006723405838019955,0.0077455970814802756
b'ixik,-0.0020843077322764115,-0.0014661225725614824,0.00455502681344925,0.0014876604391503305,-0.0004547007480798226
ch'a'oj,0.002024455526832875,0.005144395054993632,-0.0008167217614032206,0.0007984853135714053,0.0017054196616596623
ch'ab',0.0076810472084056156,-0.004988782346848246,-0.005489189009354728,0.002119704466261625,0.0008042564443234081
ch'ab'a,0.0031927657056293204,0.001092648650448042,0.0016339091760845042,-0.0005827654003922217,-0.0009807152106414414
ch'ab'al,0.008759287145160284,-0.0065520991793843715,0.004234877501626504,-0.004330959388869277,-0.004235593837289455
ch'akatajik,-0.004697126745446328,-0.0040985545388788165,0.002376954275836089,0.009130347709767688,0.0010128176802362957
ch'akik,0.002582689736671757,-0.0030214773020074007,-0.001342047708851459,-0.00038842967891707743,0.0021634215228719636
ch'ami'y,0.0015229720257037198,-0.000493983371589142,-0.001491486881439201,-0.0018628693874145038,-0.0022569321205293926
ch'ami'ya,-0.008148060018275657,0.0024806909439040073,-0.006260428359065354,-0.005151336325550689,-0.012593903120526847
ch'aqa,0.003556328112073519,0.000535604769538056,0.0009727928983302848,-0.00031834211449080073,2.4984591749093168e-06
ch'ek,-0.0014658297759813684,-0.0012947676005579303,-0.000895085292431166,0.002700355362162476,-0.0005036922567677143
ch'i'pi,-0.0008427447637287963,0.000291054157272001,0.0060181234630581,-0.0014120953451331438,-0.0036677765994710186
ch'ob',0.009496209663547585,0.007261353034961284,-0.0007024207369341213,0.00249285072123349,0.0019669480732983887
ch'okoj,0.004483746793913874,0.016635139893324605,-0.004398008933624391,0.0036509471025050486,6.705852386170847e-05
ch'umil,0.00904135722389458,-0.005425653319618906,0.001604323691039316,0.001036331987958512,-0.003495913317219348
ch'uti,0.00020443323813433727,-0.0025562534292358483,0.0061912344626722845,-0.0019712529577958055,0.005510865547824117
ch'uti'n,0.0037604668821237227,-0.0001408184198279707,0.003499295556409539,-0.0018932837734968655,-0.0026249948798841394
cha,-0.005642524920760462,-0.00289701780715614,-0.007527443394103744,-0.0021949871198264997,-0.006724601712954397
cha',-0.0050633474968435664,-0.002654980876076944,-0.003009019428459634,0.0025657711085558406,-0.0053272947762179074
cha'j,-0.008961566290589544,0.0022312951602550335,-0.006618983388127387,-0.006340115280549058,-0.010520788430472052
cha'om,-0.00043254380027241905,-0.0011447794431613326,0.00014920042747115528,-0.0015465655408574692,0.0002628880980986066
chab'ij,-0.002030497509771299,-0.0012714863867359196,0.0019671021134401072,-0.000882143691204451,0.0020179213667115095
chaj,-0.009171214053800992,0.001960483093574758,-0.013766657977718621,-0.008013024576395567,-0.019411931770435986
chajal,-0.0033863981457433663,0.002849828761292646,-0.0004205809048073236,-0.0024934516927105294,-0.0025553778917179163
chajkar,0.0028446199145412193,-0.0026094326850234152,-0.0023427657082288745,0.0007078818632315906,0.002073671791519073
chak,-0.001735723960296261,0.0017454934857724235,-7.619112808325955e-05,0.0023987697422898674,-0.0005142475662673255
chalaxoq,0.0035181584799889305,-0.001532209070876911,0.0008594324535625469,-8.105397618773068e-05,-0.0006478146663680001
chanim,-0.0031360253569782306,-0.0011360282064416451,-0.000987279574418968,0.0006785629218472189,-0.0002024583641211558
chapa',-0.00018830028010282,-0.0010523301989647485,0.00032492129929505514,0.002876461175437758,0.0002865952402468975
chaq',-0.0028222563086191445,-0.00044897366270747725,0.0007121218938993934,-0.005492915754123554,0.0107736235179899
chaq'ab',-0.0019209043008142253,-0.001959342460077898,-0.001247571158589538,-0.0003944848976087233,-0.0014161926433228316
chaq'an,-0.000716616914790067,0.001775341415649088,0.0004126274476163422,0.00178656484829335,0.0011841492886447138
chaqi'j,-0.0027579096325132074,-0.000804422502442201,0.003188068900132523,-0.004773096511023582,0.0035611957259836465
chawaxoq,0.002207644776820731,-0.0007075949619897862,0.009079755776333479,-0.003519179086277194,-0.0037571101686911554
che',-0.023295347105834807,-0.0074221267736860755,0.014388256559018984,0.00011344085852442179,0.008116208729026447
chel,6.527711832904003e-05,0.0004898682528497504,0.0022070734171507956,-2.9714859426240908e-05,0.0005671031036634322
chi',-0.007380884272786825,0.00041917209549187,0.0025359523664727664,0.002666224575901352,0.0068015502402182255
chib'ano,-0.0020727411095542,0.0003694025169495189,4.653540451334523e-05,-0.0008956615024703303,0.0016851796982418634
chib'e,-0.002017153373705571,-0.00039629390793211765,-0.0011354199009093145,0.0006353174829583215,0.005528202494429432
chib'ek,-0.0010871666465338992,0.0001126711142846189,-0.00039227477317624565,-0.0012522599312207016,0.005167572401384331
chik'am,-0.002426503430089969,-0.0010931151421338708,-0.0005289103115129536,-0.0014942024963201489,0.000736214985423635
chik'ama',-0.003193617639060501,-0.0007964136675145725,0.0001720399444839558,-8.160341846849302e-05,0.0019141887723690466
chikaj,0.001604748717527465,-0.0027863650138480814,-0.0013232253773817276,-0.0011407910426946058,0.0017804398894556812
chikam,-0.002936105604487662,0.0005449367411759479,-0.0018454685765127005,6.136199587826821e-05,-0.001991987232916828
chikamik,-0.004035239647928346,0.002344874144670519,-0.002706385335603727,-0.002232019853810712,-0.005025944685088882
chike,-0.005203297664436815,-0.0024581076690851113,-0.006076215917064394,-0.006199126626345213,-0.0007717059344887327
chikech,0.0012130187108006913,-0.005801962584294981,0.001344024856073717,0.003093135655319546,0.0038013812006445847
chikib'ano,0.0019024295235105834,0.0011992437225289718,-0.0005152145517021309,-0.004889756595292526,0.01058725671122902
chikij,0.003312155509827973,0.0016585963094816266,-0.0023797597609717435,0.0018545815500898909,0.003811149979116753
chikik'am,-0.0011496022279986287,-0.0005680895091570454,-0.002159838182711532,-0.00032093017688130987,-0.0012492196763431956
chikil,0.005446754338357972,-0.004498055948074442,0.0018180668842305665,-0.002806646268552553,0.0012578640979876074
chikilo,0.004628681326122824,-0.0009930214209972526,0.0001068384719956496,-0.0005126232565200865,0.0006688712825526343
chikiwach,-0.0009307904511364535,-0.0007127378629782025,-0.007277061848836083,-0.003356844721770249,0.004744497689146381
chikiya',0.0028158190813596853,-0.0042958993611233575,-0.0031668507944850495,-4.2791351623174585e-05,0.00040500762180944067
chikop,-0.004360382180656189,-0.009648316788008265,0.003371472494020379,-0.008041895524332387,0.007862875892014872
chila',0.01985140026721416,-0.010376428704785192,0.0026017518982489178,0.0018820108000620224,-0.005371221088382005
chimalmat,-0.004288602679782031,-0.0015011444343717732,0.00271424112091543,0.00876227360000317,-0.0018710627294768005
chinamit,0.00886745976381895,0.02050078018517977,-0.0036863253756270055,0.0037559786887574388,0.0029793285166326024
chipe,-0.002220068383347739,-0.0004105165610721665,-0.0031482364438831646,-0.0027576156912301705,-0.00034411046906886725
chiqab'an,0.001098509482882163,-0.001728539791372235,0.003077939339388052,0.001049725513435843,-0.0013476061759985119
chiqab'ano,-0.0014366828004400284,-0.00039797595128013296,0.002690332754214772,-0.003496539457848673,0.00426025623655393
chiqab'ij,0.0012603361828359384,0.0004210487185476513,0.00011483396162057668,0.00048473166684441017,-0.000910717665087539
chiqaj,-0.0022185104743563926,-0.0006031838967783493,-0.0012089265565845906,0.0014011632096233206,-0.0007396383740182498
chiqaya',4.804142497088852e-05,-0.0012004165232468256,-0.0013504059787124894,-6.29895095415377e-05,0.0003450633601588456
chiqe,-0.0025694939357395735,-0.0027891360264925987,-0.0024686880125457033,-0.0031832386679043778,0.00010610099355206757
chiqech,0.0007484804543401157,-0.0014296801436714142,-0.0018377634651061464,-0.0001032322418861977,0.0029707479701704905
chiqil,0.0014043314491212996,-0.0017726812515810185,-0.0024180161409937543,-0.00017158303830282738,-0.001789265868547376
chiraj,0.0015576707169861297,-0.0024761578519148517,-0.0005874259716049661,8.940743504850137e-05,-0.0014231066454097098
chire,-0.007735949193920646,-0.009380114622059956,-0.004689952182497277,-0.003155766849555884,0.00502059802326993
chirech,0.0029956580831986285,-0.0009078189665325795,0.000257862837221984,-0.0012934975662341251,0.0007190956970268263
chiri',0.016712234686846277,0.0009297723569167177,-0.00994424884671326,0.0065303146282391,0.009811257634668533
chirij,0.00501770563578845,0.005034167315039378,-0.001793774491550486,0.002554521793830283,0.0023774080102513333
chiwach,-0.0018422753741176704,-0.0002629411524924437,0.00010485474958892924,-0.0023853935297879565,0.001438630534202641
chiwe,-0.003495294668844969,-0.004621614709473098,-0.003272299834985342,-0.006944235668405345,-0.00031643308802022037
chiwech,-0.0010929441353142208,-0.0012979435785592606,-0.0024002352134638513,0.0011862899193284724,-0.0017093716917002846
chiwi',0.0017969530236020595,0.008040807494694414,-0.0027778570457179055,0.0006393627161207508,0.0016726127250287885
chiwij,-0.0015176310122707762,-0.001549912965241328,-0.00041549721960257427,0.00028966643249142223,0.004524233910526313
chiwil,-9.748282668448603e-05,-0.0018261106262252417,-0.0011348301308825184,-0.0002868451594971011,0.0009293113389167282
chiwila',-0.0032101951101582123,-0.0012800396978698105,-0.0003378755928393082,-0.0003112299651020319,-0.001310272385940583
chiwinaqir,0.0027229772533261163,-0.0019857117783691706,0.0021725199369633653,-0.0006287461490443088,-0.0004415915607255145
chiya',-0.002532927511315054,-0.0035034677304545394,-0.0029533200194475314,-0.0009434963084342628,0.006666070697797676
chojim,-0.003231242929288664,-0.0007599600829178536,-0.00292288082092723,-0.0019504675640072025,-0.002210680416821696
chok,0.0015882568636172605,0.004285354046457951,-0.0004951178014622454,0.00018899993347194316,-0.0003298067677405754
chopon,0.0005823180259417205,-0.0010827689960640947,-0.0006710016495242458,-0.001736839059469915,-0.0014679930820952268
choq',0.0008920585898674739,0.0015096951430560671,-0.0017048624947370154,-0.0015913274210278515,0.0032713505051370213
chowen,-0.014540511376945146,0.0007464567229225432,0.0011591949535924581,-0.013722019892230227,0.01816967105861161
chu,0.0020459485995057087,-0.003493040157442695,-0.0003968785086496834,0.0009937932185900848,0.007972289352928095
chub'ano,-0.0002915890611683245,0.0017144953733992394,0.0012866289816567725,0.003169612282015531,-0.00048692035405964906
chub'inik,0.004105044919259176,-0.004645589710045094,-0.0010996949462489167,0.0027237841589131074,0.0004918644126803935
chuch,-0.006758104862013715,0.001658999264827139,0.002241282768267745,-0.004769599124425371,0.006367582155578
chuchax,0.0040564754002252405,-0.00174766058177143,-8.826293287456003e-05,0.0003949635652689582,-0.002448887316591844
chuchaxik,0.0007154861583959507,0.004333346765504686,0.0044799346989219235,-0.0009860290578288067,-0.006085207069815025
chuchi',0.0003858175936817441,-0.004760555259256073,-0.0034593034493995978,0.002908250415699813,0.0036052444342504486
chul,-0.0013499097452305958,0.006110446672377434,-0.004443985113143685,-0.0023456379944410896,-0.002828063615928718
chupan,0.0019963286783214328,-0.003774395599357629,-0.006800275276225953,-0.0022096147090980827,-0.004676384857379811
chuq'ab',-0.003906301141798907,-0.0021827485255449483,0.0020871794803785635,-0.0036017257069353254,0.0038767124244490497
chutzinik,-5.638456457146206e-05,-0.00168994359682612,-0.0021910171091118857,-6.986140223886823e-05,0.0003475485058578771
chuwa,-0.0016643044416619597,0.002389074304430093,-0.002589858900319685,-0.0012351836747908546,0.0012568436580232556
chuwach,0.009146179686524999,0.011381875492043749,0.0004025732254416709,0.003188188618741683,0.006218315290520053
chuwe'q,-0.0027640150629574243,-0.0005125573115025123,-0.0001628560143763645,0.0024594475336362762,-0.0013036767944461466
chuwi',0.002647079207424833,-0.004215978498721025,-0.003416994449698719,0.0007382439757267116,0.0068923543220507895
chuxe',-0.007876234193433897,-0.002133172389097908,0.0011977916698189192,0.008908106813890532,0.0017905539212503536
chuxik,0.004543554096048775,0.0018101686345649327,-0.0015904179624582162,-0.0008042532504030003,0.005767328140965403
chuxoq,-0.00048721098854426524,-0.0011443308552293936,0.01039640202436817,-0.0013571788331820298,-0.002930786683209023
e,0.020997973290652408,0.0008352498524484639,4.559750175342868e-05,-0.005919966701292609,0.004685071909661681
echa',-0.002236124847915004,-0.0003500644857124172,0.012291895206426338,-0.005243533868190929,-0.00022137898354748377
ek',0.0014672631453908221,-0.002594142844071657,0.0007736386001514616,0.0041469535794484745,-0.00024734853187830376
eta'manel,-0.0009300233384724011,-0.001032272657578045,0.0018529100680711908,-0.0025207957890352223,0.0018534704934027172
i,-0.004160563518167853,-0.011711862383125736,0.002766939100712325,-0.008358784817459374,0.0015393032437054721
ib'oy,-0.0014810148037748582,0.0016767859055874068,-0.002145711979334037,-0.0008649239628265559,-0.0006707413030189865
ichal,0.0017520966486874192,-0.006068989282312864,-0.002184842987372966,-0.001325308886167807,0.00023134096789471966
ik',0.003517682731571557,-0.002001372734307455,0.00859847264897719,0.004857675743194945,-0.007159067900376819
ik'i,0.028486946786407997,-0.023065235102080223,-0.0053095374578018655,-0.00043560431015772364,-0.008753124670672801
ik'oq'ij,0.007370102858131602,-0.006804751060190887,-0.001947731043705954,0.0007635326908470137,-0.0031181792857398255
ikaj,-0.0006828283561792026,-0.0013598267387809877,0.0006595963451103602,-0.0025515452471669654,0.010452984845892365
ilb'al,0.0012495193779419773,0.004341734665227345,0.004545276614694338,-0.001757290538314989,-0.00180340602247488
ilokab',0.015132821409431719,0.0030469647604576466,-0.00016864886613524144,0.0030886460008047027,-0.0011334465910535641
ilol,-0.0002944012372000652,0.0030656839515490536,0.0005299747626094573,-0.002163647434023542,-0.0015953472336137067
in,-0.00879888010438835,-0.005317520794139971,0.009019579034805419,0.019160897000749348,-0.006052332055471188
ismachi',0.00702693487409265,0.016472072440373475,-0.004777496459300429,0.0062051337297399775,0.006935823738074092
istayul,0.0035411957965188296,0.008466478324227129,-0.0020230877214163453,0.0032213453415576116,0.002084311594556664
itzel,-0.002920887968602953,7.980648482240806e-05,0.002936956720221373,0.002915358005273564,0.00038441271078799605
iwati't,-0.007884961471174907,-0.0018891094073579377,-0.004823895653776982,-0.007025510706784795,0.0076948638165560725
iwe,-0.0008306701477438663,-0.0036452782520172184,-0.005297824460428237,-0.0036095447716000704,-0.001450296011944014
iwech,-0.0013836208981404825,-0.0018192745254103733,-0.0026780469119163544,-0.0010072930559832357,0.0002472816908233427
iwecha',-0.002803091617249808,-0.0010464502825582689,0.00261226077160401,-0.00047925153219972394,-7.5696033705439235e-06
iwib',0.0011531855403299329,-0.0006329863005904748,-0.005194327074824414,-0.0015026905126382989,0.004775225858269328
iwuk',0.0015070306714587165,-0.0012428281526723308,-0.0011524217707828712,-0.0012401350046116891,0.002601612585876419
iwumal,-0.0007736798036066396,-0.0017521040517810389,0.0003549718089507072,-0.0018394737578450102,0.0008969202134020343
ix,-0.018176435273709084,-0.007924400758543714,-0.0028201759983260332,-0.011961215282828952,0.020695672448524483
ixim,-0.002619182889314158,-0.0008962301424742429,0.008880074799716236,0.0012346639115682582,-0.0008592009748539965
ixoq,0.00099287043142655,0.0030262226013615576,0.004335651076914317,-0.0030385140063624383,-0.0009608982006896051
ja,0.021074711734127637,0.04984452413150348,-0.01550996063935715,-0.002363151804695097,-0.005921103410903392
ja',-0.003698886234746797,-0.0018290666849411846,0.01076613977866048,-0.004980003153150332,0.0015342322981997977
jab',0.003886314511225834,-0.005452682638298801,-8.289830375352947e-05,-0.0016043546564165955,0.0006020675624075325
jal,-0.004884987506834251,0.001103227527231566,0.009930647359462662,-0.007739615942957393,-0.0014341711622037811
jalajoj,0.0013360074690840535,-0.0018244585982483074,0.0008391994452746289,-0.000549523490501752,-0.0024810948853602713
jalan,-7.133605667165905e-05,-0.00220322035612616,-0.0035406531638123616,-0.0013225388485425588,-0.0044481890194427425
jaq'awitz,0.02568296280274197,-0.013272515955934016,-0.009529395729737562,0.003454390300967594,0.005594932171421236
jarub',0.002936610366400658,-0.0002868769467902352,-0.0015929578852260965,0.0013065938415826243,0.0023252959606546797
je,-0.0020836989776600056,8.92324246466732e-05,-0.0028100927468600236,0.0011793643224496015,-0.0013670435016802011
je',-0.011456352864352811,-0.005163122893745486,-0.0057505413921488105,-0.0037667716676961956,0.007564339765996569
jo',0.00019582180790771227,-0.0027304786633653697,-0.002706739112226702,-0.00220338419807824,-0.0005750833385365596
jok,0.0011890578483140202,0.003300741738510273,0.0007486719116518712,-0.001373241921024605,0.00013371860267163976
jolom,-0.016847001489293762,0.0034471330187538013,-0.009061971463025132,-0.008791796561517157,-0.0149958239125563
jom,-0.010122871627555362,0.0014033594286283308,-0.007003245161996085,-0.005775075920078721,-0.0027874495977822603
joxb'al,-0.0027795039265026134,0.0002687521935972195,-0.0007433232552866887,9.448319456513607e-05,-0.0006508929846896735
ju,-0.0016235876340629017,0.0014269699791063563,0.00018747106075704602,-0.0007574805777914428,0.0036389469331141538
jujun,0.006045058326432922,0.014224277348158317,-0.007676759561044967,1.997423220755938e-05,0.0015547011642268718
jujunal,-0.0007500997110654609,-0.002526950602039351,0.0007649968876829814,-0.00023389798332917284,0.000439992097732508
jul,-0.012158218907222853,-0.006184611014646854,0.012818787473089616,0.025097430867759694,0.0048304154887706995
jumaj,0.0037589869395916013,-0.0038293524246452455,-0.0049090664659870486,0.005829907979810017,0.001300696460136636
jun,-0.029586923553895788,0.010070709741952483,-0.017104667137813362,-0.011247038777821586,0.0010614916419993852
junajpu,-0.043850880088115406,-0.0028847719750092534,0.0035087186672203537,-3.8665032618533434e-05,-0.0024934192128300337
junam,0.00023777879681644658,-0.0018462783244605544,-0.0026844477295883146,-0.00039789621788835944,-0.0024884905881699857
junoq,-0.0025476157116184213,-0.0003286035135588184,-0.00021304808525031123,-0.0005478856617849322,0.0009902769952210438
jupacha,-0.0011662702721023932,-0.0020833156640330734,0.0066537471570411255,-0.0014193693069469088,0.0003223699318533624
juraqan,-0.0022593816883860435,0.0019864575951639408,0.00922881537312525,-0.0038170046234566432,-0.005563949063588713
juwinaq,0.004248983547850358,0.011612494099741641,-0.002693952058759596,0.002407574831300192,0.002163130881306064
juyub',0.011819409839675365,-0.0026001884053934864,0.014196284468785559,0.013026436645438533,0.013045624817476257
juyub'al,0.00855492216579684,0.002156102180588515,-0.00016828806551840133,-0.0004511114574061048,0.0003597177594695548
k'a,-0.0006806179285740624,0.006948409519397297,-6.121867088953106e-05,0.0017844025123070167,-0.002531018412128752
k'a'am,0.0009029466046458066,0.003393161699168097,0.006098730529761164,-0.00459332917610651,0.006449509931204048
k'ab'awil,0.03769421758236028,-0.00955754959511585,-0.002395206612732423,0.0027460910334999545,-0.008215743358043471
k'ajb',0.014738069793615537,-0.009302664845412045,-0.0024047162536556073,0.00024832755891919696,0.004175186074121243
k'ajisab'al,0.0001657132190287698,-0.0007525321824358016,-7.308904696731638e-05,-0.0016369718736555178,-0.0005232723417909181
k'ajol,0.00695610572678603,0.005329133882806711,0.004475360517670261,0.014105851594079922,-0.0005726715553064164
k'ajolab',-0.03670848442141599,-0.016630547443395025,0.002205878438175951,0.03855228747761224,0.000696510703805306
k'ajolom,0.003935457608877032,-0.0013164534731541617,0.019872221929722444,-0.01145074911517286,-0.0064959887986717835
k'am,0.01000683277829927,0.02530237718709965,-0.0048860563271600705,0.004151927708322658,0.002469014595730332
k'ama',-0.0016978629848232855,-0.004532154375767681,-0.003061738119452353,0.0006979694071937072,-0.0010263153813645579
k'amik,0.002897455708855272,-0.0018434700065913297,0.000602551124796787,-0.0008235183142140817,0.0008466628683008546
k'amol,-0.0027867705647482864,-2.6665713496198575e-05,-0.0026647076935574104,-0.0029638820029113323,-0.0011348183162101563
k'amowab'al,0.003597096886600067,-0.0014619863378755068,-0.0014225725934762182,0.0012639584689735721,-0.0005638896530462771
k'an,0.003546497511175022,-0.002280109813379263,0.002298709682719877,-0.0005194931880270809,-0.0009587249620497795
k'aslem,0.003405262127089922,0.005729632785490188,0.007004079416515202,-0.0028829956631606364,-0.0025218675394077755
k'aslik,-0.002744952315734998,-0.00101602766675919,-0.0010311569074856171,0.0006520583684012903,0.0011620409757593733
k'at,-0.00386495234418039,-0.0018944000424306225,0.0011577240290270422,0.0004289590429887411,0.005669888335256483
k'ate,-0.016055381236925813,-0.01601202220864148,-0.00831541672077859,0.0006790708202661787,0.01046406992160344
k'ax,-0.002540881250841038,-0.0010402571231632955,0.0037493091721936445,-0.000661238987751971,-0.0009278235384422154
k'axk'ol,-0.0005566534207851513,0.0010002383046814596,-0.0008516093936721955,-0.004390795037435161,0.0011215772246211822
k'axtok',-0.00211553262795848,-0.002127146548915943,0.0002403694955729152,0.00710075849587558,3.1914016052480966e-05
k'eche',0.003063935518966006,-0.0020305150703922347,-0.0009291062871411238,1.1896167158380927e-05,0.00021860586782385553
k'eche'laj,0.005888703939726905,-0.006382399777239552,0.005074591441545851,-0.002314185202995649,0.003169279601506537
k'exel,-0.005739066713463771,-0.0007847463423483878,0.0011966029817669077,0.0032762180140588856,0.0021702133267836043
k'exwach,0.000456426300052755,-0.0016429727329227912,-0.0022587353087855978,-0.0008809060429525734,-0.0009633559810402895
k'i,0.008344702649721685,0.005818559808360662,-0.0025959323093228785,0.001154332196386811,0.002222472737530811
k'iche',0.022813783012901625,0.0331696742795299,-0.0001782517545096595,0.005268646585569767,-0.0019330786776737838
k'im,-0.0007427819072294806,-0.00011986780791094888,0.001987314350337023,-0.0024204232265099997,0.0018088709546891905
k'iq'ab',0.008294850640748067,0.018334359455438425,-0.0013653609164864342,0.004147529788492793,0.003500501489445887
k'ix,0.0014895147369668308,0.0026391143490866725,0.0010427735293465751,-0.00046290816461141705,0.0023466599164570345
k'ixb',0.014065427703159324,-0.009792783172230028,-0.004123541370848462,0.0008545010404061144,0.005584323484109798
k'iya,0.0018258275006160672,0.0022687038789463328,-0.0044750816751444105,-0.000547823150867067,-0.0005291234693069613
k'o,0.014461131813294005,0.00453248641772095,-0.0039936030854670354,0.00690036486540031,0.002094422912810473
k'oje'ik,0.010377189761921745,0.005490111009473926,0.0017296542834081654,0.0010542899564074868,-0.000332687764899717
k'oleje',0.0023234864585005843,0.0013564784454380644,0.0014473622106777745,-0.00030367121319685827,-0.0005594301109368854
k'olik,-0.0009498797881112728,-0.0005539418404584618,0.0036579257542679318,-0.003414431791134738,0.004448532372450365
k'ot,-0.0016798653516804163,0.0006569283459419169,0.00041265683237508207,-0.003194555643957583,0.002653488207932474
k'oy,-0.004365953208511477,-0.0022362803008694775,0.003904578996195357,-0.006541576032415687,0.011735476123541488
k'u'x,0.003056089089929796,-0.005241370482321321,0.0031530488200088814,-0.007423074412819983,-0.003952225325322056
k'u'xlal,0.0013824752621203595,1.165002709101186e-06,0.0009300252490479306,0.0009018702998498096,0.0004135129383780182
k'ul,0.008889249242280215,-0.008730410667933938,-0.011681301107942202,0.0032163597981489664,0.007054045183425788
k'utb'al,-0.00045331755497065245,-8.873284180250675e-05,-0.0013593770231486375,-0.00044126637335851235,0.0030627368969025582
k'ute,0.0022266215809788542,0.007404578147310875,-0.00020523337864702742,0.004375675086126718,-0.0008570474215931875
k'uwal,-0.0012999185798733453,0.0006031696558513853,0.006692138600571286,0.006289608719852993,-0.0033735590654146207
ka,0.002652668512238146,0.004197181381169412,0.0004860254809635705,-7.573793547011576e-05,0.0035065106096202796
ka'y,-0.0006625298009187957,0.0015909022331276512,-0.001455090653434087,-0.0017030241674831365,-0.0020812632909764043
kab',-0.005171688664963798,-0.002681101258381929,0.004538669161739877,0.004392025982045476,-0.002699937048763054
kab'al,-0.004588883030660304,-0.003712696841834377,0.005425772325550009,0.016319043770240193,-0.0009533306865422837
kab'an,-0.003088135759035619,0.0001534699698500014,-0.001346659972365388,-0.0011138082700539044,-0.000792329791265771
kab'ixik,-0.0011836264470695128,-0.0001089296997263733,-0.000303445092086879,-0.0001317129154378786,-0.00033477386303361513
kab'raqan,-0.009642241812691127,-0.002505331785525671,0.014135724162430094,0.016225362550618443,0.005977504079828367
kacha',-0.009554823791611374,-0.004128625845565817,-0.006096852929310692,-0.0035742192762219273,-0.004308902607457507
kaib',-0.0009094975983968556,-0.003396979593406721,-0.0036739595940858817,0.015941871069304534,0.006207555051370792
kaj,0.009584542420164543,0.007196999107647833,0.04973527636177981,-0.02254566128889728,-0.020628441559646736
kajawarem,0.0027719749208490684,0.005077665707943148,-0.0022920961485373625,-0.0018763003005720258,-0.0027240989210337912
kajib',0.00459138383763657,0.009546302356141642,-0.002012941427834564,-0.0031219017686212017,-0.0032051533655930633
kakib'ano,-0.002228789402895598,-0.0005330762019236046,-0.0026109241938710843,-0.0024435381624376765,0.0004949681299966852
kakina',-0.0005577951230417839,-0.0016570249924446078,-0.001092352209638907,0.0023195117708057164,-0.000740926384193259
kal,0.002335990968036449,0.006560133121788445,-0.0005517707903541561,-0.0003176443569743061,0.000232658461651907
kalaxik,-0.0025190975177023975,0.0011086753488383156,0.001846228546671772,0.0015671807504845949,0.0034939679322852383
kame,-0.0403049627876187,0.006612585800630483,-0.03418160368266217,-0.018780112569436933,-0.03352340452079966
kamik,-0.003504421828829791,-0.005475346365867611,-0.0026629589498460824,0.0020191335546236237,-0.0019729698715219004
kaminaq,-0.0021064187936219786,0.002215566444897228,-0.001193741713154029,-0.00017260494676001566,0.0017229813364027149
kamisanel,0.007201815588966506,-0.0023400927266305637,-0.004762703973490848,0.003068369796206928,0.0026623062667772896
kamisaxik,0.00344498292404458,-0.0034825683582725762,-0.0002408578728183426,0.001028406359131071,0.0013238693502770308
kamisay,0.0024687061813686803,0.002436553927476997,-0.0007679714105226471,0.0010315084206984682,0.0013932660368876598
kanab',0.002427267586440878,0.0058380400596894375,-0.0009910489709706683,0.001327381629158722,0.0016025627870878364
kanajoq,0.00022896990421451062,0.00033238310502232163,0.00013453219082428845,-0.0002090782787734065,0.0016536258560012347
kanoq,-0.00040299244512469423,-0.002413156105420737,-0.004363216159647394,-0.003434591630635371,0.005225296686102681
kanuta'o,-0.003215817225931061,-0.0002246773869565848,-0.0003040480373234164,0.0009974482297515656,0.00016669533667785242
kaq,-0.005753810343000612,-0.0007855826657835472,-0.001127085622879764,0.0013154604922542858,-0.001947699906027893
kaqa,-0.002827844318633006,-0.0008146087776072652,-0.002132484581450174,-0.001758184005842752,0.00045421327573867367
kaqaj,-0.004199652885283286,-0.0008367121944851503,-0.006516708148455688,-0.002456867247450921,-0.004272346635765328
kaqan,0.006283070492402009,-0.005900714730212725,-0.0004144856069879754,-0.0020970602995489776,0.0035608544005557114
kaqaya',-0.0005365448585914119,-0.0014076873447177493,-0.000862283420287579,0.0005305696596955335,0.0026432836808855656
kaqchekeleb',0.009909389649363075,-0.002113175741178628,-0.0013295315779718107,0.0018576561551002049,-0.0011849890329739836
kaqix,-0.022384654284579926,-0.006610389305676803,0.024055014020583937,0.05740130999778783,-0.01630084189147031
kaqulja,0.0008455088796903882,0.002911012545786672,0.014396880692271864,-0.0036829206252316383,-0.008106993122356096
kar,-0.002278713581195121,-0.0007118231282166107,0.0018437736449199661,0.0029883380982444144,-0.00016629973974592366
karaj,0.000746459422110011,-0.002746177015390719,-8.028282743082555e-05,0.0009942862253231773,-0.0013566316421113442
katb'e,-0.0026639137941660757,-0.0010999990396764108,0.0004599087502136022,0.0023924857613055704,0.0013721473343645916
kati't,-0.015713212722122005,-0.003614384960076495,0.003434337671065737,-0.020298296677854342,0.037612617561433866
katk'oje',-0.00335265164842537,-0.0015651035763196315,0.0030538766653368946,0.0020476972386999255,-3.051883973069988e-05
katz,-0.0003728978238704587,0.00016098684605988524,-2.353186167232567e-05,-0.0024404017664406683,0.008166520136312982
kaweq,0.0021370913693025385,0.0022597533068636206,-0.002280808149352012,0.0008852212830789952,0.0022001795620186764
kaweqib',0.007034665694638048,0.013753174751913169,-0.003940820332661937,0.0030666773119823205,0.002046792996539092
kawilo,-0.002904176820820061,-0.0011120701043010152,-0.001850600443257625,0.0003783747163809822,-0.000730070242449767
kawisimaj,0.004367425023829759,0.009083172123924926,-0.0004589539281344475,0.0020067661869897723,0.0012851499949235589
kawub'al,0.0003600540119637924,-0.0013328843675377681,-0.0020501256658951037,0.00179965688036678,-0.0012936889735092605
ke,-0.0011150514780675863,0.00295171282206162,-0.0025291619045787186,-0.005694539695699395,-0.0028532341880456963
ke'oponik,-0.0011166693942480784,-0.0006851146456995804,-0.0005596430588367149,-0.0016249260598272433,0.004167080781005117
ke'uchaxik,-0.0012131309725498393,0.0006323397085033054,0.006812473320904069,-0.006144094915176047,-0.0025532246022136754
ke'ul,0.0009991242874045768,-0.0008372477112814483,-0.001219785342232125,-0.001393123053893359,-0.0013217703517741264
ke'ulik,7.036736949716621e-05,0.0006139763018952676,-0.0013159014810278232,-0.0023339698145100583,0.005407790145407527
keb'e,-0.0037166244457592463,-0.0004219834092512166,-0.0032612999834038996,-0.0027850963878188386,0.00046216997807829003
kech,0.0023750549695924473,8.379913685249467e-05,0.0011449852658645013,-0.002761651912597448,0.0010451997453844125
kecha',-0.007614665975033143,-0.0047662899540847166,-0.010005583753107013,-0.0073694516322346856,-0.0006796142172416374
kecha'jik,-0.002951480063273788,-0.0006377324082326601,-0.00197625416342326,-0.0002966569923759615,-0.0004030467675742438
kej,0.007234449681780979,0.0027370522473292424,-0.0026329092599191636,-0.00036299393429879635,0.016156907644938774
keje',-0.004346089998380522,0.00038135676934160915,0.00881512686767135,-0.0008569484145716843,-0.0006143536355008016
kekamik,-0.0019128476313136794,-0.0005460870043892727,-0.0024692031820260727,-0.0013761212494040056,-0.0020124122198763987
kekamoq,0.002549808766594137,-0.0002470599124409935,-0.0002034287346382572,-0.00025018063313069454,0.0006507131759975352
keki'kot,-0.0036873049711167614,-0.002948580740893841,-0.003670616592208115,0.0005174183320149651,0.0004942530066055303
keki'kotik,0.003577083140809828,-0.0018378827111182711,-0.0029134128996543885,-0.00040510712957828667,-0.0027545921136964894
kepetoq,-0.0051060105175559116,-0.0001824847029516633,-0.004679332040576302,-0.0024507670596353418,-0.0020289697184119083
keta'm,0.0029217861152073814,0.0001695493714196829,0.0018722987268240357,-0.0033545952389194295,0.0028121124892791075
keta'mab'al,0.0034045382272209494,-0.000650401345157289,0.005007767508138023,-0.001590005871503384,-0.002931143709245827
ketz'ab'al,-0.003062887498318563,-0.0004642474198603709,-0.0018631895377968595,-0.0020600867395597308,0.0010196329291623286
kewa,0.0008928676498327646,-0.0021979659341564736,-0.0007274236586406146,-0.00036201441377429935,0.0015641833471211574
kewa'ik,0.00045932056198212385,0.0007249497447542002,0.00077461372620775,-0.0009011265509729435,0.0032233274214017067
ki',-0.004503087744515991,-0.0015233936640592289,0.0002622654977212593,0.006277864436588349,0.00014966967144791076
kib',0.0029684274692268987,0.0004895054761329781,-0.0114819783820084,-0.0024746960228233853,0.0013144645786055298
kib'il,0.0014663924677668146,-0.0053866055667093895,0.001717597701526097,0.0002583130481368732,0.001416353106336616
kiej,-0.0006436087324780619,-0.00039665602100652503,0.011186442316593319,-0.006704736229743362,0.0021838579586468845
kik',-0.02398037454088415,-0.0024074913362735423,-0.0171831226987086,-0.01192363863039836,-0.008460728112895386
kik'el,0.004720817807172327,-0.0027808548547906355,0.0006001052315497551,-0.0026235690663793387,0.004741285260357849
kil,0.0016990811544783093,0.0023430517490788034,0.0022774936354823744,-0.0012657404104471782,-0.0005717966070559027
kila',-0.0011054933305249095,-0.0004968455226336329,-0.0006333846875608704,-0.0005526252245180019,0.002046147787271622
kinb'e,-0.002209981494356902,-0.0009097459332595707,0.00048465487912548026,0.0021960472099703423,0.0011395267489725236
kitze,0.03971707943880101,-0.028994814614896638,-0.010002209565406801,0.0015342198937043454,-0.00924444584039385
kixb'e,-0.0007515988863989332,-0.000809952285558406,-0.00010650393918698336,0.0015404848363797545,-0.0002997100721390195
kixb'ek,-0.001679005554890401,-0.0007167105569086778,-0.0022928369132855834,-0.00012385614610231142,-0.00019667266390862437
kixcha',-0.004850413927173144,-0.003446960250305487,-0.006777141770283027,-0.004052216888865116,0.0020115431141249987
kixoqil,0.012716704066965435,-0.0052625668281813635,0.0006468765803763325,-0.0008123623128393429,-0.0009868787620902538
kixpe,-0.0008330885784337479,-0.000823930095523066,-0.0028348835708231954,0.001080877472508792,0.0011646399407338138
kixpetoq,-0.0029633025968569455,-0.0008460878896474996,-0.0013397830086619952,0.00038062213960322346,-0.0008148691529002771
kiya',-1.9334082312430206e-05,0.0033637202608527,-0.002284763076825285,0.0012456770987488617,-6.628603384288674e-05
ko,-0.0009141985253569334,-0.0004894616597396675,0.0011205523127699672,-0.0012181843784863724,-0.0006651027199568914
kochoch,-0.0007967484308256628,0.0005400420279175156,-0.0014351663352093337,-0.005755517694354655,0.011802525399215025
koj,0.005747224321034802,-0.004086414997674809,0.00110816076713766,-0.0017832350240775516,0.005231267354555594
kojb'e,0.000559012638694016,-0.0006279179986163269,-0.0006409792722392165,-0.0011182950973166353,0.0016880383423350884
kojb'ek,0.0006359624371131335,-0.0022609632972820913,0.000128513132453736,0.0008878322351897288,-7.365888649830816e-05
kojcha',-0.002017143547897375,-7.626058044145534e-05,0.0006438042200308536,0.0017690699491795306,-0.002594730667180867
kojcha'j,-0.002962819318379847,-0.000984225739300668,-0.0021698559111553084,-0.001542189803340711,0.0007008409940098457
kojkamik,0.0014167482745326267,-0.0016995888586569699,-0.002767810866655308,-0.001112593451125601,-0.00040894495014068836
kok,0.0012789650608428262,-0.003652479585691834,0.0009590404804449638,0.006539557470291966,0.0001343626644333102
konojel,0.0009646965245834856,-0.0011991713182735537,-0.012286874157043196,-0.0021719632874990366,-0.00394440986663888
kopon,-0.00018161864269091317,-0.0007170622930591331,0.005254956752037358,0.004600677760762352,-0.003949370485297725
koq'ik,-0.00019375792465995732,-0.0006507166888876577,-0.0009353309763685348,-0.002642812610889076,0.0019723724901778436
kot,0.004066477592122034,-0.0008087917472210566,-0.0036297177750011377,0.0016739747007464645,0.0013845136861534383
ku'b'ul,-0.0017125122907825092,-0.0011249331354227837,-0.001938289010459295,-0.0006669917983601004,-0.00029551205369674236
ku'b'ulel,-0.0024712233952652977,-0.0004241877495181647,-0.0016580608051456193,-0.0017410348855718836,0.0001775630197197058
kub'ano,0.0012463725819032816,-6.96820732781567e-05,0.0010555280294345822,0.002992666379200337,-0.000894552088621965
kuchuma,-0.007511319165772395,0.0019615631586569486,-0.004155365500470592,-0.0013411136769933983,-0.008743520174731975
kuk',-0.004522470336463677,-0.003134965014663952,-0.007474926799645053,-0.004951540633819943,-0.005263742117206586
kuk'a'am,0.001824986368365528,-0.002978843310251842,-0.001091191441866644,-0.0018297053225984612,0.005967118802913874
kumal,-0.0033203827098601136,-0.003799608035430323,0.0015006200284170257,0.0005443166838604947,0.0024529591513957265
kumatz,-0.003599801471867904,-0.0006340601039491753,0.0017643321820890255,0.0001086077320226599,0.0014346597633718634
kurayij,-0.0024946768125919307,0.0008271308895141739,-0.0013420625214776397,-0.0003335959058206485,-0.0010127024675226793
kus,-0.003597961404130216,-0.0001689788909313538,-0.0009404011771673293,-0.0009277958177391319,-0.001775182638239118
kutzin,-0.0006797128291301477,-0.0008669710351647723,0.00038428835889029974,0.003998564087469908,0.0004985139496897382
la,-0.0046430151639683245,0.0017660426055195006,0.0003582433150611837,0.0033711221728319764,0.0036417852055562754
la',-0.025805524073468603,-0.01312381309893029,-0.012435043145502088,0.0034387352321248324,-0.0034599234561028
lab'al,0.012500150878109316,0.01203336165961745,-0.0045669150088623,0.0029619327664881815,0.006005424062278854
lab'e,0.0003899171639979181,-0.00020316533478923285,0.00267301651010045,-0.0012237392303197914,-0.002721498533709623
lajuj,8.952159914374841e-05,0.0029188499589804236,-0.001062236723003787,0.0006851663610393986,-0.0009843501949872043
lal,-0.00881357264075341,-0.0009419072646990322,0.0023144945104603856,0.007595738989189748,0.0027427192241949315
laq,-0.0009337555038932396,9.108893747278281e-05,0.003928160675550331,-0.00326318680035563,0.0006740681520441747
le',0.010531666532031605,0.030507896812579007,-0.004970897268471538,0.006548710280488,-0.000985156180223871
le'el,0.003928283704373963,0.0067857629756521405,2.1164054816516275e-05,0.0006480448399321606,-0.001283652143239354
li'anik,0.002940417302827756,0.0033079590038294724,0.0034998818123619883,-0.001336923445151018,-0.0010861408640379035
lib'aj,-0.005372934223661837,0.001654021225557478,-0.002570117526392814,-0.0054032046135794095,-0.000419310666609931
lo,-0.003937824942930695,-0.003995549638163444,0.0011118753370737498,0.006238894170747672,-0.0007482050267788428
lolmet,0.0025484560152918586,0.008788644500665896,-0.0026779453370164913,0.0018462534693875663,0.0005577157706082321
loq,-0.002947720676532724,-0.0005918926423046474,0.0010502760699910667,-0.001148104949336622,-0.0009153519760024271
loq',0.0037776026760310668,0.0027022984225316374,0.0019204333961890467,-0.0008178212508756113,-0.0012043770992077746
ma,-0.005607864952360016,-0.007534806046737033,-0.007009161295735053,-0.0032538079671973414,-0.005225885629091874
ma'ixik,-0.00013976215305804322,-0.0003564486690165126,0.0022614882980616703,-0.003302646999504366,0.0010820987039703693
maja,0.0018068485111749702,0.00022919924953671077,0.0034860951299107955,0.0029919023397927584,-0.0037380902891976328
maja',-9.633720720692924e-05,-0.0007669810483897277,0.003206917805644726,0.005120058544521434,-0.002178670825790805
majukutaj,0.035210651938030246,-0.02522086422437973,-0.009565980029621241,0.0012401591004907926,-0.00725097433596033
mak,-0.0011883606761377771,0.002014664059913525,-0.0003404257359040948,0.00020488921439839214,0.0005741656338158907
mam,0.01022267155424643,0.0011902337889452101,0.006480553852783518,-0.00032903542693083317,-0.006107028335419282
mama',-0.006707904093737861,0.0009633355585352064,0.005742609200257458,0.00880477168210522,-0.0037895934375353985
mawi,-0.0013232385294756008,-0.012334873292553013,0.0022592526828174218,-0.008867936726816981,0.0008324675674032945
me'al,-0.0032312770331583934,0.0007634124047059655,-0.0015309440091829183,-0.0006016190896583899,-0.003033740081213703
meb'a',-0.0054196069043665595,0.0011057808963974905,-0.005955526665335906,-0.0025914608742884475,-0.0018548315558613736
mes,-0.003349920715633361,0.002042334194268548,-0.0019654378806148952,-0.00397124048124717,-0.002806968375427424
mewajik,0.003479741983147545,-0.0012766597904868354,-0.00040969939952376956,0.000576983200449603,-0.00023101239613488876
mi,-0.018761282475607096,-0.012268477212652895,0.009028795579238944,-0.008156621722749861,0.0006823643951451661
mi'al,0.004457604128684324,0.01006924857781555,-0.005560215511054213,0.003749795307276839,0.007913185371680946
mich'b'al,0.0012900234239501295,-0.0023199109838013096,-0.0014424433023827172,-0.0008880740060236419,0.0027778181408974413
mixb'isonik,0.00043630443597900956,-0.0035227401299091415,-0.0015488650982627677,-0.0013883324525252867,0.003866316206271447
mixib'ij,0.0009473883710120596,0.001237471990077031,-0.0017754397729940691,-0.00029747566586234736,0.0006598422320071043
much',-0.0091143956907251,-0.0046492737266019615,0.009819717679044979,0.024590597885693094,0.00154325283741292
mul,-0.004146681525188457,-0.00137586550911729,0.0031856793150578217,-0.009803652312149124,0.007939980324526884
muqub'al,0.0012414230931277537,-0.0008582932150954388,0.0032068206116726574,-0.0016764390650393602,-0.0021178870077635933
na,-0.0021469019279216394,-0.008150995898354359,-0.004962603565338698,-0.0024165301133489657,6.2119634066864e-06
na'oj,0.0003315803471359148,0.00039520746262840007,0.0042780306106216665,-0.0019906105347342056,0.0002684420182461571
na'tab'al,0.0019413536451893271,-0.001207959088713553,0.0010692862962439341,-0.0018964581772532314,0.0001265810411924108
nab'e,0.007434497094357722,0.00519339973448688,0.006963812921483736,0.0018359775639028976,-0.0038699758073349505
nab'ek,-0.001165346794012387,-0.0008121502739170444,0.0028525447253748906,-0.00376915416830618,-0.00010262836713240226
naj,-0.003727515909419509,0.000545114993482078,0.002533944065800808,0.0011119927707223846,-0.005021220417499374
najt,0.004408785180477166,0.0034901083515523888,1.5024562272556391e-05,0.0020867385729871207,0.0018156050244638002
naqaj,0.003914360596817221,0.000575690845309374,0.004295605942655161,-0.002009391647023448,-0.0035642389399015194
naqi,-0.022057466662521463,-0.009836924996787167,-0.009752807684463396,0.0005180631241212668,-0.005282138197220489
nawal,0.007241922024540742,0.009475366892875148,0.0011201486530331996,0.007400188565476097,0.0033547137545420808
nay,0.005146278901142718,0.021121805910506334,-0.0013201397577227603,-0.001451253802750133,-0.0012773381726266578
nijaib'ab',0.006814796043396431,0.01518424018476312,-0.005044718062199703,0.004381785848446006,0.0016049122875288135
nik'aj,-0.001273531885616634,0.0015224563228770124,0.0063170413861649245,-0.002246897388974311,0.0025203591459710805
nik'ajal,-0.0014516723604634043,0.0019999940719294643,-0.0003434760590832097,-0.0035516498788254196,0.00512045518204742
nik'wachinel,-0.0016473325215856228,-3.793169528331777e-05,0.004213487698137396,-0.0028305127813316538,-0.0008955955056455594
nim,0.020849558081117086,0.04320228500491678,-0.0071933736024783,0.004977008779115778,-0.001591024016447429
nima,0.0004166607014334391,-0.006152468817018812,0.007895938325436329,0.007501932936421544,0.006779381516480507
nima'q,-0.0007776173897775925,0.0013234413575888674,0.003670729507752006,-0.001565480099723463,-0.0010264926784040204
nimal,0.0016502671170255717,0.0050464485152966155,0.00045426983889048446,0.004235456298106138,-0.00034702870914974466
nimarik,0.0035341235562916526,0.006097949519153987,-0.00045504294093779335,0.0010552170209549834,0.00018317939438323806
nimarisay,-0.003067004736284488,-0.0012377436230463649,0.003877083401962276,0.008076808090489685,-0.0013082076723110426
nu,-0.02053752750787809,-0.0005078648704490677,0.00433470267641506,0.01848997474642127,-0.007473092138579091
o',-0.0091143956907251,-0.0046492737266019615,0.009819717679044979,0.024590597885693094,0.00154325283741292
oj,-0.002659218286833839,-0.0038145156095357657,0.002895044670211809,-0.004216844252384474,0.009089517951103805
ojer,-0.00020486780104996542,0.00430252243291698,0.005078549312533665,-0.0027493970708454564,0.0037198662482880646
ok,-0.0023455134740739576,-0.00048067890287810573,0.0010958726287281341,0.0013569982974041188,-0.0012271100928092327
on,-0.002377812978510648,-0.0011404081613227944,-0.001209391327559101,0.0025550994721424743,-0.0013266426249098542
oq,0.0027122050974606603,0.00673641611706475,-0.0014096606112883015,0.001451134768134741,0.0027354489178320614
ox,0.004443718043441652,0.00027447510088529956,0.0011197175131474272,-0.0013201587859407039,0.001495124655460108
oxib',0.012424539269193267,0.007931398677284904,-0.00519641537376231,0.0036047118889918016,0.0027433772831730848
pa,-0.00941320011957229,-0.012298697840373893,0.004954665410778517,-0.009819771443642314,0.005887430008042391
pach',-0.004986722492829808,-0.0002639470711037828,-0.0028592298458060806,-0.00381742113054657,0.0025236705357376825
palo,0.0066329110830853615,0.0013879274689969964,0.008275111878282981,-0.0034761051654770133,-0.0020577272374556806
pam,0.0010863622154289611,-0.0005137656244232156,0.0019185296644015433,-0.007592856973412576,-0.000454635962720755
pat,-0.0035752394862166846,0.0005968779842834825,-0.002779180016369756,-0.0016823242351793892,-0.005139319880468163
patan,-0.00041010583744979665,0.007142244168575629,-0.002171772722730661,-0.0039664551887308,-0.0071952411493546
pe,-0.0019852201466332435,0.0007986471966231261,0.0009238857006455298,-0.001599266188767421,-0.0028057179796056072
pek,0.001842648019312016,-0.0025007729512489816,-4.8354695787132254e-05,0.0022752651812855823,-0.0010017656616416169
petenaq,0.003017804259634125,-0.0024951964391965896,0.0006476258048645587,-0.0002539299599942114,-0.0018548541271119158
petik,0.00010898408157876581,-0.0013291775981182157,-0.0008445314793745464,0.0003743540438162744,-0.0008961813695694465
pixab',0.0031352480660746165,-0.002026690206923932,-0.0005582334337139987,0.0002843697800743633,-0.00015277980680098525
pokob',0.008377530169766122,-0.0016208132180878982,-0.005386884374506365,0.003644592616498297,0.0030339653859043575
pop,0.017114416521362755,0.03654123429720351,-0.0026493712793115146,0.0049798209835571535,0.0022083236780805725
popol,0.0043851102694662135,0.009833359470449369,-0.0023904526042549234,0.0015726028379883556,0.0013293709705000192
poy,0.00031510296405510196,-0.002404200709830925,0.007438369679848891,-0.006287758848906964,-0.005549636669233779
pu,-0.0003230692463748828,0.0033594163413755013,0.001361055398207556,-0.008887036545252516,0.013703605400292005
puch,0.01564243771918238,0.013608842708722865,0.005847602118002012,-0.004176748440534006,0.006308400478170469
puj,-0.005672024314056883,0.0014790914539464643,-0.004313757476491609,-0.00468871693045194,-0.005990788996186174
puk'b'al,-0.0035384013409906615,0.0015556150684879193,-0.0005295675822260741,-0.002896885153379443,-0.002306818232951879
puwaq,0.006667894086124628,-0.0063932626241462055,0.0015962329524680464,0.006774553392544661,-0.007284325828582064
q'ab',-0.010912470622919763,-0.0024834010552958414,0.005196068070120355,0.0039887199710638855,0.0015696744447327995
q'alaj,0.010601300198727584,-0.007810017575583517,-0.001552378778133136,-0.002539586441831591,0.0032527952771924575
q'alel,0.012110257263937019,0.02918840656107481,-0.0016915949456404258,0.004672604499437017,0.0018466367754409435
q'an,-0.0005087439491746223,-0.0003264308491348323,0.001057240873912095,0.00018434442141449715,0.00324713747427802
q'ana,-0.005822943028334236,0.0014133425052630497,0.00027917565648080927,-0.005778975232329685,-0.00844501282675008
q'apoj,-0.020474521950256643,0.0021539016608826864,-0.0046840408183372656,0.0007597269559739061,-0.004043203373825819
q'apojib',0.009726030569575498,-0.013107188139715918,-0.018738705181470684,0.004847471020640492,0.014066790494703111
q'aq',0.011282654266231644,-0.018762315051586754,-0.008581561184150144,0.00810505965776446,-0.0089184553487149
q'aq'al,0.013100213697595297,0.005257877297656555,-0.0021125318476500248,0.004582231206217935,0.0007502320326676937
q'atat,0.0033902972085786166,-0.0032135379163637993,-0.001382409967942593,0.00011344395365106821,-0.0013016520853113534
q'eqa,-0.0023032666449488413,0.0005505575093892497,-0.0006819544248520108,-0.004680330156082804,0.0016193372058643267
q'eqal,0.001588097748354751,-0.0024932677791482437,-0.0003795777840692691,-0.0007607448567373048,-0.00020715135455717462
q'equ'mal,0.003519801877665889,-0.0017353891582437791,0.00581507428615394,-0.0012754867882710447,-0.002729815345738346
q'ij,0.023940630965046613,-0.012501029362863873,0.019303893125033916,-0.0007137441847527261,-0.005272024533830896
q'ijil,0.00018345682561894908,-0.00025059972727896394,0.002392835775837358,0.0004554927166323977,0.00033816306319740667
q'o'l,0.002664550729057072,0.004120960851869541,0.010268461484412286,-0.005709844989806787,-0.0030462563278280735
q'ol,0.002003597264292686,0.0015696494940463782,0.003470453811076185,-0.001946569589208243,0.002079736903159067
q'u',0.0017069394485545771,-0.0016683214172247016,-0.001421072388905523,-0.0005731341489549851,0.003766376383933906
q'ukumatz,0.008098747021895565,0.012774464377673933,0.013199449003658157,-0.005171160466859112,-0.005780467553049792
qa,-0.0008078770006920899,-0.010565821004667271,0.00494009754651337,-0.014832533571682755,0.0009843747835451898
qajaw,0.0032417811733187175,0.0011605324820626172,0.008118354199188186,-0.005532004094301732,-0.004358191320347455
qajawixel,0.0015187619362222226,0.004665279792023116,-0.0010776765188954388,0.001177452056146902,0.0006201135792190226
qajoq,-0.006128298422389444,-0.0009832551478004094,0.004252288313944475,0.01106749868461749,0.002717243685797988
qati't,-0.011140079783254448,-0.004281946446894309,0.005627066407819845,-0.016673122751648454,0.030713662403051546
qatz,-0.0022923402455872505,-0.0019315358881044338,0.001564677425146693,-0.004345583809616887,0.009877035831004244
qe,-0.0033650796760468274,-0.0027477736447210806,-0.000188411398604804,-0.006106717395285226,-0.003636627070028464
qech,0.002370144368287287,-0.0009677628855965449,0.004857514101355834,-0.0024921294595039254,-0.00023600579654408749
qi,-0.0002498293489628691,-0.0038140745521191605,0.0005787926161338496,-0.001888781834868664,0.0035378426196543424
qib',0.002454155086024903,-0.0014955031144246326,-0.0028953575257408644,0.0013169976177380112,-0.00023277461511985335
qitzij,-0.006598280629222186,-0.0009354155808452661,-0.009713035719385582,0.0002571555679941381,0.005525737480944487
qochoch,0.00042915169922698866,-0.0032645242891838704,-0.0026660660196213717,-0.0015319856677855047,-0.00045448663059001254
quk',-0.0020513279490445833,-0.0004319612105466773,0.0011606606406200605,0.001326021288168007,-0.0010014209275396512
ra'il,-0.002067813499614965,0.0016739072097529954,-0.0011177751552929566,-0.003052908958546987,0.0007030933672123278
rab'inaleb',0.009133534499220237,0.0006772267340960377,0.0003803291536624756,0.00079216292235945,-0.0011632162507278728
rach,0.001923132617094136,0.00010151584084490658,0.005112451040888345,-0.002285329822659924,-0.0028265805156143585
rachaq,-0.0017351249078415647,-0.001210962004795889,0.000980519051560069,0.003756002774525949,0.002690564940678831
raj,0.003375499337499319,0.00030626327155645764,-0.0007022430808248009,-0.001239480648993166,-0.0038977267909117395
rajawal,-0.005194715426450721,0.005151509241685137,-0.008483452989839695,-0.0049022019037631625,-0.004356111419264517
rajawarem,0.0040015725740886856,0.004894845861044871,-0.0022821514290880364,-0.0003418920158718901,-0.0009848609661982657
rajil,0.004316213859181233,0.009429623650081242,-0.002369043453895881,0.002783913335413747,0.002639249007172403
ral,0.005263725756701173,0.0035307727637083363,-0.005031008896897196,-0.00081800740202206,0.008319292750376918
ralaxik,0.003253145968664215,-2.5725581396472824e-05,-0.0007589581802166205,0.000576655045101676,-0.0003786040449292845
raqan,-0.0036945740416632236,-6.891369909565553e-05,0.004354235740208755,0.003221167664543339,-0.002818412063967132
rati't,0.00286614862923082,-0.0011241298868079773,0.0078531464817673,-0.006801033665593853,-0.0010347712535339337
rax,-0.004432781969324108,-0.000782320450785038,0.0009282394185506745,0.0005879236609169168,0.00020003469307149232
raxa,0.0020388521115126453,0.002694200093884972,0.011683736728304006,-0.004393207493083345,-0.00535812943525878
re,-0.0029833854194030282,-0.0013586684035920985,-0.0014337217591189463,-0.0021421050594756367,-0.004374024162258792
re',-0.007140114411564238,-0.001423303049320455,0.0007808293645982236,0.008451592829432055,-0.0030957213527457693
rech,0.009410045949935384,0.006898912657614084,0.0009823341447991116,0.0012409407321030245,8.617671399859432e-07
recha',-0.0050367660212862955,-0.0015791990104810584,0.003023075403970991,0.0027657620310838314,0.0024675234235853397
releb'al,0.017119897589484095,-0.00580746248999506,0.0053760110571891215,6.0537653864707326e-05,-0.005031516520671831
relik,0.00531710634658056,-0.0013275465628909823,-0.000589856624997938,0.0005371655387910628,-0.0009173857419148823
retal,0.008317528225694188,-0.0014252824124693128,-0.0067703775404412995,-2.8475338845790674e-05,0.010772309834574592
ri',0.00031696111555434126,-0.0035520773320150264,0.0004501508567372618,-0.0016219316449555903,5.4449295325100766e-05
rib',0.0008410982179824557,-0.0019588175570766004,0.0027587733252426175,0.010181446962526973,2.3272272369973472e-05
rij,-0.002164708329526121,0.002405405636926986,-0.0009844744640656658,0.0016775486796205773,0.0010953670789542458
rismal,-0.0020399225599142816,-0.0008527717513054152,0.00018632672973351914,0.0029290081626213746,0.0018033578852473652
rixk'aq,-0.0036728168276834268,-0.0013234540123000156,-7.021478903375542e-05,0.005619893099518103,-0.0015193790945374212
rixoqil,0.006573811135202079,-0.006331815332269902,0.00843189179913108,0.006689336910812595,-0.0069087198909139145
ro',-0.0012245530051914527,0.0025156553428926547,-0.002477168145903998,-0.0005434168420434629,-0.0023394633516796216
rochoch,-0.0006731050655198554,0.009745445744350273,-0.001588066140685813,0.0024660296596259656,-0.002760977152575618
ronojel,0.014482641654224198,0.0029527723209844307,-0.0020926801720912735,-0.005701470957423261,-0.0034973811512344047
roq'ej,0.0033254880315098843,-0.00040721220521490356,-4.792458453266744e-05,-4.691494284835273e-05,-0.0005314700989833537
rox,0.0023471807532987744,0.0009060325080855904,-0.0006803300122748696,-6.830807641572693e-05,-0.0020776729723007183
ruk',0.010802174309728489,0.00015144905063695506,-9.664111054975136e-05,-0.00587911879711839,0.002365477211736692
rumal,-0.004792456530042612,-0.001217107654085324,0.0027653685630088846,0.005457977199639446,-0.0018189241899098402
sachel,0.002355312803295731,0.0018751084580088042,0.0010650263948342304,0.00018395019973864503,4.370685357912414e-05
sachik,0.0017616126956944015,-0.001980952588414905,0.0023752691744649648,0.0012069720897906373,-0.002651384808052249
samajel,-0.019452779298899117,-0.0032939919455322983,-0.019260761154385155,-0.010501952755329842,-0.007871160648172126
sanik,-0.010690074214806425,-0.0026494331738902283,-0.004229604762773041,0.00455455721343993,-0.0015552874414157892
saq,0.004862559883174157,0.006888382172530557,0.012370939121003465,0.0004887237687146383,-0.006469388368960989
saqi,-0.003882308895292875,-0.0008867476442483503,0.005792302873261844,0.0007725632891517006,-0.0023494594377706465
saqil,0.00014826360959879775,0.0023267398381584745,0.016360244240977435,-0.003289736737258841,-0.00769912080475595
saqirik,0.008324394637863232,-0.006604826409153627,0.0002343263622966412,-0.0028083504200873497,-0.0036178163362464715
saqiroq,0.002096792722113511,-0.0011738854751017754,0.0071293483822936895,-0.0026371025497751947,-0.0029359339921847943
sel,-0.009084611590009721,-0.0010443892692962914,-0.0005904004379080304,-0.00023216483247970573,-0.0041677471665923045
sik',-0.006035498888290307,-0.00018604592167989983,-0.010718921507264017,-0.005447917677183822,-0.014912106298815623
sik'ixik,-0.0010663912299615393,0.0005681557341795661,0.0032205719021026987,-0.0032653425846482917,0.002823549931353436
sik'iy,0.0005008964981523158,0.0013459037035748929,0.0034674113217016997,-0.002294928220703721,0.00030600968272399706
sipakna,-0.019854967122829907,-0.009684623212492319,0.019470853524613058,0.05217001318083766,0.002552740756446709
sis,-0.0033482777676185527,-0.0007146216092154673,0.0033287216450941666,-0.0016644776082993904,0.0013390252321095481
sita'l,0.011405900561164485,-0.007346392954307099,-0.008181202931770328,0.003138914612466163,0.005920140377944969
siwan,0.00488780774313866,0.0023744927813132716,-0.0008160335906289724,0.0041673003016778525,7.555866170020789e-05
sochoj,0.003546497511175022,-0.002280109813379263,0.002298709682719877,-0.0005194931880270809,-0.0009587249620497795
sotz',-0.0009179526204477348,-0.0049261621872043835,-0.007403612726544454,-0.002559644187716501,-0.006924832330293485
sqaqi'n,0.0025697842109196458,-0.00405807936030044,0.0014425825068871121,0.0031346800944481545,9.738631649236734e-06
su,-0.0049431816241645,-0.0047124982817696405,-0.0036098691960829645,-0.004233081678018611,0.004608875525882804
su',-0.005702145192359825,-0.0006678120518218693,0.0017099740216315353,-0.008661095244114616,0.015893574109555136
suk',-0.0016324247078474685,-0.0001530208633229136,0.00493419552015132,-0.0011152046203973028,-0.005516277891710206
suywa,0.007061557005160167,-0.006427840101566682,-0.0018967641453608488,0.0009254769481367339,-0.002880649371036084
taj,-0.0006270902295477526,-0.00640528672760588,-0.002769839612233962,0.0018350820211514324,-0.0035538905738701923
tak'al,-0.0030821047387404135,-0.0005858213133057785,0.0007023864523031928,0.003949098105633507,-0.0020567516250424764
tamub',0.015299539613810056,-0.0034956326990642035,0.0017257136151807519,-0.00033799070101708133,-0.004676655190967416
tap,-0.00639248046754502,-0.003149558003017802,0.006903213059011816,0.018212452409424637,0.0017888315203923287
taq,0.008458204396397096,0.003400219710122601,-0.004594372102340631,0.0025734400374732335,0.013535811895030737
taq'aj,0.0034407691413365746,0.00036761523008229085,0.007074810528220052,-0.0035371114077698933,-0.003530883050948806
taq'ajal,0.002292101611548702,0.0006154718267793943,0.000211505007662416,-0.00012389037502671783,0.001982012002975081
taqa,-0.0026507242366822625,-0.00014565566460714936,-0.0019328389478664504,-0.001913125364815471,0.00014898938247945312
taqal,-0.0071377445450417016,-0.002176667296140698,-0.001196713555880962,0.0012817865626227364,-0.0025548331229638516
taqol,-0.0027744353398630526,-0.0003755848929404904,-0.0031430867736432326,-0.0025130514853549855,2.653776740131276e-05
taqoq,-0.0023744328421440495,0.000778669628574738,-0.0024961074032051494,-0.0021687051230899106,-0.0014883518987473822
tasel,0.0028890875246748837,0.005546268061114327,-0.00022971391275294548,0.0006487443047437243,-0.0009327014212820426
teleche',0.0018442886371061594,0.004074205868953605,-0.00033243009380508684,0.0010321577327435183,0.0011682440236049241
tem,-0.003241191961162923,0.004025178598047232,-0.0077682564529421285,-0.0037480854051061725,-0.00944240571976869
tepew,0.005936221439422724,2.6216023000333193e-05,0.014898122581172986,-0.0073458491854239884,-0.007700063139010466
tepewal,0.003981850803102288,0.004924701053569305,-0.0021185355021574015,0.001976989288501084,-8.946196024015172e-05
tew,0.0033631600376624045,-0.010378435879787344,-0.009658719158642122,-0.0017590366238527378,-0.009331081190240703
ti',0.0014610955912179428,-0.002722779641464161,0.001637989688199653,-0.001964000721603968,0.002682001174530622
tijob'al,-0.006927593674346367,9.57671121045935e-05,-0.0070127490898567926,-0.004611049937366277,-0.008824931646931128
tikarik,0.00484547263441335,0.00035958988555091,0.00016328696396250987,-9.356249657726165e-05,-0.0005441494000595713
tinamit,0.027073295314668556,0.033821657842455194,-0.009124907587627667,0.010785034202743165,0.013067685766893756
tio'jil,-0.0010411515720929493,-0.0014013415623292836,0.014841599605917388,-0.008879275322168199,-0.003952461873399268
tojil,0.04486544761833843,-0.03491116345074911,-0.022411916320900217,0.00495325261415599,0.0036141272754818166
toq',-0.0023134860436960876,-0.00034200383464414043,-0.0019024734453054156,-0.0007106546036927689,-0.0022122197946353767
toq'ob',-0.0022926995004250864,-0.0010991495316625048,-0.0023436031511250674,-0.001658104793350493,-0.000878689636566775
tuja,0.006763537932848452,0.017477607218403923,-0.003964125933280323,0.0049264088748040185,0.0027082004382048704
tukel,-0.004449154444965653,0.004878376326837948,-0.0017786673666619205,-0.0052759203720936666,-0.010207022878994634
tukur,-0.010522900150048009,0.0033824847035377015,-0.005862870230962049,-0.0045869397130541235,-0.010527428517267972
tulan,0.016733476166752505,-0.013317274380125706,-0.0041967479371916696,0.0013850289345927358,-0.004708903839377599
tz'alam,0.003982197660265372,0.0016954254787755053,0.0012683502016431532,-0.0007910632709042735,-0.000403002531133874
tz'aq,0.006966497848120773,0.003653645178843648,0.033690094055669174,-0.01672548001804512,-0.009921458271636645
tz'aqik,0.001419395894049787,-0.0006178251943103459,0.007352945410611588,-0.0047769818636841654,-0.004140047492928293
tz'aqol,0.004792583452636776,-0.0013121171806603875,0.021068839477354537,-0.01295450144365497,-0.008162487963816075
tz'i',-0.003085441762189399,0.00244682113605011,-0.00035361968407313717,-0.0038465802034530518,-0.003576100861624451
tz'ib',0.0019540142592582447,-0.0021792447016676275,-0.003965069584672161,-0.0007671169168779249,0.0027123680881736734
tz'ikin,-0.009196593030921778,-0.008769508410466571,0.02137183775696968,-0.006170450001728146,0.02846189714078194
tz'ikina,0.006322933557261008,0.0001343903296814939,0.0001779745582108322,0.000338809816470443,-0.0011807781237643715
tz'um,-0.0003460947429784037,-0.0023707103679996475,-0.0022818237108284726,-0.0016837342217904735,0.002086255334803438
tza'm,0.0007861531531190617,-0.0008004804582065806,0.00048560577274267205,0.001092134139014586,0.0032342461772434054
tzatz,0.010028457456891987,-0.000727701815924286,-0.0033684862164764556,-0.0014815741066161322,-0.0035157462048991672
tze',-0.005120197212183478,0.0006839306616371668,-0.0009277834918955899,-0.009714228101736973,0.007132046063042955
tzij,0.0004885321723771851,0.0005260820484659002,0.002801153035453342,-0.004409279247958571,-0.0029622911301780807
tzijel,0.0015735869279346908,0.0015541126535501743,-0.0005132594809868907,-0.0009760980015842228,0.0012989874158643075
tzijoxik,-0.005579953000891912,0.002200839880038001,0.0070853686626593994,-0.0008631332664016381,-0.00601574898522523
tzik',0.006648451424365874,0.01586000415178168,-0.001168256613039071,0.0020572552952551537,0.0009124946508097901
tzuqul,0.002664550729057072,0.004120960851869541,0.010268461484412286,-0.005709844989806787,-0.0030462563278280735
tzuqun,0.002527972817193861,0.0005176898873458619,0.0005007085429428129,-0.0008658671273527361,-0.0010640240145122727
ub'i,-0.00023843756105893941,-0.001428413951483416,0.0005718531406072053,0.0009271327826062307,0.0008805878771505209
ub'ik,-0.006068700969208139,-0.00611794340651338,0.00019231937191226527,0.009241065450492707,0.007132151554130565
uk',-0.008166216387995326,-0.002392706364762538,-0.005723767714562522,-0.004400511293161533,0.00355158930026111
ula,-0.0029243161597896036,-0.006096716955930815,0.0034353592345619847,0.009367886593258812,0.0013264006321542705
ulew,-0.001997727264600986,0.0005328765932100218,0.03345837294031921,-0.0043978985010261025,-0.004691462463932834
ulo,-0.0013580337681045032,-0.0017054893477342814,0.0001379778164545566,0.0015053515853686854,0.0006946246191594112
uloq,-0.004378450766539757,-0.009681999177062053,-0.000923350149728342,0.004164863632509212,0.010833072658747157
umul,-0.006662164473918974,-0.002868399475985825,-0.001251646416611497,-0.0033221844610552124,0.002610864225789475
utiw,0.00119038105474499,-0.0021532307117120646,0.004835106558057962,-0.0043400581106189445,0.0031250604731051647
utz,-0.02035323444113021,-0.013770280133704889,-0.005300371398781542,0.0028400870563351425,-0.005825399436261967
utzilaj,0.006636000699345016,-0.0006554601675979979,0.002913093220147006,-0.002348671848678658,0.0001833835159726279
wa,-0.003433511221295433,-0.0016494257283525716,0.002827381857156482,-0.0014397600472680699,0.012629329039400247
wa',0.0032766002846360445,0.005649630166039071,-0.0039035615201573844,-0.0011647532832268599,0.00028002525115694045
wa'e,-0.000507170561733819,0.0022662424756582237,0.0010385589206667806,-6.277760856773615e-05,-0.004006973417951851
wa'l,-0.005113838252664622,-0.0007746789589479403,0.0002164226411252572,-5.964403335702239e-05,0.0009252623793155204
wach,-0.010261165708005568,-0.0025018137317991576,0.0013001446343984882,-0.007158556131212104,-0.009873367920323197
wachib'al,0.006061645261904154,-0.002913506406963311,-0.002096181746491561,-0.0014889562310639289,-0.0007325964225639103
wachinel,0.0032936802505714063,0.0032353202093103202,0.0005837396794809623,2.1254051355943932e-05,0.0008342097267518457
waij,-0.001074204793272759,0.0005828892424069091,0.001572742993247034,0.004229792864978291,0.0007939968712176402
wajxaq,8.952159914374841e-05,0.0029188499589804236,-0.001062236723003787,0.0006851663610393986,-0.0009843501949872043
wakamik,0.010149385370406603,-0.004591326546192762,-0.0010302638552018085,0.0013789781600888787,-0.003913062327469627
wal,-0.002338122176368321,0.0012773258054012985,-0.000709525581090038,-0.0003821150813843273,0.0007499821749409467
waral,-0.002408491837605046,-0.002076538248582099,0.008542380070609501,-0.0033767638081039332,-0.00396597324098114
waram,0.002232866282892194,-0.0021370153819647653,0.0007959256515175915,0.0007230127878868717,-0.0014388197648426025
waranel,-0.001925838907299271,0.0008941666118501577,-0.003437249286751192,-0.0013212219117503471,-0.0033821956588888026
we,-0.002767742203441008,0.0009567750076721655,-0.002633070694369469,-0.0030413009293030224,0.005309614622014361
we',-0.007276442061059439,-0.0007594285303212692,0.0006519589048323271,0.006529700490671224,0.0012886413406610754
weta'm,-0.002388278510173635,-0.0008890618652924632,0.0014331060433121403,0.0029991400879301605,0.0005307283919892311
wi',-0.004579580188912424,-0.0016767839039587946,0.0013949793013710698,0.0039125552450485586,0.004642200389968949
wi'y,-0.0051055552040861225,-0.0016289822378118615,-0.001676890311405537,-0.0032294188393769316,0.005692185955096932
wila',-0.0027946688422238785,-0.00013917230692395312,-0.0010390655081368924,-9.81474293870073e-05,-0.0001405189102869257
winaq,0.02434764485840837,0.012541517305848269,0.02311457797291829,-0.011792193597693873,-0.016043442020501095
winaqil,-0.0002334932826441824,-0.00015102603196937462,0.004548321422698919,-0.002665753000687855,-0.0022021998562947688
winaqirem,0.0019441025268565066,0.0031767805642395875,0.0038051623648595284,-0.0016365885020670002,-0.0014209461346666263
winaqirik,0.0019097685303763226,0.0027349802232733314,0.008314780789070322,-0.0025838817831517757,-0.0035415065625023106
wonon,0.01027246152132511,-0.005917844710556195,-0.007192277138873947,0.0029154029205949766,0.006114687417763138
wub',-0.0062767323163789,-0.003066225631153429,0.00015578875988707613,0.0011811772900390057,0.0029298744344574863
wub'anik,-0.0025455171259995213,-0.001258593857327435,0.0016328820861250034,-0.0017768184444729729,0.006917447501360572
wuch',-0.001558989678809931,0.0002024405509696284,0.005342304121787328,-0.0036940242732040585,-0.0024546250113795178
wuq,0.0007701926209527935,0.004747005572930247,-0.0016802255218914509,0.0009997080959477653,-0.00043019136962650504
wuqub',-0.032677738968413673,-0.0004024611770894662,0.0005976419903270808,0.026989184426319073,-0.026992046412094566
xa'n,-0.005211794626826409,-0.0014439540637983344,-0.0023574457911608544,-0.004474920563546821,0.006234512479763215
xajoj,-0.006619219215513291,0.0017529601204970965,-0.00812610035262714,-0.0035330059635664927,-0.004177168488513553
xaloq',-0.002819191466972583,-0.0006325281599654047,0.0025436047016158397,-0.004474692077074602,0.008006740211564379
xaq,-0.00224067010595244,-0.0011549468598738447,0.002024118495888723,0.000434272371284466,-0.0007839793828876886
xaqi,0.0019308674185222854,0.0013703457413350914,-0.0010265384535250333,0.0007644336460740618,-0.0010197263477551074
xawi,0.028332849537609426,-0.006529910407359913,-0.004929262714218564,0.002544015248144865,0.0011352594372285813
xax,-0.00011327139634358909,-0.0006088211728718401,0.00031321579210420253,-0.0017674689986896233,-0.0021465779456951908
xb'alanke,-0.02644875346401993,-0.005571096588275631,0.001795997335961192,0.0026622760615814586,0.011023613399282884
xb'an,0.0018665379359852894,0.004606379412295167,0.0005998626923549755,-0.0010613916821168078,-0.0004888840645382383
xb'anatajik,0.0023915058258313737,0.00017569150951512666,7.428118776262122e-05,0.0024366470690625665,-0.00012634699978809273
xb'anik,0.00015731483874268455,-0.0004472744268163683,0.004362427694078954,-0.0017919735834075743,-0.002681249877583877
xb'e,-0.009453880136368805,-0.0034893645278099455,-0.005311377543125782,0.0017777241508097994,-0.0035338832085547137
xb'ek,-0.0068695376844292045,0.001202987124753667,-0.0018763144235737492,0.0010042741809109868,0.0018465755351373106
xch'akataj,-0.002640221240095776,-5.3391531523658235e-05,0.0013136693265653147,0.005966571868622656,0.0019368326089807093
xch'aw,-0.0004159991551833345,-0.0018953948020276976,-0.0012333509009664126,-0.0030889102237093248,-0.0007252576756397208
xch'awik,-0.00430677388236707,-0.001282468751022865,0.002032786638167715,0.0012818354576668025,-0.0005966809912326414
xcha',-0.03405820408319532,-0.012551509657811977,-0.002037044336327657,0.013198260306445239,-0.006217351635938371
xchiqab'ij,-0.0014541747243025547,0.002486773611183757,0.0004691546030948261,0.0035693421727375674,-0.002685803575432611
xchok,-0.0006315971434129055,0.001398166189730902,0.000601697502570338,0.0026413385749658705,0.0013738413334120673
xe',0.009088821606368138,0.005136738669950471,0.007176532686380308,0.0017750705209202324,-0.0020749027149154775
xe'alaxik,-0.0019402463224485566,-0.00019442803108760993,0.0017115524836518162,-8.857448118055543e-05,0.0027084937567007777
xe'aq'an,0.00046825169746222625,-0.0003823905475222089,0.0028351635267804993,-0.002299811501370453,0.0019606544187685073
xe'el,-0.0019709807708453955,-0.0014838710461942241,-0.0017578125264495809,-0.002198145421118586,0.003605512126052477
xe'ik'ow,-0.005315112942231231,-0.0024030023037465527,-0.004261434094621623,-0.006154674807135277,0.006212012155618858
xe'ik'owik,-1.9136451580518104e-05,-0.0018516413879042185,-1.1914215172990723e-05,0.004125111282011746,0.00035703863295799624
xe'najik,0.001168258733522403,0.004419680631153926,-0.0020690946561495948,0.0012005075559126989,0.0009049230821908198
xe'ok,-0.007313777831051738,-0.00046934485316904584,-0.0061244789465035795,-0.004789905273556882,-0.0009092560104699587
xe'opon,-0.002365358102669839,-0.00462078281727487,-0.006681442225220189,-0.002596941718210167,0.007502588826531133
xe'oponik,-0.00702379604478086,-0.0016211885465405179,-0.006557641184363484,-0.00604041391282494,0.0027726757866041556
xe'uchax,-0.004316512180877453,-0.00525739103755836,-0.0115471509108436,-0.0047895807030903835,-0.0020747685498546985
xe'uchaxik,-0.001762984495452418,-0.0037296279648867275,-0.0012900269298339252,-0.007988886789828916,-0.005460991621793719
xe'ul,0.00031386607348272283,0.005361937673972202,-0.002357019096439317,-0.004954467167209567,0.006303782019450195
xe'ulik,0.002694447226603207,0.0006711128705339628,-0.0019641759185100418,-0.0014291189421560089,0.0033423817471028372
xe'uxik,-0.0009131075709378053,-0.0009040459326379623,0.007012623101610713,-0.008274332554518008,0.002326858669650113
xeb'e,-0.0028544770878281838,-0.004791654878909575,-0.004217209020643716,-0.00608755770546822,0.01096226441784839
xeb'ek,-0.006216747709291176,-0.0012078330918746443,-0.006970961514765579,-0.0049898582327636744,0.01186485361734133
xech'akataj,-0.005617883811771161,-0.0017205687240701133,-0.005293122334577701,-0.002953316772499524,-0.0019293664203805792
xech'akatajik,-0.00487393174945409,-0.0009442500438412477,-0.004820387758530298,-0.00269637597401545,-0.0041515528539237435
xech'aw,0.0021350870959669817,-0.002675592513022564,-0.0031476718520909402,5.0097970592370335e-05,0.00023456229909184318
xech'awik,0.0020250225370076636,-0.0023409702462207677,0.00393927384995362,-0.003133032831104523,0.0026937602921330954
xecha',-0.01552040659735525,-0.017989185337073596,-0.012024997039746734,-0.011038833749264012,0.006767065007556184
xek'ajolanik,0.002304120211359888,-0.0007138337006488972,-0.00048287675183096226,-0.00030415396693051806,-0.002270046572954626
xek'is,-0.003209239655708908,-0.00042506951607893217,-0.0011608309177919072,1.0156635276543495e-05,-0.0001257791480742521
xek'oje',0.006943245121591977,-0.004062670463421278,0.0009143147664496848,-0.0012092434346409977,-0.003191614912967773
xek'oje'ik,0.001692174649877128,-0.0017038678584567837,0.0005439029388486627,-0.001050838162282377,0.0020499398049058045
xekam,-0.004819728136982476,-0.0014962990304042897,-0.0022646544065791515,-0.0034170739096724854,0.002463290846435592
xekamik,-0.004795433597478143,-0.0021984641459335246,-0.004383247974561266,-0.0018654766526500783,-0.001224753746402748
xekamisaxik,0.0005456449710587833,-0.001780944049245426,0.0013579383470278636,0.0015005509398627243,0.0005233501324484941
xekel,-0.0009104442050215119,-0.002992403468736686,-0.00218680772114454,-0.0015727284223594317,0.003771281173429156
xeki'kot,0.003234390414136302,-0.00424028476052032,-0.0014540249117644256,-0.0003335502947470216,-0.0002683482825311046
xekuchu,0.001501503653969608,-0.0008632851049544192,-0.0014852025293527592,-0.0005309369010680009,0.0008353860687369277
xel,0.0040704520185186775,-0.0003222436110914327,-0.002052038613704763,0.0012185166210083444,-0.0035195995606435346
xelik,-0.0015968792157547336,0.0023791672448694352,-0.0011504695363682461,-0.0009579057881271744,-0.00012182292803283362
xena'ojin,0.002614103557228796,-1.3268974209411407e-05,-0.0016826510678934093,0.0005438144815908429,0.0008517215748887847
xepe,0.004227771506036966,-0.005993540219053315,-0.0010657380292436727,-0.0007968061491995058,-0.0037352225675700017
xepetik,0.0027121258669028808,-0.003047373979015454,-0.0018833942451263108,0.0002102403573000404,0.005415187785730935
xepixab'an,-0.002574994267742192,-0.0012238026018427856,-0.0016297428714274209,-0.00012950132927870735,-0.00134731427468595
xepixab'axik,-0.0005320886978994993,0.0010954684373905507,0.0005088385807689749,-0.001646060375276632,0.0008059118553915444
xepixab'ik,0.0023862005583866457,-0.0027919929510142293,-0.0006327037482057193,-0.0002915104909725653,-0.0004903073865223429
xeqach'ako,-0.00427839790667593,-0.0010908438436844688,-0.003827471526041421,-0.0009579972770394619,-0.002920345885215111
xeqaj,-0.00461723538345392,-0.0009475917556034055,-0.003459461816183173,-0.003974690541234537,0.0017584168032012911
xeraj,-0.0006843368560794229,-0.0020837323063563275,-0.0010402060622358206,-0.0009159898546876707,0.002112140476362686
xere,0.0023576203218685834,-0.0028225816260418067,0.0011098758285119235,-0.00046879756907609974,-0.0010692560241300606
xetz'onox,3.351482451596754e-05,-0.0011511497467506435,-0.0004234998759251911,-0.0016956037004526847,-0.002124377700378754
xeyaluj,0.0012504948171474944,0.0016388034686314885,-0.00036938377397186943,-0.000518682196130385,-0.0004609083362212387
xib'alb'a,-0.04289333134959165,-0.005335068949358766,-0.03949988935911198,-0.028038919012931433,-0.02757714379612034
xib'an,-0.00288979923936109,-0.0013414481962948268,0.0019553461481893967,-0.003932524012471581,0.0043397885594031035
xik',-0.005107435813334453,-0.0022835242071590606,-0.005245539060631177,-0.0010879528369288473,-0.009943801503607314
xik'iri,-0.0035752394862166846,0.0005968779842834825,-0.002779180016369756,-0.0016823242351793892,-0.005139319880468163
xikin,0.003037381392257168,-0.004591113067000067,-0.0010274266339069436,-0.0029373970584190843,0.002332214396485465
xil,-0.0022886551988372575,0.00012634456082593416,-0.0008676404284042575,-0.0023699169701808884,0.006426429261377242
xit,0.0002514901932619246,0.0019360207842132999,0.0013213307913685403,0.00034383183261536593,-0.0026527056221402516
xjunajpu,-0.004320093401634054,0.0021664128868670884,-0.004371671438301793,-0.003359858697706775,-0.0030543126035094043
xk'aj,0.001136280870430105,0.0025823934439053115,-9.296112904758942e-05,0.0008640957771419299,0.0008134777184844656
xk'am,-0.0006412639700980961,-0.000583858522413045,-0.0012297357138717163,0.001462534628347464,0.0036116499736862577
xk'is,-0.0032047875847837242,-0.0026378666241132554,0.006377039720835819,0.005053093052890479,-0.0035032449554137216
xk'oje',0.010571344371106696,0.0006117039903923467,0.001652704790792353,0.0010994622603355216,-0.0001436276893277492
xkaj,-0.0020753011476106983,-0.0004830797601530049,-0.003352963518552316,0.0001308672523173372,0.002732211779209744
xkam,-0.0011097701934642942,0.00016459794615313668,-0.0002256140146455023,0.005580014292452517,0.0013472177861093748
xkamik,-0.00013638152784471624,-0.0017377893239016672,0.0018786408699686264,0.0047978283329379,-0.000512691395352368
xkanaj,0.004817313807666873,-0.003767645338800901,-0.0025095321156857926,-0.0003588629287501166,-0.0015014896903333794
xketa'm,-0.0007913448667369751,0.0012076360299229324,1.4732451006528296e-05,-0.001978333580993711,0.002985709749045964
xki'kot,0.00023821940039118943,-0.0003837653821565148,0.002645125471182427,-0.002282330283264199,0.0015658287995584225
xkib'an,0.005692895568977254,0.008448224255815064,-0.003037567678231074,-0.0010087465488295359,0.0011196582010205734
xkib'ano,-0.0005241058453159895,0.0012542163439622832,0.0017842363449273727,0.002107865192686242,0.005365284108079337
xkib'i'j,-0.003146184654976593,-7.618334595157518e-05,-0.002605402094912834,-0.0014092819023877278,-0.0035879195261612354
xkib'ij,0.000912157835656453,-0.00011912991279623156,0.004922718756271153,-0.002335576056260481,-0.0037996985979615165
xkich'ak,0.0004405274123898932,-0.0006637436802108005,-0.0005650575442422933,-0.0012741679974111004,0.00013837208729770508
xkichap,-0.002947508219518293,-4.315093710678745e-05,-0.0025196669230960443,-0.000575102206940421,-0.0007256022215166747
xkik',-0.0038384448319792657,9.140545606983338e-05,-0.0012446894428615263,-0.000489844273717646,0.00012229747359061253
xkik'am,0.004890061149396177,-0.0041601106456557084,-0.002224448038933502,0.002407984146530079,-0.0017392024961291749
xkik'ulub'a',0.0015164623908483956,-0.0003448254224704788,-0.00013580138642049042,0.001579950344616079,0.0009158297668974191
xkikob'isaj,0.0016047250234749375,0.0002647124833975211,-0.00047961263275566994,-0.00034675051891392854,-0.00025570665387186737
xkikoj,0.00042135242673331313,-0.0024254289296274318,0.0006654566015017033,0.004204658190437443,0.0006212240832334537
xkikojo,-0.003137356486824698,-0.0010797642881481767,-0.0007409676376438434,0.0016977509555046923,-0.0007172405579466497
xkikuch,0.0014665993459575734,0.0006247898725188069,-0.0008430749948948394,0.00023660935625166452,-0.0006891150514291192
xkil,-1.3671300691832127e-06,-0.0005553995435819134,0.0001359815426736977,0.0009276870901223524,0.0022794441241292757
xkilo,-0.0007866427267385724,-0.0015273083710362911,0.0020283836903901395,0.0013851706125914236,-0.0008961377098600306
xkina',0.0009655227007669047,-0.0024857056266531083,-0.0033198336261208044,0.0005947991665364216,-0.00027910251432050663
xkina'ojij,0.0009824437023908108,0.0024921613715843485,0.0031882280139627545,-0.0017769987498680716,-0.0006527765291553082
xkipixab'aj,0.0008543364266282339,-0.0028734801329676745,-0.0027417897197104728,-0.0004749364902182139,0.00502009076970119
xkiporoj,-0.002453246595825165,0.00043674525938725174,-0.002665423371922399,-0.0011636533202792972,-0.0002715131597427228
xkiriq,0.0027962313608189556,0.0025912963007347564,-0.001588186391782963,0.0012318127428276014,0.0011650981051822727
xkisach,-0.0007003220569701543,-0.0008412295671047561,-0.0013238033690917764,-0.000617436261537713,-0.0025200675422078042
xkita,-0.001765254371736611,0.00017485437527988166,9.993960228797513e-05,-0.0023991148406940265,-0.0006781644438795811
xkita'o,-0.0003585240022335476,-0.0019842673586138474,-0.0016974303285195247,-0.0035799564953371047,-3.5058421724160166e-05
xkitaq,-0.006663569728977949,-0.002199519064647397,-0.004215771602182933,-0.0025743190507375507,0.004807695307355039
xkitikib'a',-0.0025940793867210202,-0.0007538137474553159,-0.00033367058514331623,-0.004098905318433807,0.0077998403306841066
xkitz'onoj,0.0019486275121940913,-0.002965142087231335,-0.0008484024115206221,-0.0007903065392729715,0.000178230102027451
xkitzijoj,0.0006319169021156469,0.0017388508776825045,0.002583172602692676,-0.0010296014309048671,0.0006116403044250448
xkitzukuj,0.00044718555316900627,-0.0002476049475807083,-0.00044183709853860506,-0.0011100065591612683,0.0021959974879895558
xkiya',-0.003431859134218594,-0.00044029745808117583,-0.0036088610066096773,-0.0011549675588913002,0.0016976602192737202
xkiya'o,0.0013778018898857537,0.0005019237374695466,-0.000764647310734158,-0.0006585824852458282,0.0012442803468655404
xkolotaj,-0.0005613712929565164,0.0007253654195904429,0.0005825026416113742,0.004296350359706162,0.0013662150939494984
xma,0.0015190093704844296,-1.6274780956799937e-06,0.0033652257380743567,1.4361212445376048e-05,0.003581609689328155
xmuqane,-0.00012753811088024684,1.8758820021760953e-05,0.011535116267029227,-0.006796493063064848,-0.0033364773413270534
xna'ojix,0.0010214851980288792,-0.0005652544356010835,0.00231468843519321,-0.0011969982213401974,-0.0006679530992205642
xnimar,0.0006309938878068452,-0.0006662004407782752,-0.0010786320871029082,-0.00015898022584853735,0.002291840390097318
xo'l,0.00045320035381349533,0.0003079510800507639,-0.0002581406894700731,-1.2830325513624226e-05,-0.003856019833611783
xob',-0.00013014518225319425,0.0017178983493038875,0.0019499606658345335,-0.003028676189079475,-0.003153812935571879
xojeroq,0.0019137989052351928,0.0029756715207730927,-0.0003955404168348903,-0.00020772644646456886,0.0013941228198189673
xojpe,0.0018158242425072666,-0.0037903821897469965,-0.0014846560734114716,-0.0012517493793143622,-0.0002590059671520363
xojpetik,0.0006621678842819895,-0.0015819728695777831,-0.0018115014167035491,-0.00043045545141637655,0.000283472212361218
xok,0.001800986367352555,-0.0027637679949682296,-9.085318683067663e-05,-0.001376139347983226,-0.0008983433653638781
xokik,-0.0014223261971432373,0.0007392272816305492,0.0012019084060620013,0.0015892046067706538,-0.0022392552456284966
xopon,-0.0052794572615646965,-0.0016084401556416988,-0.0006322311450335127,1.6976540119269576e-05,-0.0010423237099056698
xoponik,-0.0025716720250691053,-0.00037553375648763756,-0.0035720891845206046,-0.0014135036053694848,-0.004047264907845513
xoq',0.0015354589454998847,-0.003020472323143241,-0.00043904504384737375,0.002026426400660436,0.0002284068786542239
xpe,0.005114416330139908,-0.005237414086982848,0.006852091572032148,-0.003990374209228413,-0.0015739579391127595
xpeq,-0.011321304987350898,-0.003927664804428166,-0.0031907958113888014,-0.00039099347127056133,0.006867219116104958
xpetik,-0.0014170521824779536,-0.00012696298296260616,0.00027882571006460934,0.0010552124556663807,0.0020370815839729772
xpiyakok,0.0015966165748551718,-0.00024584569806938237,0.012844848854313152,-0.005398166802323948,-0.0038747354370481718
xpuch',0.004090034734848609,-0.004747603978390402,-0.00715017814602967,0.0021042596649467485,0.00493214940177364
xq'eq,-0.0007246426447854293,0.001438917555354118,0.000550237755544068,-0.0010316167115894648,-0.0010647736583128777
xqab'ano,-0.0005434474049203498,-0.0041531834953604345,-0.0014072579999404285,0.002958993035681049,-0.0011748011221779059
xqab'ij,-0.001546074219300252,0.0010836891642871092,-1.993897291923451e-06,0.0007420363435461775,0.00022023116515695028
xqaj,-0.0069805102309941245,0.00020916221645083633,-0.0019169085892155476,0.0033513424978820943,0.003918223730120744
xqatijo,-0.001537953881592086,-0.0003062508440445211,0.003192896325315872,-0.0003857868057878585,0.001993066115468983
xqilo,-0.0010656829672455088,-0.0009036844694341939,0.0019248933309127753,-0.0015836249405375572,-0.0006486331178670124
xraj,-0.0038138587363042166,0.0010234219652365327,0.006594142338771588,0.006062611125782784,0.00616180355303303
xril,-0.0023140461329805473,-0.0008806793542044648,0.0009978310792383804,-0.0008346766667538932,0.004048706165113238
xsaqir,0.0034461957117442057,-0.002218909461647555,3.634079853105222e-05,0.0002590865301417069,-0.0005621738569269409
xsaqirik,0.0011387733677979224,-0.004401967265377966,-0.0015297546965654866,-0.0013423839442029712,-0.004080862484368921
xsqaqi'n,0.0012291453338408888,0.0012442699160815935,-0.0008209194531516335,-0.0002895181006073886,-0.00037363401047527155
xtaj,0.004090034734848609,-0.004747603978390402,-0.00715017814602967,0.0021042596649467485,0.00493214940177364
xtikar,0.0017345153306563923,0.00049169397484177,2.5457626963874986e-05,0.0025313270899016828,0.0019533139106474957
xtikarik,0.0005744126300659445,0.0001653408157212838,0.00011254442494090749,0.0017613148586619074,-0.0001817710264869725
xtz'onox,-0.0027024261119573873,0.00072361207985429,-0.002499655235316061,-0.0025266202224757924,-0.0003731449170143603
xub'an,0.0005833920193457419,0.0025901300799294784,0.0003112144633642223,0.001645287422947359,0.0039269981209462
xub'i'naj,-0.0007672319884641691,0.0009024247646136254,0.0018681854370843584,-0.002303221615202367,0.0038733139123836506
xub'ij,0.0003840207413387707,-0.0025492103630666905,-0.0009777664248635783,-0.0017354700305173127,0.0020123616198125392
xuchax,-0.011684651560657195,-0.003201069260688607,-0.002595445932296111,0.0014214409945923412,0.002458456859682294
xuchaxik,-0.005118790889414948,-0.0014054979098032361,-3.496359205297711e-05,0.0022152819402262752,0.0029721796300044598
xuk'am,-0.0010812237452850354,0.00011108718283658138,0.00035688107397000376,0.0036518803916368897,0.003145128709927853
xuk'ulu,-0.0008099699616878519,-0.0017676117469984196,-0.0006887036600327016,0.0011876881542543874,-0.0009942379108649662
xuk'ut,0.001345313111753552,-0.0024139639932988293,-0.00041827897516960295,-0.00013545031594166537,-7.939117194063855e-05
xukut,0.0008918813882630648,0.0011829987997269014,0.0031863614213700157,-0.0018713288036809664,-0.0025677237436826724
xul,0.001034111266681215,0.006715759524835652,-0.004360145850492645,-0.000962431480128859,7.390760666369593e-05
xulu,-0.00417153736623563,-0.0013341001374679844,-0.0023488905544958396,-0.0025637193890526446,-0.0013948071457752654
xuna',0.0012837109105910008,-0.0010813880047560972,-0.002314908304222355,-0.0002849198442291271,0.000619895288756463
xutikib'a',-0.0025933484652885352,-0.0008956208787405346,-0.0003302363966916427,0.0006461682470284074,0.00011891798391885687
xutz'onoj,-0.0011344127886086996,-0.002029145665175687,0.00042535534545220616,0.0008485426864807425,-0.0009536079700788217
xutzin,-0.0004357435000408297,-0.0017860010331954927,0.0022762396090792053,0.00048546685895800866,0.0016694882138782172
xutzinik,-0.0030875054397111893,0.0003122604237472539,0.0055841115484906384,-0.0014047649938066808,0.0020562699446955756
xux,0.00048371452747532454,0.0011329796926938264,-0.0015219099623755884,0.00036581933393589746,0.00013173815148910615
xuxik,0.007783454930155523,0.001982117284180726,0.004885837858811934,0.0005152913903723234,-0.0011557889245900435
xuya',-0.0013712256433738087,-0.002505985857632401,-0.0017509325178511092,-0.0010235407646436271,0.002395234163992737
xwachin,0.0031331414931713257,0.001142896646962532,0.00031677978904481895,-0.00023286882163122305,-0.0020266330713470367
xwachinik,-0.002103120006005685,-0.001021846987617782,0.0023973319758581486,0.0016316234098066626,-0.00031385658602081114
xwinaqir,0.002708033179596329,0.0012346332012789607,0.003711765543768153,-0.00109390783356428,-0.0007865303399247506
xwinaqirik,0.0015972805099794464,0.005338618697873596,0.002590464442747364,-0.0007098749680378774,-0.0017645650830702489
xya',0.004736297134687225,-0.002232305456370637,-0.00010720083182453464,0.000790243545521167,0.0027694959152082363
xyopij,0.0005674388940436412,-0.0012100384694266862,0.0015594533332648553,-0.0010736185508608874,0.0004895336709022555
ya',-0.0025012154970938524,-0.0008281005228881465,-0.005526560207016038,-0.0035065576205411896,0.010657781836965542
ya'ol,-0.00041610936883068166,0.0032135168200135267,-0.00040894657919847064,-0.002602838069415892,0.0005860832002406735
ya'oq,-0.005896582732186585,0.000734265868311724,-0.006071545186038368,-0.004382579710130239,-0.007168758156630757
yak,0.0010303319621580178,-0.0031487626539363693,0.0002786379915300649,-0.0016345889584574906,0.004919944472103213
yakal,-0.0022427832528698673,-0.0007504125924724076,-0.00017002216287865436,-0.0020353916776053283,0.0019535423573879135
yakalik,-0.0014147485864802094,-0.00018966807409696125,0.002126241893298262,-0.0007336889139070476,0.0019470444685931818
yaki,0.006739797679141805,-0.002757865717560247,-0.0005009700542562886,0.00032804015823580573,-0.002167773346020383
yamanik,-0.00036040588136601007,0.0009952949348165725,0.005710333845183708,0.0037416267634443516,-0.0030822354017611157
yan,-0.0013997560651338855,0.0008120399604797549,-0.0005210677300608206,-0.0012680333546123805,-0.0005389924609610772
