ana_id,n_annotated,surface_form,form_length
AB'IX,18,a bix,2
AB'IX,18,abix,1
AB'IX,18,abixic,1
AB'IX,18,abixom,1
AB'IX,18,ca bix,2
AB'IX,18,cabix,1
ACHAQ'_IB'OY,1,achac iboy,2
AJ,8,ah,1
AJ,8,ri ah,2
AJACHE',2,ahache,1
AJAL_MES,3,ahal mez,2
AJAL_MES,3,ahalmez,1
AJAL_PUJ,7,a hal puh,3
AJAL_PUJ,7,ahal puh,2
AJAL_PUJ,7,ahalpuh,1
AJAL_PUJ,7,vvc culel,2
AJAL_Q'ANA,7,ahal cana,2
AJAL_Q'ANA,7,ahal eana,2
AJAL_Q'ANA,7,ahalcana,1
AJAL_Q'ANA,7,vahxac culel,2
AJAL_TOQ'OB,3,ahal tocob,2
AJAL_TOQ'OB,3,ahaltocob,1
AJAQ_Q'ALEL_NJDOCE,2,ahau q'alel,2
AJAQ_Q'ALEL_NJDOCE,2,z d don pedro de robles,6
AJAW_AJTZIK_WINAQ,2,a hau ah tzic vinac,5
AJAW_AJTZIK_WINAQ,2,ahau ahtzic vi nac,4
AJAW_AWILIX,2,a hau auilix,3
AJAW_AWILIX,2,aulix,1
AJAW_JAQAWITZ,2,ahau hacavitz,2
AJAW_JAQAWITZ,2,h acavitz,2
AJAW_K'ICHE',13,ahau qui che,3
AJAW_K'ICHE',13,ahau quiche,2
AJAW_K'OTUJA_NJONCE,1,a hau cotuha,3
AJAW_KICHE,1,ahau quiche,2
AJAW_LOLMET,2,ahau lolmet,2
AJAW_LOLMET,2,l olmet ahau,3
AJAW_NIM_CH'OKOJ,3,ahau nim chocoh,3
AJAW_NIM_CH'OKOJ,3,n im chocoh ahau,4
AJAW_NIM_CH'OKOJ,3,nimchocoh ahau,2
AJAW_Q'ALEL,5,a hau q'alel,3
AJAW_Q'ALEL,5,ahau ealel,2
AJAW_Q'ALEL,5,ahau q'alel,2
AJAW_Q'ALEL,5,ealelahau,1
AJAW_Q'ALEL_K'AMJA,1,a hau q'alel camha,4
AJAW_XIK,3,xic,1
AJB'IS,1,ah biz,2
AJBA'TENA_JA,1,ah batenaba,2
AJBATENAJA,1,ah batena,2
AJCH'UMILA_JA,1,ah chu mila ha,4
AJCH'UT,1,ah chut,2
AJK'UWAL,1,ah cuval,2
AJKIB'A_JA,2,ahquibaha,1
AJKIB'A_JA,2,quibaha,1
AJLAB'AL,1,ah labal,2
AJLATZAB',1,ahlatzab,1
AJMAK,1,ahmac,1
AJMOKEN,1,ah moquen,2
AJMOX_WACH,1,ah moxvach,2
AJMUQULIK_K'U'X,1,ah muculic qux,3
AJPATAN,1,ahpatan,1
AJPOP,22,ah pop,2
AJPOP,22,ahpop,1
AJPOP,22,ahpopol,1
AJPOP_K'AMJA,17,ah pop camha,3
AJPOP_K'AMJA,17,ahpop camba,2
AJPOP_K'AMJA,17,ahpop camha,2
AJPOP_K'AMJA,17,ahpop camhail,2
AJPOP_K'AMJA,17,ahpopcam ha,2
AJPOP_K'AMJA,17,ahpopcamha,1
AJPOP_SOTZ'IL,1,ah pozotzil,2
AJPOP_XAJIL,1,ah po xa,3
AJQ'OL,1,ah eol,2
AJQ'UKUMATZ,2,ah cucumatz,2
AJQ'UKUMATZ,2,ah cuq'umatz,2
AJRAXA_LAQ,2,ah ra xalaq',3
AJRAXA_LAQ,2,ah raxalac,2
AJRAXA_TZEL,2,ah raxatzel,2
AJRAXA_TZEL,2,ah raxazel,2
AJTOJIL,2,ah to hil,3
AJTOJIL,2,ahtohil,1
AJTOLTEKAT,1,ah toltecat,2
AJTUKUR,1,ahtucur,1
AJTZ'ALAM,1,ahtzalam,1
AJTZ'IKINA_JA,7,ah q ' i quinaha,5
AJTZ'IKINA_JA,7,ah q ' iquina ha,5
AJTZ'IKINA_JA,7,ah q ' iquinaha,4
AJTZ'IKINA_JA,7,ah q inquina ha,4
AJTZ'IKINA_JA,7,ahq ' i quinaha,4
AJTZ'IKINA_JA,7,quinaha,1
AJTZA,1,ahtza,1
AJTZIK_WINAQ,9,ah tzic vina,3
AJTZIK_WINAQ,9,ah tzic vinac,3
AJTZIK_WINAQ,9,ahtzic vinac,2
AJTZIK_WINAQ,9,ahtzicvinac,1
AJTZIK_WINAQ,9,ahzic vinac,2
AJTZIK_WINAQ,9,atzih vinac,2
AJTZIK_WINAQ,9,ea lel ah tzic vinac,5
AJTZIK_WINAQ_AJAW,1,a h tzic vinac ahau,5
AJYAMANIK,1,ah yamanic,2
AJ_KAB'RAQAN,1,ah cabracan,2
AKUL_WINAQ,1,acul vinac,2
ALOM,19,a lom,2
ALOM,19,alom,1
ALOM,19,chuch,1
ALOM,19,ichuch,1
ALOM,19,vchuch,1
AMAQ'_TAM,2,a mactan,2
AMAQ'_TAM,2,amac dan,2
AMAQ'_UQ'IN_K'AT,1,am ac vquin cat,4
AQ,3,ae,1
AQ,3,aq',1
AQAJ,2,acah,1
ASTAPULUL,1,aztapulul,1
AWILIX,33,ahau,1
AWILIX,33,au lix,2
AWILIX,33,auilix,1
AWILIX,33,aulix,1
AWILIX,33,avi lix,2
AWILIX,33,avilix,1
AWILIX,33,avlix,1
AWILIX,33,chicut ahau,2
B'ALAM,23,ba lam,2
B'ALAM,23,ba lamil,2
B'ALAM,23,balam,1
B'ALAM_ KOLOB',1,balam colob,2
B'ALAM_AQ'AB',60,acab,1
B'ALAM_AQ'AB',60,b alam acab,3
B'ALAM_AQ'AB',60,ba lam acab,3
B'ALAM_AQ'AB',60,balam a cab,3
B'ALAM_AQ'AB',60,balam acaab,2
B'ALAM_AQ'AB',60,balam acab,2
B'ALAM_AQ'AB',60,balam aeab,2
B'ALAM_AQ'AB',60,balamacab,1
B'ALAM_JA,6,ba lami ha,3
B'ALAM_JA,6,balam rochoch,2
B'ALAM_JA,6,balami ha,2
B'ALAM_JA,6,balamiha,1
B'ALAM_JA,6,pa ha,2
B'ALAM_JA,6,pabala mi ha,3
B'ALAM_K'ONACHE'_KQTRES,2,b alam conache,3
B'ALAM_K'ONACHE'_KQTRES,2,conache,1
B'ALAM_KI'TZE',65,b alam quitze,3
B'ALAM_KI'TZE',65,ba lam quitze,3
B'ALAM_KI'TZE',65,balam qui tze,3
B'ALAM_KI'TZE',65,balam quitze,2
B'ALAM_KI'TZE',65,balamqui tze,2
B'ALAM_KI'TZE',65,vmam,1
B'ALAM_KI'TZE',65,vqahau,1
B'AQ,3,bac,1
B'AQ,3,vbac,1
B'AQ,3,xubac,1
B'ATE,8,bate,1
B'ATE,8,ibate,1
B'ATE,8,vbate,1
B'ATZ'A_NJSEIS',1,b atza,2
B'ELEJEB'_KEJ_NJCUATRO,2,b eleheb quih,3
B'ELEJEB'_KEJ_NJCUATRO,2,be heb te queh,4
B'ELEJEB'_KEJ_NUEVE,1,b eleheb quih,3
B'ELEJEB'_T'ZI'_KQDOCE,1,beleheb tzi,2
B'ITOL,29,ah bit,2
B'ITOL,29,ahbit,1
B'ITOL,29,bi tol,2
B'ITOL,29,bit ol,2
B'ITOL,29,bitol,1
B'ITOL,29,hun bit,2
B'OQOTAJINAQ_SANAYEB',1,bocotahinac zanaieb,2
BALAM_KI'TZE,1,balam quitze,2
CH'ABI'_TUKUR,2,chabi tucur,2
CH'ABI'_TUKUR,2,qhabi tucur,2
CH'ABI_Q'AQ',1,cabi cac,2
CH'AMIYA_BAQ,7,cha mia bac,3
CH'AMIYA_BAQ,7,chamia bac,2
CH'AMIYA_BAQ,7,chamia baca,2
CH'AMIYA_BAQ,7,chamiabaca,1
CH'AMIYA_BAQ,7,vbeleh culel,2
CH'AMIYA_JOLOM,7,chamia holom,2
CH'AMIYA_JOLOM,7,chamiaholom,1
CH'AMIYA_JOLOM,7,qha mia holom,3
CH'AMIYA_JOLOM,7,vlahuh cubulel,2
CH'IPI_KAQULJA,8,chipa caculha,2
CH'IPI_KAQULJA,8,chipi caculha,2
CH'IPI_KAQULJA,8,chipica culha,2
CH'IPI_KAQULJA,8,chipicaculha,1
CH'IPI_NANAWAK,1,chipina navac,2
CH'ITIK,1,chitic,1
CH'O,14,cho,1
CHAAJ,31,chaa,1
CHAAJ,31,chaah,1
CHAAJ,31,chaaha,1
CHAAJ,31,chaahic,1
CHAAJ,31,chah,1
CHAAJ,31,chahibal,1
CHAAJ,31,cohcha ahic,2
CHAAJ,31,cohchaah,1
CHAAJ,31,echaa hel,2
CHAAJ,31,quechaahic,1
CHAAJ,31,quechahic,1
CHAAJ,31,quichaah,1
CHAAJ,31,xcahchaah,1
CHAJAL_ECHA',2,at chahal re queqha,4
CHAJAL_ECHA',2,chaha l echa,3
CHAMALKAN,1,chamalcan,1
CHAMCHAM,1,chamcham,1
CHAYIM_JA,3,chaim ha,2
CHIMALMAT,6,chi malmat,2
CHIMALMAT,6,chimalmat,1
CHIMALMAT,6,qui chuch,2
CHIMALMAT,6,rixoquil,1
CHITEMAJ,1,chi temah,2
CHIYOM,1,chiyom,1
CHI_CHAQ',1,chiq u chac,3
CHI_ISMACHI,7,chiizmachi,1
CHI_ISMACHI',5,chiizmachi,1
CHI_ISMACHI',5,quitinamit,1
CHI_ISMACHI',5,tinamit,1
CHI_JUNAJPU,1,chihunahpu,1
CHI_K'IX,2,chiquix,1
CHI_PIXAB',3,chi pixab,2
CHI_PIXAB',3,chipixab,1
CHI_Q'AQ',1,chicac,1
CHI_RATINIB'AL_TOJIL,4,chatin vi tohil,3
CHI_RATINIB'AL_TOJIL,4,chi ratinibal tohil,3
CHI_RATINIB'AL_TOJIL,4,chuchi ya,2
CHOLOCHIK_AB'AJ,1,cholochic abah,2
CHOMI_JA',2,chomiha,1
CHULIMAL,2,ah chulimal,2
CHULIMAL,2,chulimal,1
CHUQ'ANAL,1,chueanel,1
CHUWA_TZ'AQ,1,chuva tzac,2
CHUWI'_MEQ'ENA',1,ahmiquina,1
CHUWI_MEQ'ENA',1,chuvi miquina,2
DIOS,2,dios,1
DONADIU,1,donadiu,1
DON_CRISTÓBAL_NJONCE,1,d on christoual chuchaxic,4
DON_JUAN_CORTES_KQCATORCE,1,don ju o cortes,4
DON_JUAN_DE_ROJAS_KQCATORCE,1,d on ju o juan de rojas,7
EWAB'AL_SIWAN,1,evabal zivan,2
IB'OY,2,xayboy,1
IB'OY,2,xquixah yboy,2
IK,4,ic,1
IK'OQ'IJ,5,icoquih,1
IK'OQ'IJ,5,iqoquih,1
IKAJ,7,cah,1
IKAJ,7,icah,1
ILOKAB',21,i locab,2
ILOKAB',21,ilo cab,2
ILOKAB',21,ilocab,1
IQ'I_B'ALAM,41,i qui balam,3
IQ'I_B'ALAM,41,iqui ba lam,3
IQ'I_B'ALAM,41,iqui balam,2
IQ'I_B'ALAM,41,iquiba lam,2
IQ'I_B'ALAM,41,iquibalam,1
ISTAYUL_KQCUATRO,5,a hau ztayul,3
ISTAYUL_KQCUATRO,5,aha zta yul,3
ISTAYUL_KQCUATRO,5,hun ahau,2
ISTAYUL_KQCUATRO,5,iztayul,1
ISTAYUL_KQCUATRO,5,ztayub,1
ISTAYUL_KQOCHO,1,xtayub,1
ISTAYUL_KQSEIS,2,ztayul,1
ISTAYUL_NJSIETE,1,z tayul,2
IXB'ALAMQ'E,2,xbalan que,2
IXB'ALAMQ'E,2,xbalanque,1
IXB'AQIYALO,6,ix pu cachuch,3
IXB'AQIYALO,6,qui chuch,2
IXB'AQIYALO,6,quichuch,1
IXB'AQIYALO,6,rixoquil,1
IXB'AQIYALO,6,xbaqui yalo,2
IXIM,9,i xim,2
IXIM,9,ixim,1
IXIM,9,zaqui ixim,2
IXKAKAW,1,xcacau,1
IXKIK',59,at ta valib,3
IXKIK',59,at valib,2
IXKIK',59,ca chuch,2
IXKIK',59,ca poh,2
IXKIK',59,capoh,1
IXKIK',59,chuch,1
IXKIK',59,hoxol,1
IXKIK',59,hun capoh vme al,4
IXKIK',59,hun capoh vmeal,3
IXKIK',59,in alibla,2
IXKIK',59,in puch alcual la,4
IXKIK',59,ixca chuch,2
IXKIK',59,ixoc,1
IXKIK',59,nu meal,2
IXKIK',59,qui chuch,2
IXKIK',59,quichuch,1
IXKIK',59,valib,1
IXKIK',59,vmeal,1
IXKIK',59,xquic,1
IXKIK',59,xquicuch,1
IXMUKANE,115,a tit,2
IXMUKANE,115,ah bit,2
IXMUKANE,115,at catit,2
IXMUKANE,115,atit,1
IXMUKANE,115,ca tit,2
IXMUKANE,115,camul yiom,2
IXMUKANE,115,catit,1
IXMUKANE,115,chuch,1
IXMUKANE,115,ivatit,1
IXMUKANE,115,ix catit,2
IXMUKANE,115,ixca tit,2
IXMUKANE,115,ixcatit,1
IXMUKANE,115,iyom,1
IXMUKANE,115,lal chichu,2
IXMUKANE,115,lal valib,2
IXMUKANE,115,matzanel,1
IXMUKANE,115,ratit,1
IXMUKANE,115,ratit quih,2
IXMUKANE,115,ratit zac,2
IXMUKANE,115,ricatit,1
IXMUKANE,115,vchuch,1
IXMUKANE,115,x mucane,2
IXMUKANE,115,xmu cane,2
IXMUKANE,115,xmuca ne,2
IXMUKANE,115,xmucane,1
IXOQ_AJAWAB',24,camizanel,1
IXOQ_AJAWAB',24,chuch,1
IXOQ_AJAWAB',24,e canabe chuch,3
IXOQ_AJAWAB',24,e xoccahauab,2
IXOQ_AJAWAB',24,ix quixoquil,2
IXOQ_AJAWAB',24,ixoc,1
IXOQ_AJAWAB',24,qui culel,2
IXOQ_AJAWAB',24,qui xoquil,2
IXOQ_AJAWAB',24,quiculel,1
IXOQ_AJAWAB',24,quixo quil,2
IXOQ_AJAWAB',24,quixoquil,1
IXOQ_AJAWAB',24,quixoquila,1
IXOQ_AJAWAB',24,xoquil,1
IXOQ_AJAWAB',24,xquicot,1
IXPUCH',7,xpu ch,2
IXPUCH',7,xpuch,1
IXQ'ANIL,1,xcanil,1
IXTAJ,7,xtah,1
IXTAJ_IXPUCH,1,capohib,1
IXTAJ_IXPUCH',24,caib capohib,2
IXTAJ_IXPUCH',24,capo hib,2
IXTAJ_IXPUCH',24,capohib,1
IXTAJ_IXPUCH',24,chi capohib,2
IXTAJ_IXPUCH',24,e caib ca pohib,4
IXTAJ_IXPUCH',24,e caib capohib,3
IXTAJ_IXPUCH',24,e caib qui mial,4
IXTAJ_IXPUCH',24,ix qaxtoq,2
IXTAJ_IXPUCH',24,ixcamial,1
IXTAJ_IXPUCH',24,meal,1
IXTAJ_IXPUCH',24,mial,1
IXTAJ_IXPUCH',24,mial ahauab,2
IXTAJ_IXPUCH',24,tac capohib,2
IXTOJ,1,xtoh,1
IXTZIYA',1,ix pu tziya,3
JA'_SIMAJ,1,ha zimah,2
JAL,13,cana hal,2
JAL,13,eana hal,2
JAL,13,eanahal,1
JAL,13,hal,1
JAL,13,q'anahal,1
JAL,13,za quihal,2
JAL,13,zaqui hal,2
JAL,13,zaquihal,1
JAQAWITZ,31,acavitz,1
JAQAWITZ,31,ahau,1
JAQAWITZ,31,chirih ahau,2
JAQAWITZ,31,ha cavitz,2
JAQAWITZ,31,haca vitz,2
JAQAWITZ,31,hacauitz,1
JAQAWITZ,31,hacavitz,1
JAQAWITZ_JUYUB',21,ha cavitz,2
JAQAWITZ_JUYUB',21,hacavitz,1
JAQAWITZ_JUYUB',21,hu yub hacavitz,3
JAQAWITZ_JUYUB',21,huyub,1
JAQAWITZ_JUYUB',21,huyub hacavitz,2
JAQAWITZ_JUYUB',21,pa hacavitz,2
JAQAWITZ_JUYUB',21,ri qui huyub al,4
JA_CHI_Q'AQ'',1,ha chiq'aq',2
JOJ,1,hoh,1
JOLOM,1,holom,1
JOLOM_OKOX,1,holom ocox,2
JOLOM_TUKUR,2,ho lom tucur,3
JOLOM_TUKUR,2,holom tucur,2
JOM,16,ho m,2
JOM,16,hom,1
JOM,16,pa hom,2
JOM,16,pahom,1
JULISNAB',1,huliznab,1
JUMETA_JA,1,hu metaha,2
JUNAJPU,88,cacahau,1
JUNAJPU,88,hu nahpu,2
JUNAJPU,88,huhahpu,1
JUNAJPU,88,huhun ahpu,2
JUNAJPU,88,hun ah pu,3
JUNAJPU,88,hun ahau,2
JUNAJPU,88,hun ahpu,2
JUNAJPU,88,hun hu nahpu,3
JUNAJPU,88,hun hunah pu,3
JUNAJPU,88,hun hunahpu,2
JUNAJPU,88,hun nahpu,2
JUNAJPU,88,hunahpu,1
JUNAJPU,88,hunhunahpu,1
JUNAJPU,88,ixhunahpu,1
JUNAJPU,88,qui cahau,2
JUNAJPU,88,v holom,2
JUNAJPU,88,vholom,1
JUNAJPU,88,x hunahpu,2
JUNAJPU,88,xhun ah pu,3
JUNAJPU,88,xhun ahpu,2
JUNAJPU,88,xhunahpu,1
JUNAJPU_JUYUB',1,hun ahpu,2
JUNAJPU_K'OY,2,hun ahpu coy,3
JUNAJPU_K'OY,2,hun ahpu x coy,4
JUNAJPU_UTIW,3,hun ahpu vtiu,3
JUNAJPU_UTIW,3,hunahpu vtiu,2
JUNAJPU_WUCH',3,hun ah pu vuch,4
JUNAJPU_WUCH',3,hunahpu vuch,2
JUN_B'ATZ,27,hun batz,2
JUN_B'ATZ'_JUN_CHOWEN,11,caib,1
JUN_B'ATZ'_JUN_CHOWEN,11,catz,1
JUN_B'ATZ'_JUN_CHOWEN,11,ivatz,1
JUN_BATZ'_JUN_CHOWEN,1,catz,1
JUN_CHOWEN,27,cho uen,2
JUN_CHOWEN,27,hun chouen,2
JUN_CHOWEN,27,hun choven,2
JUN_JUNAJPU,66,ahvqhan,1
JUN_JUNAJPU,66,bac,1
JUN_JUNAJPU,66,ca hau,2
JUN_JUNAJPU,66,cacahau,1
JUN_JUNAJPU,66,cahau,1
JUN_JUNAJPU,66,hun ahpu,2
JUN_JUNAJPU,66,hun hu nahpu,3
JUN_JUNAJPU,66,hun hun ahpu,3
JUN_JUNAJPU,66,hun hunah pu,3
JUN_JUNAJPU,66,hun hunahpu,2
JUN_JUNAJPU,66,hunhu nahpu,2
JUN_JUNAJPU,66,hunhunah pu,2
JUN_JUNAJPU,66,hunhunahpu,1
JUN_JUNAJPU,66,icahau,1
JUN_JUNAJPU,66,nimaha u,2
JUN_JUNAJPU,66,nu holom,2
JUN_JUNAJPU,66,qui cahau,2
JUN_JUNAJPU,66,quicahau,1
JUN_JUNAJPU,66,uquexel,1
JUN_JUNAJPU,66,vholom,1
JUN_JUNAJPU,66,vvach ahau achih naol,4
JUN_KAME',45,aha u,2
JUN_KAME',45,ahau,1
JUN_KAME',45,hun ca me,3
JUN_KAME',45,hun came,2
JUN_KAME',45,huncame,1
JUN_KAME',45,rihun came,2
JUN_KAME',45,rox culel,2
JUN_KAME'_WUQUB'_KAME,8,ahau,1
JUN_KAME'_WUQUB'_KAME,8,ahau ab,2
JUN_KAME'_WUQUB'_KAME,8,ahauab,1
JUN_KAME'_WUQUB'_KAME,8,at ahau,2
JUN_KAME'_WUQUB'_KAME,8,hun aha u,3
JUN_KAME'_WUQUB'_KAME,8,hun ahau,2
JUN_KAME'_WUQUB'_KAME',6,aha uab,2
JUN_KAME'_WUQUB'_KAME',6,ahau,1
JUN_KAME'_WUQUB'_KAME',6,at ahau,2
JUN_RAQAN,17,athu racan,2
JUN_RAQAN,17,hu racan,2
JUN_RAQAN,17,hu rracan,2
JUN_RAQAN,17,hun racan,2
JUN_RAQAN,17,hura can,2
JUN_RAQAN,17,huracan,1
JUN_RAQAN,17,lal ahau,2
JUN_TOJ,1,hun toh,2
JUN_WINAQ,6,hun vinac demonium loquens cis hun vinac,7
JUN_WINAQ,6,inzamahel,1
JUN_WINAQ,6,vzamahel xibal ba,3
JUN_WINAQ,6,xi balba,2
JUN_WINAQ,6,xibalba,1
JURAQAN_TUKUR,2,hu racan tucur,3
JURAQAN_TUKUR,2,huracan tucur,2
K'AJB'A_JA,1,cahba ha,2
K'AJOLOM,19,cahau,1
K'AJOLOM,19,icahau,1
K'AJOLOM,19,qa holom,2
K'AJOLOM,19,qaho lom,2
K'AJOLOM,19,qahol,1
K'AJOLOM,19,qaholom,1
K'AJOLOM,19,vcahau,1
K'ANTI',4,can ti,2
K'ANTI',4,canti,1
K'AWEX,1,cauex,1
K'AYALA',2,cayala,1
K'EL,1,quel,1
K'ELETZU,1,quele tzu,2
K'ENECH_AJAW,1,quenech ahau,2
K'IKAB,1,quieab,1
K'IKAB'_KQDIEZ,1,quicab,1
K'IKAB'_KQSIETE,12,eq'aq' quicab,2
K'IKAB'_KQSIETE,12,q uicab,2
K'IKAB'_KQSIETE,12,qui cab,2
K'IKAB'_KQSIETE,12,quicab,1
K'IM,1,quim,1
K'O'AJAW,1,qoahau,1
K'O'AJAW_AKDOS,3,cahau,1
K'O'AJAW_AKDOS,3,coaha u,2
K'O'AJAW_AKDOS,3,coahau,1
K'O'AKUL,1,qoacul,1
K'O'AKUL_NJDOS,1,c oacul,2
K'O'AKUTEK,1,qoacutec,1
K'O'AKUTEK_NJDOS,3,coacutac,1
K'O'AKUTEK_NJDOS,3,coacutec,1
K'OCHAJUJ_NJTRES,1,c ochahuh,2
K'OJAJ,1,cohah,1
K'OKA'IB,1,qocaib,1
K'OKA'IB_KQDOS,4,caib,1
K'OKA'IB_KQDOS,4,co,1
K'OKA'IB_KQDOS,4,co caib,2
K'OKAMEL_AKSIETE,1,cocamel,1
K'OKOSOM_AKCUATRO,1,cocozom,1
K'OOL,3,cool,1
K'OOL,3,quecool,1
K'OQAWIB_KQDOS,3,cocauib,1
K'OQAWIB_KQDOS,3,qo cavib,2
K'OQAWIB_KQDOS,3,qocavib chic,2
K'OTAL,6,cot,1
K'OTAL,6,cotal,1
K'OTK'OWACH,1,xe cotcovach,2
K'OTUJA_KQCINCO,6,cotuh,1
K'OTUJA_KQCINCO,6,cotuha,1
K'OTUJA_KQCUATRO,8,ahau,1
K'OTUJA_KQCUATRO,8,ahau cotuha,2
K'OTUJA_KQCUATRO,8,ahau cotuhu,2
K'OTUJA_KQCUATRO,8,c otuha,2
K'OTUJA_KQCUATRO,8,co tuha,2
K'OTUJA_KQCUATRO,8,cotuha,1
K'OTUJA_KQCUATRO,8,cu tuha,2
K'OTUJA_NJCINCO,1,c otuha,2
K'OTUJA_NJOCHO,1,c otuha chivi,3
K'OTZ'IB'AJA_NJTRES,1,cotzibaha,1
K'OY,5,coy,1
K'OY,5,qoy,1
K'OYABAKOJ_AKOCHO,1,coyabacoh,1
K'ULB'A,1,culba,1
K'ULKU_SIWAN,1,cul cu ziuan,3
K'US_B'US,1,quz buz,2
KA',2,kaa,1
KA',2,q'aa,1
KA'IB'_K'AJOLAB',97,ahuchan,1
KA'IB'_K'AJOLAB',97,at qahol,2
KA'IB'_K'AJOLAB',97,ca chac,2
KA'IB'_K'AJOLAB',97,ca ib qaholab,3
KA'IB'_K'AJOLAB',97,cach meba,2
KA'IB'_K'AJOLAB',97,caholab,1
KA'IB'_K'AJOLAB',97,caib qaholab,2
KA'IB'_K'AJOLAB',97,caib qaxtoq,2
KA'IB'_K'AJOLAB',97,caibqaholab,1
KA'IB'_K'AJOLAB',97,chimeba,1
KA'IB'_K'AJOLAB',97,e caib,2
KA'IB'_K'AJOLAB',97,e caib chi meba,4
KA'IB'_K'AJOLAB',97,e caib chiqa holab,4
KA'IB'_K'AJOLAB',97,e caib qaholab,3
KA'IB'_K'AJOLAB',97,e pu caib,3
KA'IB'_K'AJOLAB',97,eca ib qaholab,3
KA'IB'_K'AJOLAB',97,ecaibme ba,2
KA'IB'_K'AJOLAB',97,ivalcval,1
KA'IB'_K'AJOLAB',97,ivi,1
KA'IB'_K'AJOLAB',97,ix qaholab,2
KA'IB'_K'AJOLAB',97,ixcachac,1
KA'IB'_K'AJOLAB',97,ixme ba,2
KA'IB'_K'AJOLAB',97,ixqa holab,2
KA'IB'_K'AJOLAB',97,ixqaholab,1
KA'IB'_K'AJOLAB',97,ixvi,1
KA'IB'_K'AJOLAB',97,oh ivi,2
KA'IB'_K'AJOLAB',97,oh qui quexel,3
KA'IB'_K'AJOLAB',97,oh xahol,2
KA'IB'_K'AJOLAB',97,qa holab,2
KA'IB'_K'AJOLAB',97,qaho lab,2
KA'IB'_K'AJOLAB',97,qaholab,1
KA'IB'_K'AJOLAB',97,qui chac,2
KA'IB'_K'AJOLAB',97,quichac,1
KA'IB'_K'AJOLAB',97,vi,1
KA'IB'_K'AJOLAB',97,vmial vqahol,2
KA'IB'_K'AJOLAB',97,vqahol,1
KA'IB'_K'AJOLAB',97,vqahol ahau,2
KA'IB'_K'AJOLAB',97,vqahol naol,2
KA'MUL_ALOM,1,camul alo m,3
KA'MUL_K'AJOLOM,1,camul qaholom,2
KAB',1,cab,1
KAB'RAQAN,22,at qahol,2
KAB'RAQAN,22,cab racan,2
KAB'RAQAN,22,cab rracan,2
KAB'RAQAN,22,cabracan,1
KAB'RAQAN,22,cabrracan,1
KAB'RAQAN,22,v cab v qahol,4
KAB'RAQAN,22,vcab nima rizai rib,4
KAJIB'_UNIM_JA,5,cahib chi nimha,3
KAJIB'_UNIM_JA,5,cahib chiahauab,2
KAJIB'_UNIM_JA,5,cahib naipuch chi nimha,4
KAJIB'_UNIM_JA,5,cahib vnim ha,3
KAJIB'_UNIM_JA,5,chicahibcut nimha,2
KAK'IXA_JA',2,caquixaha,1
KAK'IXA_JA',2,caquixha,1
KAKAW,2,caco,1
KAKAW,2,cacou,1
KAMALOTZ',1,camalotz,1
KANCHAJELEB',1,canchahe leb,2
KAQA_B'E,2,ca ca be,3
KAQA_B'E,2,q'aq'abe,1
KAQA_PALO_JA',2,caha paluna,2
KAQA_PALO_JA',2,eaha paluna,2
KAQCHIKELEB',13,ca echequeleb,2
KAQCHIKELEB',13,caechequeleb,1
KAQCHIKELEB',13,caechi queleb,2
KAQCHIKELEB',13,q'aq'che queleb,2
KAQCHIKELEB',13,q'aq'chequeleb,1
KAQIX_TUKUR,2,caquix tucur,2
KAQUILJA_JUN_RAQAN,1,caculha huracan,2
KAR,5,car,1
KAWEQ,20,ca ui quib,3
KAWEQ,20,ca vec,2
KAWEQ,20,caui quib,2
KAWEQ,20,cauiquib,1
KAWEQ,20,cavec queche vinac,3
KAWEQ,20,cavi quib,2
KAWEQ,20,caviquib,1
KAWEQ,20,caviquib quiche,2
KAWEQ,20,chica uiquib,2
KAWEQ,20,coaui quib,2
KAWEQ,20,quiche ahau,2
KAWEQ,20,v mam,2
KAWEQ,20,vcahau,1
KAWINAL,1,cavinal,1
KAWISIMAJ_KQSIETE,9,cauizimah,1
KAWISIMAJ_KQSIETE,9,cavizimah,1
KAWKEB',1,caoqueb,1
KAXKON,1,caxcon,1
KE'EMA,1,queema,1
KE'EMA_NJDIEZ,1,q uema chuqhax,3
KEJ,24,cahaual queh,2
KEJ,24,qu eh,2
KEJ,24,queh,1
KEJ,24,quieh,1
KIK',42,ca quic,2
KIK',42,chiquic,1
KIK',42,qui quel,2
KIK',42,quic,1
KIK',42,quiq,1
KIK',42,quiquel,1
KIK',42,v quiquel,2
KIK',42,v quixic,2
KIK',42,vquiquel,1
KIK'_RE,4,quic re,2
KIK'_RE,4,quic xic,2
KIK'_RE,4,roxlahuh culel,2
KIK'_RIXK'AQ,3,quic ri xcac,3
KIK'_RIXK'AQ,3,vcah lahuh culel,3
KIK'_RIXK'AQ,3,vquic xic rixcac,3
KIK'_YA',2,chiquiquia,1
KIK'_YA',2,quiquia,1
KINAQ',1,qui nac,2
KOJ,10,coh,1
KOJ,10,qoh,1
KOMAJKUN_AKCINCO,1,comahcun,1
KOTZ'I'J,21,co q ih,3
KOTZ'I'J,21,co tzih,2
KOTZ'I'J,21,coq ih,2
KOTZ'I'J,21,coq ihal,2
KOTZ'I'J,21,cotzih,1
KOTZ'I'J,21,muchit,1
KOTZB'ALAM,1,cotzbalam,1
KUCHUMA_KIK',16,acahau,1
KUCHUMA_KIK',16,cuchuma quic,2
KUCHUMA_KIK',16,cuchumaquic,1
KUCHUMA_KIK',16,lalnu cahau,2
KUCHUMA_KIK',16,v cahau,2
KUCHUMA_KIK',16,vcahau,1
KUCHUMA_KIK',16,vvacac culel,2
KUMATZ,9,cu matz,2
KUMATZ,9,cu matzil,2
KUMATZ,9,cumatz,1
KUMATZ_AMAQ',1,cumatz,1
KUNAB'AL_TOJIL,1,cuna bal tohil,3
KUWATEPECH_KQONCE,1,cauatepech,1
LAMAKIB',1,lamaquib,1
LOLMET_KEJNAY,2,l olmet queh nai,4
LOLMET_KEJNAY,2,lolmet queh nay,3
LOTZ_KIK',1,lotz quic,2
MAJUK'UTAJ,55,ma hucutah,2
MAJUK'UTAJ,55,mahu cutah,2
MAJUK'UTAJ,55,mahucu tah,2
MAJUK'UTAJ,55,mahucutah,1
MAJUK'UTAJ,55,mahuqutah,1
MAJUK'UTAJ,55,mahutah,1
MAKAMOB',1,ma camob,2
MAKUJUTAJ,1,mahucutah,1
MAKUTAX,1,macu tax,2
MAK_EK',4,ec,1
MAK_EK',4,mac ec,2
MAK_EK',4,pa ec,2
MAQ'A',1,ah maca,2
ME'AWAN,2,me auan,2
ME'AWAN,2,meauan,1
MEXICO,1,mexico,1
MIXKINA,8,mi xqui na,3
MIXKINA,8,mi xquina,2
MIXKINA,8,mixqui na,2
MIXKINA,8,mixquina,1
MOLAY,1,molai,1
MOTZ,20,ixqaholab,1
MOTZ,20,motz,1
MOTZ,20,o much qaholab,3
MOTZ,20,omu ch chi qaholab,4
MOTZ,20,omu ch qaholab,3
MOTZ,20,omuch chi qaholab,3
MOTZ,20,omuch chiqaholab,2
MOTZ,20,omuch qaholab,2
MOTZ,20,qaholab,1
MOTZ,20,riomuch qaholab,2
MU'J,1,muh,1
NAKXIT,8,ahau,1
NAKXIT,8,ahauarem,1
NAKXIT,8,ahrele bal quih,3
NAKXIT,8,nacxit,1
NAKXIT,8,nim ahau,2
NAKXIT,8,rahaual,1
NIJA'IB,16,ni haibab,2
NIJA'IB,16,niha ib,2
NIJA'IB,16,nihaib,1
NIJA'IB,16,nihaibab,1
NIJA'IB,16,nimhaibab,1
NIKAQA_TAQAJ,1,nica cahtacah,2
NIMA'Q_TZ'AQ_TOJIL,1,ni mac tzac tohil,4
NIMA_CH'OKOJ,1,nim chocoh,2
NIMA_K'AMJA,3,n ima camha,3
NIMA_K'AMJA,3,nima camha,2
NIMA_LOLMET_YE'OLTUX,1,nima lolmet yeoltux,3
NIMA_SIS,1,nima tziz,2
NIM_AQ,1,nimac,1
NIM_CH'OKOJ,9,e alanel,2
NIM_CH'OKOJ,9,e oxib chic chocohib,4
NIM_CH'OKOJ,9,e vchuch tzih,3
NIM_CH'OKOJ,9,eoxib chichocohib,2
NIM_CH'OKOJ,9,evcahau tzih,2
NIM_CH'OKOJ,9,n im chocohcut,3
NIM_CH'OKOJ,9,nim chocoh,2
NIM_CH'OKOJ,9,oxibcut ri chocohib,3
NIM_CH'OKOJ_KAWEQ,2,n im chocoh cavec,4
NIM_CH'OKOJ_KAWEQ,2,nim chocoh ca vec,4
NIM_CH'OKOJ_NIJA'IB',2,n im chocoh nihaib,4
NIM_CH'OKOJ_NIJA'IB',2,nimchocoh nihaib,2
NIM_XO'L,1,nim xol,2
NIM_XOB'_KARCHAJ,1,nim xob carchah,3
NOJ,1,noh,1
NU'_SIWAN,1,nuzivan,1
OXIB'_KEJ_KQDOCE,1,o xib quieh,3
OXIB_RI_NIM_JA,8,caoxib oc quinimha,3
OXIB_RI_NIM_JA,8,eoxib chinamit,2
OXIB_RI_NIM_JA,8,ox chob chi,3
OXIB_RI_NIM_JA,8,oxib chi quiche,3
OXIB_RI_NIM_JA,8,oxib ri nimha,3
OXIB_RI_NIM_JA,8,oxibpuch nimha,2
OXIB_RI_NIM_JA,8,quiche,1
OXIB_RI_NIM_JA,8,ri oxib chinimha,3
PACHQ'AB,2,pachcab,1
PACHQ'AB',3,ipachcab,1
PACHQ'AB',3,pa ch cab,3
PACHQ'AB',3,pachcab,1
PACH_Q'AB',1,pach cab,2
PAK'AM,3,pacam,1
PALO,12,pa lo,2
PALO,12,palo,1
PAM_KAJ_UPAM_ULEW,3,pam cah v pam vleu,5
PAM_KAJ_UPAM_ULEW,3,vpam cah upam vleu,4
PAM_KAJ_UPAM_ULEW,3,vpam cah vpam vleu,4
PATAN,9,pa tan,2
PATAN,9,patan,1
PATAN,9,vcablahuh culel,2
PAXIL,4,paxil,1
PA_AWILIX,2,pa av lix,3
PA_AWILIX,2,pa vlix,2
PA_MAK'A',1,pamaca,1
PA_TOJIL,2,pa tohil,2
PA_TOJIL,2,patohil,1
PEK_UL_YA',1,pe cul,2
PEQ,2,pec,1
PETATAYUB',1,petatayub,1
PICH_KEJ,1,pich queh,2
PISOM_Q'AQ'AL,6,cuun,1
PISOM_Q'AQ'AL,6,pizom,1
PISOM_Q'AQ'AL,6,pizom ea eal,3
PISOM_Q'AQ'AL,6,pizom q'aq'al,2
POM,10,cabavil pom,2
POM,10,cavizton pom,2
POM,10,mi xtam pom,3
POM,10,pom,1
POPOL_WINAQ_CHI_T'UY,2,p opolvinac chitui,3
POPOL_WINAQ_CHI_T'UY,2,popol vinac chituy,3
POPOL_WINAQ_PA_JOM_TZALATZ',2,p opolvinac pahom tzalatz,4
POPOL_WINAQ_PA_JOM_TZALATZ',2,popol vinac pahom tzalatz,4
POPOL_WUJ,3,popo vvh,2
POPOL_WUJ,3,popol vvh,2
POPOL_WUJ,3,qonabe oher,2
PUCH_IYA,2,puch yia,2
PUCH_IYA,2,yia,1
PUJUYU',3,pu huyu,2
PUJUYU',3,puhuyu,1
PUJ_CHI_JA',1,pu ch chi a,4
PUJ_YA',1,puhia,1
PUSB'AL_CHAAJ,6,puc bal chah,3
PUSB'AL_CHAAJ,6,pucbachah,1
PUSB'AL_CHAAJ,6,pucbal c hah,3
PUSB'AL_CHAAJ,6,pucbal chah,2
Q'ALEL,9,ealel,1
Q'ALEL,9,q'alel,1
Q'ALEL_ACHIJ,1,v ealel achih,3
Q'ALEL_AJAW,1,ealel ahau,2
Q'ALEL_K'AMJA,1,cale camha,2
Q'ALEL_SAQIK,2,ealel zaquic,2
Q'ALIB'AJ,1,ealibah,1
Q'ANAB'AJ,1,canabah,1
Q'ANA_B'E,1,q'ana be,2
Q'AQ'_LAQAM_AKTRES,1,caelacan,1
Q'EQA_B'E,5,be xibalba,2
Q'EQA_B'E,5,que ca be,3
Q'EQA_B'E,5,queca be,2
Q'EQUMA_JA,5,que eumaha,2
Q'EQUMA_JA,5,quecuma ha,2
Q'EQUMA_JA,5,queeuma ha,2
Q'INOM,2,quinom,1
Q'OJOM,2,cohom,1
Q'OJOM,2,cohomanic,1
Q'OL,3,nima eol,2
Q'OL,3,q'ol,1
Q'OL_CHE',1,colche,1
Q'OQ,9,coc,1
Q'OQ,9,cocob,1
Q'OQ,9,vcoc,1
Q'UKUMATZ,2,gucumatz,1
Q'UKUMATZ,2,qu cumatz,2
Q'UKUMATZ_KQCINCO,10,c ucumatz,2
Q'UKUMATZ_KQCINCO,10,cucumatz,1
Q'UMARKAJ,4,cumarca ah,2
Q'UMARKAJ,4,cumarcaah,1
Q'UMARKAJ,4,tina mit,2
Q'UMARKAJ,4,tinamit,1
QAMUKU,2,camu cu,2
QAMUKU,2,camucu,1
RAB'INALEB',11,rabi naleb,2
RAB'INALEB',11,rabinaleb,1
RAJAWAL_XIB'ALB'A,113,aha u,2
RAJAWAL_XIB'ALB'A,113,aha uab,2
RAJAWAL_XIB'ALB'A,113,aha vab,2
RAJAWAL_XIB'ALB'A,113,ahau,1
RAJAWAL_XIB'ALB'A,113,ahauab,1
RAJAWAL_XIB'ALB'A,113,alac ahauab,2
RAJAWAL_XIB'ALB'A,113,cono hel ahauab,3
RAJAWAL_XIB'ALB'A,113,conoh xibalba,2
RAJAWAL_XIB'ALB'A,113,conohel,1
RAJAWAL_XIB'ALB'A,113,conohel ahauab,2
RAJAWAL_XIB'ALB'A,113,conohel xibalba,2
RAJAWAL_XIB'ALB'A,113,ixahauab,1
RAJAWAL_XIB'ALB'A,113,rahal xibalba,2
RAJAWAL_XIB'ALB'A,113,rahaual,1
RAJAWAL_XIB'ALB'A,113,rahaual xi balba,3
RAJAWAL_XIB'ALB'A,113,rahaual xibal ba,3
RAJAWAL_XIB'ALB'A,113,rahaual xibalba,2
RAJAWAL_XIB'ALB'A,113,riahauab,1
RAJAWAL_XIB'ALB'A,113,riconohel xi balba,3
RAJAWAL_XIB'ALB'A,113,ronohel xibalba,2
RAJAWAL_XIB'ALB'A,113,xi balba,2
RAJAWAL_XIB'ALB'A,113,xibal ba,2
RAJAWAL_XIB'ALB'A,113,xibal ba conohel,3
RAJAWAL_XIB'ALB'A,113,xibalba,1
RAJPOP,3,ixrah popachih,2
RAJPOP,3,rahpop achi hab,3
RAJPOP,3,rahpop achih,2
RAJPOP_ACHIJ,1,rahpop achih,2
RAJTZ'ALAM_ACHIJ,1,rahtza lam achih,3
RATI'T_Q'IJ,2,ratit quih,2
RATI'T_SAQ,2,ra titzac,2
RATI'T_SAQ,2,ratit zac,2
RAXA_B'E,3,paraxa hoc,2
RAXA_B'E,3,raxa be,2
RAXA_KAQULJA,8,raxa cacul ha,3
RAXA_KAQULJA,8,raxa caculha,2
RAXA_NANAWAK,1,raxa nana vac,3
SAKIL,2,vzaquilal,1
SAKIL,2,zaquil,1
SANIK,14,zanic,1
SANTA_CRUZ,1,sta santa cruz,3
SAQAJIB',2,zacahib,1
SAQAJIB',2,zaqui quib,2
SAQIKAS,10,cu matz,2
SAQIKAS,10,cumatz,1
SAQIKAS,10,ricumatz,1
SAQIKAS,10,zaqui caz,2
SAQIKAS,10,zaquicaz,1
SAQI_B'E,2,zaqui be,2
SAQI_K'OXOL,2,zaquicoxol,1
SAQI_NIM_AQ_SIS,13,atit,1
SAQI_NIM_AQ_SIS,13,atit mama,2
SAQI_NIM_AQ_SIS,13,ca mam,2
SAQI_NIM_AQ_SIS,13,camam,1
SAQI_NIM_AQ_SIS,13,mama,1
SAQI_NIM_AQ_SIS,13,mama atit,2
SAQI_NIM_AQ_SIS,13,ri atit mama,3
SAQI_NIM_AQ_SIS,13,za quinimac tziz,3
SAQI_NIM_AQ_SIS,13,zaqui nim ac,3
SAQI_NIM_AQ_SIS,13,zaqui nima tziz,3
SAQI_YA,1,zaqui ya,2
SAQKABAJA,2,ah zac cabaha,3
SAQKABAJA,2,rizacabaha,1
SAQULEWAB',2,zaculeuab,1
SAQ_K'UCH,1,zaccuch,1
SILISIB',1,zili zib,2
SIPAKNA,35,at qahol,2
SIPAKNA,35,v nabe qahol,3
SIPAKNA,35,zi pacna,2
SIPAKNA,35,zipac na,2
SIPAKNA,35,zipacna,1
SIS,4,tz iz,2
SIS,4,ziz,1
SITA'L,11,zi tal,2
SITA'L,11,zital,1
SIYAJA,1,ah ziyaha,2
SOCHOJ,4,zochoh,1
SOJTZI_JA_CHIMALKAN,1,tzotziha chi malcan,3
SOR_OBISPO,1,s or seor obispo,4
SOTZ,10,cama zotz,2
SOTZ,10,camazotz,1
SOTZ,10,tzotz,1
SOTZ,10,xazotz,1
SOTZ,10,zotz,1
SOTZ'I_JA,6,ha,1
SOTZ'I_JA,6,pa ha,2
SOTZ'I_JA,6,tzotzi ha,2
SOTZ'I_JA,6,zotziha,1
SOTZ'I_JA,6,zotzila ha,2
SOTZ'I_JA,6,zotzin ha,2
SU',19,ahzu,1
SU',19,tzu,1
SU',19,xezuan,1
SU',19,xezuanic,1
SU',19,xquizuah,1
SU',19,zu,1
SU',19,zuanic,1
SUB'AQ,1,zubac,1
SUYWA,7,zu va,2
SUYWA,7,zuiva,1
SUYWA,7,zuy va,2
T'OT_TATAN,1,tot tatam,2
TAMASUL,22,inzamahel,1
TAMASUL,22,qahol,1
TAMASUL,22,rixpec,1
TAMASUL,22,tama zul,2
TAMASUL,22,tamazul,1
TAMASUL,22,tamazul qahol,2
TAMASUL,22,xbec,1
TAMASUL,22,xp ec,2
TAMASUL,22,xpec,1
TAMUB',18,ta mub,2
TAMUB',18,tam ub,2
TAMUB',18,tamub,1
TAMUB',18,tumub,1
TAP,7,tap,1
TAPA'L,1,tapal,1
TATIL,1,tatil,1
TEKUM_KQNUEVE,1,t ecum,2
TEKUM_KQTRECE,2,t ecum,2
TEKUM_KQTRECE,2,tecum,1
TEPEPUL_KQNUEVE,1,tepepul,1
TEPEPUL_KQOCHO,1,t epepul,2
TEPEPUL_KQSEIS,2,t epepul,2
TEPEPUL_KQSEIS,2,tepepul,1
TEPEPUL_KQTRECE,2,tepepul,1
TEPEW,2,te peval,2
TEPEW,2,tepeual,1
TEPEW_OLOMAN,2,tepeu oliman,2
TEPEW_OLOMAN,2,tepeu olo man,3
TEPEW_Q'UKUMATZ,12,te peu gucumatz,3
TEPEW_Q'UKUMATZ,12,tepeu cucu matz,3
TEPEW_Q'UKUMATZ,12,tepeu cucumatz,2
TEPEW_Q'UKUMATZ,12,tepeu gucumatz,2
TEPEW_Q'UKUMATZ,12,tepeu qucumatz,2
TEPEW_Q'UKUMATZ,12,tepeuh cucumatz,2
TEPEW_YAKI,1,t epeu iaqui,3
TIJOB'AL_JA,2,tihobal ha,2
TIJOB'AL_JA,2,vtihobal,1
TINAMIT_K'ICHE',32,ahauab quiche,2
TINAMIT_K'ICHE',32,ahavab quiche,2
TINAMIT_K'ICHE',32,pa quiche,2
TINAMIT_K'ICHE',32,que che vinac,3
TINAMIT_K'ICHE',32,queche,1
TINAMIT_K'ICHE',32,queche vinac,2
TINAMIT_K'ICHE',32,qui che,2
TINAMIT_K'ICHE',32,quiche,1
TINAMIT_K'ICHE',32,quiche vinac,2
TINAMIT_K'ICHE',32,quicheri,1
TINAMIT_K'ICHE',32,raha ual quiche,3
TINAMIT_K'ICHE',32,tinamit quiche,2
TOJIL,74,aha u,2
TOJIL,74,ritohil,1
TOJIL,74,to hil,2
TOJIL,74,tohil,1
TOROB,1,torob,1
TUJAL_JA,3,tuhal ha,2
TUJAL_JA,3,tuhalaha,1
TUJAL_JA,3,tuhalha,1
TUKUMB'ALAM,1,tucumbalam,1
TUKUR,6,tucur,1
TULUL,2,tulul,1
TULÁN,18,tu lan,2
TULÁN,18,tulan,1
TZ'AQOL,29,ah tzac,2
TZ'AQOL,29,ahtzac,1
TZ'AQOL,29,hun tzac,2
TZ'AQOL,29,tza col,2
TZ'AQOL,29,tzacol,1
TZ'IKIN,46,q ' i quin,4
TZ'IKIN,46,q ' iquin,3
TZ'IKIN,46,q i quin,3
TZ'IKIN,46,q iquin,2
TZ'IKIN,46,qi iquin,2
TZ'IKIN,46,qi quin,2
TZ'IKIN,46,tzi quin,2
TZ'IKIN,46,tziquin,1
TZ'IKIN,46,ziquin,1
TZ'ITE',6,ah tzite,2
TZ'ITE',6,q ite,2
TZ'ITE',6,tzi te,2
TZ'ITE',6,tzite,1
TZ'OLOJ_CHE',1,tzolohche,1
TZ'UM,3,q uum,2
TZ'UM,3,tzuum,1
TZ'UNUNI_JA',2,tzununiha,1
TZ'UTUJA,1,tzutuha,1
TZ'UTU_JA,1,tzutuha,1
TZAMIY,2,vzamial,1
TZAMIY,2,zami,1
TZIKWIL_B'ALAM,1,tzicuil balam,2
TZIKWIL_KOJ,1,tzicvil coh,2
TZIMA,3,rizima,1
TZIMA,3,zima,1
UCH'AB'AJA,3,vchaba ha,2
UCH'AB'AJA,3,vchabaha,1
UCHUCH_K'AMJA,3,v chuch camha,3
UCHUCH_K'AMJA,3,vchuch cam ha,3
UK',11,at vi,2
UK',11,ug,1
UK',11,uq,1
UK',11,vq,1
UK'U'X_CHO,1,vqux cho,2
UK'U'X_KAJ,21,v qux cah,3
UK'U'X_KAJ,21,v quxcah,2
UK'U'X_KAJ,21,vqu x cah,3
UK'U'X_KAJ,21,vqux cah,2
UK'U'X_KAJ,21,vquxcah,1
UK'U'X_PALO,1,vqux palo,2
UK'U'X_ULEW,7,v quxvleu,2
UK'U'X_ULEW,7,vleu,1
UK'U'X_ULEW,7,vqux vleu,2
UK'U'X_ULEW,7,vquxvle uh,2
UMUL,8,vmul,1
USAMAJEL_XIB'ALB'A,33,ixza mahel,2
USAMAJEL_XIB'ALB'A,33,ixzamahel,1
USAMAJEL_XIB'ALB'A,33,v zama hel,3
USAMAJEL_XIB'ALB'A,33,vzama hel xibalba,3
USAMAJEL_XIB'ALB'A,33,vzamahel,1
USAMAJEL_XIB'ALB'A,33,vzamahel xibalba,2
USAMAJEL_XIB'ALB'A,33,za mahel,2
USAMAJEL_XIB'ALB'A,33,zamahel,1
UTIW,5,vtiu,1
UTZA'M_ACHIJ,1,vtzam achih,2
UTZUTZIL_JOM,1,v zutzil hom,3
WA,12,queva ic,2
WA,12,quevaic,1
WA,12,va,1
WA,12,vain,1
WACH_SOT,1,vach zot,2
WAJXALAJUJ,1,vahxa lahuh,2
WAJXAQIB'_K'AM_KQDIEZ,1,v ahxaqui caam,3
WAK,11,vac,1
WAK,11,vac ni ma tziquin,4
WILA',2,ah vvila,2
WILA',2,chuuila,1
WINAQ_B'ALAM_AKNUEVE,1,vinac bam,2
WOK,3,voc,1
WONON,11,vonon,1
WONON,11,vorom,1
WUB,28,chicavvbah,1
WUB,28,iv vbah,2
WUB,28,quevvbanic,1
WUB,28,quivvba nic,2
WUB,28,uu bal,2
WUB,28,v vb,2
WUB,28,vb,1
WUB,28,vbah,1
WUB,28,vbom,1
WUB,28,vub,1
WUB,28,vubah,1
WUB,28,vvb,1
WUB,28,vvbah,1
WUB,28,vvbanic,1
WUB,28,xquivvbah,1
WUCH',2,vuch,1
WUCH',2,vvch,1
WUQUB'_AJ_AKSEIS,1,vucubah,1
WUQUB'_JUNAJPU,22,vcub hunahpu,2
WUQUB'_JUNAJPU,22,vucub hun ahpu,3
WUQUB'_JUNAJPU,22,vv cub hun ahpu,4
WUQUB'_JUNAJPU,22,vvcub hun ahpu,3
WUQUB'_JUNAJPU,22,vvcub hunahpu,2
WUQUB'_JUNAJPU,22,vvcubhunahpu,1
WUQUB'_KAME',33,v vcub came,3
WUQUB'_KAME',33,vcah culel,2
WUQUB'_KAME',33,vvcu bcame,2
WUQUB'_KAME',33,vvcub ca me,3
WUQUB'_KAME',33,vvcub came,2
WUQUB'_KAME',33,vvcubcame,1
WUQUB'_KAQIX,49,ahau,1
WUQUB'_KAQIX,49,in ahau,2
WUQUB'_KAQIX,49,lal ahau,2
WUQUB'_KAQIX,49,v vcub caquix,3
WUQUB'_KAQIX,49,vcub ca quix,3
WUQUB'_KAQIX,49,vcub caquix,2
WUQUB'_KAQIX,49,vu cub caquix,3
WUQUB'_KAQIX,49,vucub ca quix,3
WUQUB'_KAQIX,49,vucub caquix,2
WUQUB'_KAQIX,49,vv cub caquix,3
WUQUB'_KAQIX,49,vvc ub caquix,3
WUQUB'_KAQIX,49,vvcub ca quix,3
WUQUB'_KAQIX,49,vvcub caquix,2
WUQUB'_NO'J_KQONCE,1,v ucub noh,3
XA'N,5,xan,1
XAJBA'KYEJ,1,xahbaquieh,1
XAJOJ_KUX,2,xahoh cux,2
XAJOJ_KUX,2,xquixah cux,2
XAJOJ_PUJUY,2,xahoh puhuy,2
XAJOJ_PUJUY,2,xquixah puhuy,2
XAYAB'AJ,1,ah xayabah,2
XA_Q'ANA_JAL,66,ah cahb,2
XA_Q'ANA_JAL,66,ah quixb,2
XA_Q'ANA_JAL,66,aha uab,2
XA_Q'ANA_JAL,66,ahauab,1
XA_Q'ANA_JAL,66,ahcahb,1
XA_Q'ANA_JAL,66,ahquixb,1
XA_Q'ANA_JAL,66,ca cahau,2
XA_Q'ANA_JAL,66,ca mam,2
XA_Q'ANA_JAL,66,cacaha,1
XA_Q'ANA_JAL,66,cacahau,1
XA_Q'ANA_JAL,66,cachuch,1
XA_Q'ANA_JAL,66,cahau,1
XA_Q'ANA_JAL,66,camam,1
XA_Q'ANA_JAL,66,canabe chuch,2
XA_Q'ANA_JAL,66,chuch,1
XA_Q'ANA_JAL,66,e cahib chi vinac,4
XA_Q'ANA_JAL,66,e canabe ca hau,4
XA_Q'ANA_JAL,66,eah cahb,2
XA_Q'ANA_JAL,66,naabe vinac,2
XA_Q'ANA_JAL,66,quicahau,1
XA_Q'ANA_JAL,66,quicahichal,1
XA_Q'ANA_JAL,66,rachcahb,1
XA_Q'ANA_JAL,66,rachquixb,1
XA_Q'ANA_JAL,66,rah quixb,2
XA_Q'ANA_JAL,66,rahcahb,1
XA_Q'ANA_JAL,66,rahquixb,1
XA_Q'ANA_JAL,66,vinac cumal ahauab,3
XA_Q'ANA_JAL,66,xaq'ana hal zaquihal,3
XB'ALAMQ'E,68,xba lan que,3
XB'ALAMQ'E,68,xba lanque,2
XB'ALAMQ'E,68,xbalan que,2
XB'ALAMQ'E,68,xbalanq,1
XB'ALAMQ'E,68,xbalanque,1
XBALANKE,1,xbalan que,2
XE'_B'ALAX,1,xebalax,1
XE'_K'A'MAQ,1,xecamac,1
XELAJUJ,2,ah xelahuh,2
XELAJUJ,2,xelahu,1
XIB'ALB'A,35,ahaual ha,2
XIB'ALB'A,35,xbalba,1
XIB'ALB'A,35,xi balba,2
XIB'ALB'A,35,xibal ba,2
XIB'ALB'A,35,xibalba,1
XIK,2,vhulah culel,2
XIK,2,xic,1
XIK',1,xic,1
XIKIRIPAT,4,roo culel,2
XIKIRIPAT,4,xiquiripat,1
XIKIRI_PAT,2,xi quiripat,2
XIKIRI_PAT,2,xiquiritap,1
XMUKANE,4,ahbit chi racan,3
XMUKANE,4,ahquih,1
XMUKANE,4,atit,1
XMUKUR,3,xmucur,1
XPIYAKOK,23,ahquih,1
XPIYAKOK,23,ama,1
XPIYAKOK,23,at camam,2
XPIYAKOK,23,cahau,1
XPIYAKOK,23,camul mamom,2
XPIYAKOK,23,chu quenel,2
XPIYAKOK,23,mama,1
XPIYAKOK,23,mamom,1
XPIYAKOK,23,xpi yacoc,2
XPIYAKOK,23,xpiyacoc,1
XPURPUWEQ,3,purpuec,1
XPURPUWEQ,3,xpurpu uec,2
XPURPUWEQ,3,xpurpuvec,1
XTZUL,1,xtzul,1
XULU,3,xulu,1
XUXULIM_JA,1,xuxulim ha,2
XUXULUM_JA,1,teuh ha,2
YA'XKANUL,1,ya xcanul,2
YACHWACH,4,i ach vach,3
YACHWACH,4,iach vach,2
YACHWACH,4,qui iach vach,3
YACHWACH,4,yach vach,2
YAK,5,iac,1
YAK,5,yac,1
YAKI,5,ya qui vinac,3
YAKI,5,yaqui vinac,2
YAKI,5,yaquivinac,1
YAKI_TEPEW,1,ya qui tepeu,3
YAKOLATAM,1,y acolatam,2
YAKOLATAM_UTZA'M_POP_SAQLATOL,1,yacolatam vtzam pop zaclatol,4
YOLKWAT_KITZALKWAT,1,yolcuat qui tzalcuat,3
