ana_id,n_annotated,n_found_exact,coverage_ratio,n_surface_forms
AB'IX,18,40,0.45,6
ACHAQ'_IB'OY,1,1,1.0,1
AJ,8,2022,0.004,2
AJACHE',2,2,1.0,1
AJAL_MES,3,2,1.5,2
AJAL_PUJ,7,6,1.167,4
AJAL_Q'ANA,7,7,1.0,4
AJAL_TOQ'OB,3,2,1.5,2
AJAQ_Q'ALEL_NJDOCE,2,3,0.667,2
AJAW_AJTZIK_WINAQ,2,1,2.0,2
AJAW_AWILIX,2,23,0.087,2
AJAW_JAQAWITZ,2,2,1.0,2
AJAW_K'ICHE',13,12,1.083,2
AJAW_K'OTUJA_NJONCE,1,1,1.0,1
AJAW_KICHE,1,11,0.091,1
AJAW_LOLMET,2,2,1.0,2
AJAW_NIM_CH'OKOJ,3,3,1.0,3
AJAW_Q'ALEL,5,8,0.625,4
AJAW_Q'ALEL_K'AMJA,1,1,1.0,1
AJAW_XIK,3,330,0.009,1
AJB'IS,1,1,1.0,1
AJBA'TENA_JA,1,1,1.0,1
AJBATENAJA,1,2,0.5,1
AJCH'UMILA_JA,1,0,,1
AJCH'UT,1,1,1.0,1
AJK'UWAL,1,1,1.0,1
AJKIB'A_JA,2,3,0.667,2
AJLAB'AL,1,5,0.2,1
AJLATZAB',1,1,1.0,1
AJMAK,1,1,1.0,1
AJMOKEN,1,1,1.0,1
AJMOX_WACH,1,1,1.0,1
AJMUQULIK_K'U'X,1,1,1.0,1
AJPATAN,1,1,1.0,1
AJPOP,22,29,0.759,3
AJPOP_K'AMJA,17,13,1.308,6
AJPOP_SOTZ'IL,1,1,1.0,1
AJPOP_XAJIL,1,0,,1
AJQ'OL,1,1,1.0,1
AJQ'UKUMATZ,2,2,1.0,2
AJRAXA_LAQ,2,1,2.0,2
AJRAXA_TZEL,2,2,1.0,2
AJTOJIL,2,1,2.0,2
AJTOLTEKAT,1,1,1.0,1
AJTUKUR,1,1,1.0,1
AJTZ'ALAM,1,1,1.0,1
AJTZ'IKINA_JA,7,8,0.875,6
AJTZA,1,7,0.143,1
AJTZIK_WINAQ,9,10,0.9,7
AJTZIK_WINAQ_AJAW,1,1,1.0,1
AJYAMANIK,1,1,1.0,1
AJ_KAB'RAQAN,1,1,1.0,1
AKUL_WINAQ,1,1,1.0,1
ALOM,19,85,0.224,5
AMAQ'_TAM,2,0,,2
AMAQ'_UQ'IN_K'AT,1,0,,1
AQ,3,132,0.023,2
AQAJ,2,36,0.056,1
ASTAPULUL,1,1,1.0,1
AWILIX,33,357,0.092,8
B'ALAM,23,154,0.149,3
B'ALAM_ KOLOB',1,1,1.0,1
B'ALAM_AQ'AB',60,134,0.448,8
B'ALAM_JA,6,11,0.545,6
B'ALAM_K'ONACHE'_KQTRES,2,3,0.667,2
B'ALAM_KI'TZE',65,50,1.3,7
B'AQ,3,74,0.041,3
B'ATE,8,12,0.667,3
B'ATZ'A_NJSEIS',1,1,1.0,1
B'ELEJEB'_KEJ_NJCUATRO,2,2,1.0,2
B'ELEJEB'_KEJ_NUEVE,1,2,0.5,1
B'ELEJEB'_T'ZI'_KQDOCE,1,1,1.0,1
B'ITOL,29,33,0.879,6
B'OQOTAJINAQ_SANAYEB',1,1,1.0,1
BALAM_KI'TZE,1,38,0.026,1
CH'ABI'_TUKUR,2,2,1.0,2
CH'ABI_Q'AQ',1,0,,1
CH'AMIYA_BAQ,7,7,1.0,5
CH'AMIYA_JOLOM,7,5,1.4,4
CH'IPI_KAQULJA,8,6,1.333,4
CH'IPI_NANAWAK,1,1,1.0,1
CH'ITIK,1,4,0.25,1
CH'O,14,208,0.067,1
CHAAJ,31,132,0.235,13
CHAJAL_ECHA',2,1,2.0,2
CHAMALKAN,1,1,1.0,1
CHAMCHAM,1,1,1.0,1
CHAYIM_JA,3,2,1.5,1
CHIMALMAT,6,25,0.24,4
CHITEMAJ,1,1,1.0,1
CHIYOM,1,1,1.0,1
CHI_CHAQ',1,1,1.0,1
CHI_ISMACHI,7,10,0.7,1
CHI_ISMACHI',5,58,0.086,3
CHI_JUNAJPU,1,1,1.0,1
CHI_K'IX,2,2,1.0,1
CHI_PIXAB',3,2,1.5,2
CHI_Q'AQ',1,18,0.056,1
CHI_RATINIB'AL_TOJIL,4,4,1.0,3
CHOLOCHIK_AB'AJ,1,0,,1
CHOMI_JA',2,2,1.0,1
CHULIMAL,2,3,0.667,2
CHUQ'ANAL,1,1,1.0,1
CHUWA_TZ'AQ,1,0,,1
CHUWI'_MEQ'ENA',1,1,1.0,1
CHUWI_MEQ'ENA',1,1,1.0,1
DIOS,2,2,1.0,1
DONADIU,1,1,1.0,1
DON_CRISTÓBAL_NJONCE,1,1,1.0,1
DON_JUAN_CORTES_KQCATORCE,1,1,1.0,1
DON_JUAN_DE_ROJAS_KQCATORCE,1,1,1.0,1
EWAB'AL_SIWAN,1,1,1.0,1
IB'OY,2,1,2.0,2
IK,4,2189,0.002,1
IK'OQ'IJ,5,5,1.0,2
IKAJ,7,413,0.017,2
ILOKAB',21,17,1.235,3
IQ'I_B'ALAM,41,34,1.206,5
ISTAYUL_KQCUATRO,5,9,0.556,5
ISTAYUL_KQOCHO,1,1,1.0,1
ISTAYUL_KQSEIS,2,4,0.5,1
ISTAYUL_NJSIETE,1,1,1.0,1
IXB'ALAMQ'E,2,49,0.041,2
IXB'AQIYALO,6,23,0.261,5
IXIM,9,12,0.75,3
IXKAKAW,1,1,1.0,1
IXKIK',59,238,0.248,20
IXMUKANE,115,261,0.441,25
IXOQ_AJAWAB',24,131,0.183,14
IXPUCH',7,6,1.167,2
IXQ'ANIL,1,1,1.0,1
IXTAJ,7,16,0.438,1
IXTAJ_IXPUCH,1,17,0.059,1
IXTAJ_IXPUCH',24,57,0.421,13
IXTOJ,1,1,1.0,1
IXTZIYA',1,1,1.0,1
JA'_SIMAJ,1,1,1.0,1
JAL,13,115,0.113,8
JAQAWITZ,31,400,0.077,7
JAQAWITZ_JUYUB',21,128,0.164,7
JA_CHI_Q'AQ'',1,1,1.0,1
JOJ,1,39,0.026,1
JOLOM,1,58,0.017,1
JOLOM_OKOX,1,1,1.0,1
JOLOM_TUKUR,2,1,2.0,2
JOM,16,34,0.471,4
JULISNAB',1,1,1.0,1
JUMETA_JA,1,0,,1
JUNAJPU,88,203,0.433,21
JUNAJPU_JUYUB',1,71,0.014,1
JUNAJPU_K'OY,2,1,2.0,2
JUNAJPU_UTIW,3,3,1.0,2
JUNAJPU_WUCH',3,0,,2
JUN_B'ATZ,27,23,1.174,1
JUN_B'ATZ'_JUN_CHOWEN,11,97,0.113,3
JUN_BATZ'_JUN_CHOWEN,1,49,0.02,1
JUN_CHOWEN,27,18,1.5,3
JUN_JUNAJPU,66,289,0.228,21
JUN_KAME',45,360,0.125,7
JUN_KAME'_WUQUB'_KAME,8,439,0.018,6
JUN_KAME'_WUQUB'_KAME',6,329,0.018,3
JUN_RAQAN,17,19,0.895,7
JUN_TOJ,1,1,1.0,1
JUN_WINAQ,6,90,0.067,5
JURAQAN_TUKUR,2,1,2.0,2
K'AJB'A_JA,1,0,,1
K'AJOLOM,19,275,0.069,7
K'ANTI',4,3,1.333,2
K'AWEX,1,1,1.0,1
K'AYALA',2,2,1.0,1
K'EL,1,78,0.013,1
K'ELETZU,1,0,,1
K'ENECH_AJAW,1,1,1.0,1
K'IKAB,1,3,0.333,1
K'IKAB'_KQDIEZ,1,16,0.062,1
K'IKAB'_KQSIETE,12,41,0.293,4
K'IM,1,28,0.036,1
K'O'AJAW,1,1,1.0,1
K'O'AJAW_AKDOS,3,77,0.039,3
K'O'AKUL,1,1,1.0,1
K'O'AKUL_NJDOS,1,1,1.0,1
K'O'AKUTEK,1,1,1.0,1
K'O'AKUTEK_NJDOS,3,3,1.0,2
K'OCHAJUJ_NJTRES,1,1,1.0,1
K'OJAJ,1,1,1.0,1
K'OKA'IB,1,1,1.0,1
K'OKA'IB_KQDOS,4,824,0.005,3
K'OKAMEL_AKSIETE,1,1,1.0,1
K'OKOSOM_AKCUATRO,1,1,1.0,1
K'OOL,3,10,0.3,2
K'OQAWIB_KQDOS,3,3,1.0,3
K'OTAL,6,124,0.048,2
K'OTK'OWACH,1,1,1.0,1
K'OTUJA_KQCINCO,6,18,0.333,2
K'OTUJA_KQCUATRO,8,339,0.024,7
K'OTUJA_NJCINCO,1,3,0.333,1
K'OTUJA_NJOCHO,1,1,1.0,1
K'OTZ'IB'AJA_NJTRES,1,1,1.0,1
K'OY,5,16,0.312,2
K'OYABAKOJ_AKOCHO,1,1,1.0,1
K'ULB'A,1,1,1.0,1
K'ULKU_SIWAN,1,1,1.0,1
K'US_B'US,1,1,1.0,1
KA',2,3,0.667,2
KA'IB'_K'AJOLAB',97,1244,0.078,38
KA'MUL_ALOM,1,0,,1
KA'MUL_K'AJOLOM,1,1,1.0,1
KAB',1,353,0.003,1
KAB'RAQAN,22,23,0.957,7
KAJIB'_UNIM_JA,5,3,1.667,5
KAK'IXA_JA',2,2,1.0,2
KAKAW,2,18,0.111,2
KAMALOTZ',1,1,1.0,1
KANCHAJELEB',1,1,1.0,1
KAQA_B'E,2,1,2.0,2
KAQA_PALO_JA',2,1,2.0,2
KAQCHIKELEB',13,9,1.444,5
KAQIX_TUKUR,2,2,1.0,1
KAQUILJA_JUN_RAQAN,1,1,1.0,1
KAR,5,59,0.085,1
KAWEQ,20,27,0.741,13
KAWINAL,1,1,1.0,1
KAWISIMAJ_KQSIETE,9,9,1.0,2
KAWKEB',1,1,1.0,1
KAXKON,1,1,1.0,1
KE'EMA,1,1,1.0,1
KE'EMA_NJDIEZ,1,1,1.0,1
KEJ,24,166,0.145,4
KIK',42,472,0.089,9
KIK'_RE,4,4,1.0,3
KIK'_RIXK'AQ,3,2,1.5,3
KIK'_YA',2,3,0.667,2
KINAQ',1,0,,1
KOJ,10,228,0.044,2
KOMAJKUN_AKCINCO,1,1,1.0,1
KOTZ'I'J,21,20,1.05,6
KOTZB'ALAM,1,1,1.0,1
KUCHUMA_KIK',16,27,0.593,7
KUMATZ,9,40,0.225,3
KUMATZ_AMAQ',1,40,0.025,1
KUNAB'AL_TOJIL,1,0,,1
KUWATEPECH_KQONCE,1,1,1.0,1
LAMAKIB',1,1,1.0,1
LOLMET_KEJNAY,2,1,2.0,2
LOTZ_KIK',1,1,1.0,1
MAJUK'UTAJ,55,39,1.41,6
MAKAMOB',1,0,,1
MAKUJUTAJ,1,37,0.027,1
MAKUTAX,1,0,,1
MAK_EK',4,567,0.007,3
MAQ'A',1,1,1.0,1
ME'AWAN,2,1,2.0,2
MEXICO,1,1,1.0,1
MIXKINA,8,6,1.333,4
MOLAY,1,1,1.0,1
MOTZ,20,93,0.215,10
MU'J,1,5,0.2,1
NAKXIT,8,371,0.022,6
NIJA'IB,16,27,0.593,5
NIKAQA_TAQAJ,1,0,,1
NIMA'Q_TZ'AQ_TOJIL,1,0,,1
NIMA_CH'OKOJ,1,4,0.25,1
NIMA_K'AMJA,3,3,1.0,2
NIMA_LOLMET_YE'OLTUX,1,1,1.0,1
NIMA_SIS,1,1,1.0,1
NIM_AQ,1,22,0.045,1
NIM_CH'OKOJ,9,10,0.9,8
NIM_CH'OKOJ_KAWEQ,2,1,2.0,2
NIM_CH'OKOJ_NIJA'IB',2,2,1.0,2
NIM_XO'L,1,1,1.0,1
NIM_XOB'_KARCHAJ,1,1,1.0,1
NOJ,1,227,0.004,1
NU'_SIWAN,1,1,1.0,1
OXIB'_KEJ_KQDOCE,1,1,1.0,1
OXIB_RI_NIM_JA,8,47,0.17,8
PACHQ'AB,2,4,0.5,1
PACHQ'AB',3,5,0.6,3
PACH_Q'AB',1,1,1.0,1
PAK'AM,3,3,1.0,1
PALO,12,12,1.0,2
PAM_KAJ_UPAM_ULEW,3,2,1.5,3
PATAN,9,25,0.36,3
PAXIL,4,3,1.333,1
PA_AWILIX,2,1,2.0,2
PA_MAK'A',1,1,1.0,1
PA_TOJIL,2,2,1.0,2
PEK_UL_YA',1,1,1.0,1
PEQ,2,24,0.083,1
PETATAYUB',1,1,1.0,1
PICH_KEJ,1,1,1.0,1
PISOM_Q'AQ'AL,6,7,0.857,4
POM,10,12,0.833,4
POPOL_WINAQ_CHI_T'UY,2,2,1.0,2
POPOL_WINAQ_PA_JOM_TZALATZ',2,1,2.0,2
POPOL_WUJ,3,3,1.0,3
PUCH_IYA,2,3,0.667,2
PUJUYU',3,2,1.5,2
PUJ_CHI_JA',1,0,,1
PUJ_YA',1,1,1.0,1
PUSB'AL_CHAAJ,6,5,1.2,4
Q'ALEL,9,18,0.5,2
Q'ALEL_ACHIJ,1,0,,1
Q'ALEL_AJAW,1,2,0.5,1
Q'ALEL_K'AMJA,1,1,1.0,1
Q'ALEL_SAQIK,2,1,2.0,1
Q'ALIB'AJ,1,1,1.0,1
Q'ANAB'AJ,1,1,1.0,1
Q'ANA_B'E,1,0,,1
Q'AQ'_LAQAM_AKTRES,1,1,1.0,1
Q'EQA_B'E,5,5,1.0,3
Q'EQUMA_JA,5,3,1.667,3
Q'INOM,2,4,0.5,1
Q'OJOM,2,4,0.5,2
Q'OL,3,3,1.0,2
Q'OL_CHE',1,1,1.0,1
Q'OQ,9,74,0.122,3
Q'UKUMATZ,2,7,0.286,2
Q'UKUMATZ_KQCINCO,10,15,0.667,2
Q'UMARKAJ,4,44,0.091,4
QAMUKU,2,2,1.0,2
RAB'INALEB',11,9,1.222,2
RAJAWAL_XIB'ALB'A,113,621,0.182,24
RAJPOP,3,3,1.0,3
RAJPOP_ACHIJ,1,2,0.5,1
RAJTZ'ALAM_ACHIJ,1,0,,1
RATI'T_Q'IJ,2,3,0.667,1
RATI'T_SAQ,2,2,1.0,2
RAXA_B'E,3,2,1.5,2
RAXA_KAQULJA,8,4,2.0,2
RAXA_NANAWAK,1,1,1.0,1
SAKIL,2,17,0.118,2
SANIK,14,16,0.875,1
SANTA_CRUZ,1,1,1.0,1
SAQAJIB',2,1,2.0,2
SAQIKAS,10,43,0.233,5
SAQI_B'E,2,2,1.0,1
SAQI_K'OXOL,2,2,1.0,1
SAQI_NIM_AQ_SIS,13,123,0.106,10
SAQI_YA,1,0,,1
SAQKABAJA,2,2,1.0,2
SAQULEWAB',2,2,1.0,1
SAQ_K'UCH,1,1,1.0,1
SILISIB',1,0,,1
SIPAKNA,35,32,1.094,5
SIS,4,13,0.308,2
SITA'L,11,10,1.1,2
SIYAJA,1,1,1.0,1
SOCHOJ,4,4,1.0,1
SOJTZI_JA_CHIMALKAN,1,0,,1
SOR_OBISPO,1,1,1.0,1
SOTZ,10,26,0.385,5
SOTZ'I_JA,6,1816,0.003,6
SU',19,218,0.087,7
SUB'AQ,1,1,1.0,1
SUYWA,7,5,1.4,3
T'OT_TATAN,1,1,1.0,1
TAMASUL,22,208,0.106,9
TAMUB',18,15,1.2,4
TAP,7,19,0.368,1
TAPA'L,1,2,0.5,1
TATIL,1,1,1.0,1
TEKUM_KQNUEVE,1,2,0.5,1
TEKUM_KQTRECE,2,3,0.667,2
TEPEPUL_KQNUEVE,1,4,0.25,1
TEPEPUL_KQOCHO,1,2,0.5,1
TEPEPUL_KQSEIS,2,6,0.333,2
TEPEPUL_KQTRECE,2,4,0.5,1
TEPEW,2,1,2.0,2
TEPEW_OLOMAN,2,1,2.0,2
TEPEW_Q'UKUMATZ,12,7,1.714,6
TEPEW_YAKI,1,1,1.0,1
TIJOB'AL_JA,2,5,0.4,2
TINAMIT_K'ICHE',32,80,0.4,12
TOJIL,74,76,0.974,4
TOROB,1,1,1.0,1
TUJAL_JA,3,3,1.0,3
TUKUMB'ALAM,1,1,1.0,1
TUKUR,6,13,0.462,1
TULUL,2,2,1.0,1
TULÁN,18,17,1.059,2
TZ'AQOL,29,30,0.967,5
TZ'IKIN,46,64,0.719,9
TZ'ITE',6,6,1.0,4
TZ'OLOJ_CHE',1,1,1.0,1
TZ'UM,3,3,1.0,2
TZ'UNUNI_JA',2,2,1.0,1
TZ'UTUJA,1,2,0.5,1
TZ'UTU_JA,1,2,0.5,1
TZAMIY,2,2,1.0,2
TZIKWIL_B'ALAM,1,0,,1
TZIKWIL_KOJ,1,1,1.0,1
TZIMA,3,16,0.188,2
UCH'AB'AJA,3,2,1.5,2
UCHUCH_K'AMJA,3,2,1.5,2
UK',11,404,0.027,4
UK'U'X_CHO,1,1,1.0,1
UK'U'X_KAJ,21,17,1.235,5
UK'U'X_PALO,1,1,1.0,1
UK'U'X_ULEW,7,83,0.084,4
UMUL,8,8,1.0,1
USAMAJEL_XIB'ALB'A,33,47,0.702,8
UTIW,5,8,0.625,1
UTZA'M_ACHIJ,1,1,1.0,1
UTZUTZIL_JOM,1,1,1.0,1
WA,12,757,0.016,4
WACH_SOT,1,1,1.0,1
WAJXALAJUJ,1,0,,1
WAJXAQIB'_K'AM_KQDIEZ,1,1,1.0,1
WAK,11,464,0.024,2
WILA',2,2,1.0,2
WINAQ_B'ALAM_AKNUEVE,1,1,1.0,1
WOK,3,7,0.429,1
WONON,11,11,1.0,2
WUB,28,309,0.091,15
WUCH',2,7,0.286,2
WUQUB'_AJ_AKSEIS,1,1,1.0,1
WUQUB'_JUNAJPU,22,15,1.467,6
WUQUB'_KAME',33,24,1.375,6
WUQUB'_KAQIX,49,373,0.131,13
WUQUB'_NO'J_KQONCE,1,1,1.0,1
XA'N,5,15,0.333,1
XAJBA'KYEJ,1,1,1.0,1
XAJOJ_KUX,2,1,2.0,2
XAJOJ_PUJUY,2,2,1.0,2
XAYAB'AJ,1,0,,1
XA_Q'ANA_JAL,66,316,0.209,28
XB'ALAMQ'E,68,100,0.68,5
XBALANKE,1,0,,1
XE'_B'ALAX,1,1,1.0,1
XE'_K'A'MAQ,1,1,1.0,1
XELAJUJ,2,3,0.667,2
XIB'ALB'A,35,90,0.389,5
XIK,2,331,0.006,2
XIK',1,330,0.003,1
XIKIRIPAT,4,4,1.0,2
XIKIRI_PAT,2,1,2.0,2
XMUKANE,4,98,0.041,3
XMUKUR,3,3,1.0,1
XPIYAKOK,23,349,0.066,10
XPURPUWEQ,3,2,1.5,3
XTZUL,1,1,1.0,1
XULU,3,5,0.6,1
XUXULIM_JA,1,1,1.0,1
XUXULUM_JA,1,1,1.0,1
YA'XKANUL,1,1,1.0,1
YACHWACH,4,4,1.0,4
YAK,5,50,0.1,2
YAKI,5,4,1.25,3
YAKI_TEPEW,1,0,,1
YAKOLATAM,1,1,1.0,1
YAKOLATAM_UTZA'M_POP_SAQLATOL,1,0,,1
YOLKWAT_KITZALKWAT,1,0,,1
