doc_id,chap_num,line_num
0,1,1
1,1,2
2,1,3
3,1,4
4,1,5
5,1,6
6,1,7
8,1,9
9,1,10
10,1,11
11,1,12
13,1,14
14,1,15
19,1,20
20,1,21
21,1,22
22,1,23
23,1,24
24,1,25
26,1,27
27,1,28
28,1,29
29,1,30
30,1,31
31,1,32
33,1,34
34,1,35
35,1,36
36,1,37
37,1,38
39,2,41
40,2,42
41,2,43
42,2,44
43,2,45
44,2,46
45,2,47
46,2,48
47,2,49
48,2,50
49,2,51
50,2,52
52,2,54
53,2,55
54,2,56
55,3,58
56,3,59
57,3,60
59,3,62
60,3,63
61,3,64
62,3,65
63,3,66
64,3,67
65,3,68
67,3,70
68,3,71
69,3,72
70,3,73
71,3,74
72,3,75
73,3,76
74,3,77
75,3,78
76,3,79
77,3,80
78,3,81
80,3,83
81,3,84
82,3,85
83,3,86
84,3,87
85,3,88
86,3,89
87,3,90
88,3,91
89,3,92
91,3,94
92,3,95
93,4,97
94,4,98
95,4,99
96,4,100
97,4,101
98,4,102
99,4,103
100,4,104
102,4,106
103,4,107
104,4,108
105,4,109
106,4,110
107,4,111
108,4,112
109,4,113
110,4,114
111,4,115
112,4,116
113,5,118
114,5,119
115,5,120
116,5,121
117,5,122
118,5,123
119,5,124
121,5,126
122,5,127
123,5,128
124,5,129
125,5,130
126,5,131
127,5,132
128,5,133
129,5,134
130,5,135
131,5,136
132,5,137
133,5,138
134,5,139
135,5,140
136,5,141
137,5,142
138,5,143
140,5,145
141,5,146
142,5,147
143,5,148
144,5,149
145,5,150
146,5,151
147,5,152
148,6,154
149,6,155
150,6,156
151,6,157
152,6,158
153,6,159
154,6,160
155,6,161
157,6,163
158,6,164
159,6,165
160,6,166
161,6,167
162,6,168
163,6,169
164,6,170
165,6,171
166,6,172
167,6,173
168,6,174
169,6,175
170,6,176
171,6,177
172,6,178
174,6,180
175,6,181
176,6,182
177,6,183
178,6,184
179,6,185
180,6,186
181,7,188
182,7,189
183,7,190
184,7,191
185,7,192
186,7,193
188,7,195
189,7,196
190,7,197
191,7,198
192,7,199
193,7,200
194,7,201
195,7,202
196,7,203
197,7,204
198,7,205
199,7,206
200,7,207
201,7,208
202,7,209
203,7,210
204,7,211
205,7,212
206,7,213
207,7,214
209,7,216
210,7,217
211,7,218
212,7,219
213,7,220
214,7,221
215,7,222
216,7,223
217,7,224
219,7,226
220,7,227
221,7,228
222,7,229
223,7,230
224,7,231
225,7,232
226,7,233
227,7,234
228,7,235
229,7,236
230,7,237
232,7,239
233,7,240
234,8,242
235,8,243
236,8,244
237,8,245
238,8,246
239,8,247
241,8,249
242,8,250
243,8,251
244,8,252
245,8,253
246,8,254
247,8,255
248,8,256
249,8,257
250,8,258
252,8,260
253,8,261
254,8,262
255,8,263
256,8,264
257,8,265
258,8,266
259,8,267
260,8,268
262,8,270
263,8,271
264,8,272
265,8,273
266,8,274
267,8,275
268,8,276
269,8,277
270,8,278
271,8,279
272,8,280
273,8,281
275,8,283
276,8,284
277,8,285
278,8,286
279,8,287
280,8,288
281,8,289
282,8,290
283,8,291
284,8,292
285,8,293
286,8,294
287,8,295
288,8,296
289,8,297
290,8,298
291,8,299
292,8,300
294,9,303
295,9,304
296,9,305
297,9,306
298,9,307
300,9,309
301,9,310
302,9,311
303,9,312
304,9,313
305,9,314
306,9,315
308,9,317
309,9,318
310,9,319
311,9,320
312,9,321
313,9,322
314,9,323
315,9,324
316,9,325
317,9,326
318,9,327
319,9,328
320,9,329
321,9,330
322,10,332
323,10,333
327,10,337
328,10,338
329,10,339
330,10,340
331,10,341
332,10,342
333,10,343
334,10,344
335,10,345
336,10,346
337,10,347
338,10,348
339,10,349
341,10,351
342,10,352
343,10,353
344,10,354
345,10,355
346,10,356
347,10,357
348,10,358
350,10,360
351,10,361
352,10,362
353,10,363
354,10,364
355,10,365
356,10,366
357,11,368
358,11,369
359,11,370
360,11,371
361,11,372
362,11,373
363,11,374
365,11,376
366,11,377
367,11,378
368,11,379
369,11,380
370,11,381
371,11,382
372,11,383
373,11,384
374,11,385
375,11,386
376,11,387
377,11,388
378,11,389
379,11,390
380,11,391
381,11,392
383,11,394
384,11,395
385,11,396
386,11,397
387,11,398
388,11,399
389,11,400
390,11,401
391,11,402
392,11,403
393,11,404
394,11,405
395,11,406
396,11,407
397,11,408
398,11,409
399,11,410
400,11,411
401,11,412
403,11,414
404,11,415
405,11,416
406,11,417
407,11,418
408,11,419
409,11,420
410,11,421
411,11,422
412,11,423
413,11,424
414,11,425
415,11,426
416,11,427
417,11,428
418,11,429
419,11,430
420,11,431
421,11,432
422,11,433
424,11,435
425,11,436
426,11,437
427,11,438
428,11,439
429,11,440
430,11,441
431,11,442
432,11,443
433,11,444
434,11,445
435,11,446
436,11,447
437,11,448
438,11,449
439,11,450
440,11,451
441,11,452
443,12,455
444,12,456
445,12,457
446,12,458
447,12,459
448,12,460
449,12,461
450,12,462
451,12,463
452,12,464
453,12,465
454,12,466
455,12,467
456,12,468
458,12,470
459,12,471
460,12,472
461,12,473
462,12,474
463,12,475
464,12,476
465,12,477
466,12,478
467,12,479
468,12,480
469,12,481
470,12,482
471,12,483
472,12,484
473,12,485
474,12,486
475,12,487
476,12,488
477,12,489
478,12,490
479,12,491
481,12,493
482,12,494
483,12,495
484,12,496
485,12,497
486,12,498
487,12,499
488,12,500
489,12,501
490,12,502
491,12,503
492,12,504
493,12,505
494,12,506
495,12,507
496,12,508
497,12,509
498,12,510
499,12,511
500,12,512
501,12,513
503,12,515
504,12,516
505,12,517
506,12,518
507,12,519
508,12,520
509,12,521
510,12,522
511,12,523
512,12,524
513,12,525
514,12,526
515,12,527
516,12,528
517,12,529
518,12,530
520,12,532
521,12,533
522,12,534
523,12,535
524,12,536
525,12,537
526,12,538
527,12,539
528,12,540
529,13,542
530,13,543
531,13,544
532,13,545
533,13,546
534,13,547
535,13,548
536,13,549
538,13,551
539,13,552
540,13,553
541,13,554
542,13,555
543,13,556
544,13,557
545,13,558
546,13,559
547,13,560
548,13,561
549,13,562
550,13,563
551,13,564
552,13,565
553,13,566
554,13,567
555,13,568
557,13,570
558,13,571
559,13,572
560,13,573
561,13,574
562,13,575
563,13,576
564,13,577
565,13,578
566,13,579
567,13,580
568,13,581
569,13,582
570,13,583
571,13,584
572,13,585
573,13,586
574,13,587
576,13,589
577,13,590
578,13,591
579,13,592
580,13,593
581,13,594
582,13,595
583,13,596
584,13,597
585,13,598
586,13,599
587,14,601
588,14,602
590,14,604
591,14,605
592,14,606
593,14,607
594,14,608
595,14,609
596,14,610
597,14,611
598,14,612
599,14,613
600,14,614
601,14,615
602,14,616
603,14,617
604,14,618
605,14,619
606,14,620
608,14,622
609,14,623
610,14,624
611,14,625
612,14,626
613,14,627
614,14,628
615,14,629
616,14,630
617,14,631
618,14,632
619,14,633
620,14,634
621,14,635
622,14,636
623,14,637
624,14,638
625,14,639
626,14,640
628,14,642
629,14,643
630,14,644
631,14,645
632,14,646
633,14,647
634,14,648
635,14,649
636,14,650
637,14,651
638,14,652
639,14,653
640,14,654
641,14,655
642,14,656
643,14,657
644,14,658
645,14,659
646,14,660
647,14,661
649,14,663
650,14,664
651,14,665
652,14,666
653,14,667
654,14,668
655,14,669
656,14,670
657,14,671
658,14,672
659,14,673
660,14,674
661,15,676
662,15,677
664,15,679
665,15,680
666,16,682
667,16,683
668,16,684
669,16,685
670,16,686
671,16,687
672,16,688
673,16,689
675,16,691
676,16,692
677,16,693
678,16,694
679,16,695
680,16,696
681,16,697
682,16,698
683,16,699
684,16,700
685,16,701
686,16,702
687,16,703
689,16,705
690,16,706
691,16,707
692,16,708
693,16,709
694,16,710
695,16,711
696,16,712
697,16,713
698,16,714
699,16,715
700,16,716
701,16,717
702,16,718
703,16,719
705,16,721
706,16,722
707,16,723
708,16,724
709,16,725
710,16,726
711,16,727
712,16,728
713,16,729
714,16,730
715,16,731
716,16,732
718,16,734
719,16,735
720,16,736
721,16,737
722,16,738
723,16,739
724,16,740
725,16,741
726,16,742
727,16,743
729,16,745
730,16,746
731,16,747
732,16,748
733,16,749
734,17,751
735,17,752
736,17,753
737,17,754
738,17,755
739,17,756
740,17,757
741,17,758
743,17,760
744,17,761
745,17,762
746,17,763
747,17,764
748,17,765
749,17,766
750,17,767
751,17,768
752,17,769
753,17,770
755,17,772
756,17,773
757,17,774
758,17,775
759,17,776
760,17,777
761,17,778
762,17,779
763,17,780
764,17,781
765,17,782
766,17,783
767,17,784
768,17,785
769,17,786
770,17,787
771,17,788
772,17,789
773,17,790
775,18,793
776,18,794
777,18,795
778,18,796
779,18,797
780,18,798
781,18,799
782,18,800
783,18,801
784,18,802
785,18,803
786,18,804
787,18,805
788,18,806
789,18,807
791,18,809
792,18,810
793,18,811
794,18,812
795,18,813
796,18,814
797,18,815
798,18,816
799,18,817
800,18,818
801,18,819
802,18,820
803,18,821
804,18,822
805,18,823
806,18,824
807,18,825
809,18,827
810,18,828
811,18,829
812,18,830
813,18,831
814,18,832
815,18,833
816,18,834
817,18,835
818,18,836
819,18,837
820,18,838
821,18,839
822,18,840
823,18,841
824,18,842
825,18,843
827,18,845
828,18,846
829,18,847
830,18,848
831,18,849
832,18,850
833,18,851
834,18,852
835,18,853
836,18,854
837,18,855
838,18,856
839,18,857
840,18,858
841,18,859
842,18,860
843,18,861
844,18,862
845,18,863
846,18,864
847,18,865
849,18,867
850,18,868
851,18,869
852,18,870
853,18,871
854,18,872
855,18,873
856,18,874
857,18,875
858,18,876
859,18,877
860,18,878
861,18,879
862,18,880
864,18,882
865,18,883
866,18,884
867,18,885
868,18,886
869,18,887
870,18,888
871,18,889
872,18,890
873,18,891
874,18,892
875,18,893
876,18,894
877,18,895
879,18,897
880,18,898
881,18,899
882,18,900
883,19,902
884,19,903
885,19,904
886,19,905
887,19,906
888,19,907
889,19,908
890,19,909
891,19,910
892,19,911
893,19,912
894,19,913
895,19,914
897,19,916
898,19,917
899,19,918
900,19,919
901,19,920
902,19,921
903,19,922
904,19,923
905,19,924
906,19,925
907,19,926
908,19,927
909,19,928
910,19,929
911,19,930
912,19,931
913,19,932
914,19,933
915,19,934
917,19,936
918,19,937
919,19,938
920,19,939
921,19,940
923,19,942
924,19,943
925,19,944
926,19,945
927,19,946
928,20,948
929,20,949
930,20,950
931,20,951
932,20,952
933,20,953
934,20,954
935,20,955
936,20,956
938,20,958
939,20,959
940,20,960
941,20,961
942,20,962
943,20,963
944,20,964
945,20,965
946,20,966
947,20,967
948,20,968
949,20,969
950,20,970
951,20,971
952,20,972
954,20,974
955,20,975
956,20,976
957,20,977
958,20,978
959,20,979
960,20,980
961,20,981
962,20,982
963,20,983
964,20,984
965,20,985
967,20,987
968,20,988
969,20,989
970,20,990
971,20,991
972,20,992
973,20,993
974,20,994
975,20,995
976,20,996
977,20,997
978,20,998
979,20,999
980,20,1000
981,20,1001
982,20,1002
984,20,1004
985,20,1005
986,20,1006
987,20,1007
988,20,1008
989,21,1010
990,21,1011
991,21,1012
992,21,1013
993,21,1014
994,21,1015
995,21,1016
997,21,1018
998,21,1019
999,21,1020
1000,21,1021
1001,21,1022
1002,21,1023
1003,21,1024
1004,21,1025
1005,21,1026
1006,21,1027
1007,21,1028
1008,21,1029
1009,21,1030
1010,21,1031
1011,21,1032
1012,21,1033
1013,21,1034
1015,21,1036
1016,21,1037
1017,21,1038
1018,21,1039
1019,21,1040
1020,21,1041
1021,21,1042
1022,21,1043
1023,21,1044
1024,21,1045
1025,21,1046
1026,21,1047
1028,21,1049
1029,21,1050
1030,21,1051
1031,21,1052
1033,21,1054
1034,21,1055
1035,21,1056
1036,21,1057
1037,21,1058
1038,21,1059
1039,21,1060
1040,21,1061
1041,21,1062
1043,21,1064
1044,21,1065
1045,21,1066
1046,21,1067
1047,21,1068
1048,21,1069
1049,22,1071
1050,22,1072
1051,22,1073
1052,22,1074
1053,22,1075
1054,22,1076
1055,22,1077
1056,22,1078
1057,22,1079
1058,22,1080
1059,22,1081
1060,22,1082
1062,22,1084
1063,22,1085
1064,22,1086
1065,22,1087
1066,22,1088
1067,22,1089
1068,22,1090
1069,22,1091
1070,22,1092
1071,22,1093
1072,22,1094
1073,22,1095
1074,22,1096
1076,22,1098
1077,22,1099
1078,22,1100
1079,22,1101
1080,22,1102
1081,22,1103
1082,22,1104
1083,22,1105
1084,22,1106
1086,22,1108
1087,22,1109
1088,22,1110
1089,22,1111
1090,22,1112
1091,22,1113
1092,22,1114
1093,22,1115
1094,22,1116
1095,22,1117
1096,22,1118
1097,22,1119
1098,22,1120
1099,22,1121
1100,22,1122
1101,22,1123
1102,22,1124
1103,22,1125
1104,22,1126
1105,22,1127
1106,22,1128
1108,22,1130
1109,22,1131
1110,22,1132
1111,22,1133
1112,22,1134
1113,22,1135
1114,22,1136
1115,22,1137
1116,22,1138
1117,22,1139
1118,22,1140
1119,22,1141
1120,22,1142
1121,22,1143
1122,22,1144
1123,22,1145
1125,22,1147
1126,22,1148
1127,22,1149
1128,22,1150
1129,22,1151
1130,22,1152
1131,22,1153
1132,22,1154
1133,22,1155
1134,22,1156
1135,22,1157
1136,22,1158
1137,22,1159
1138,22,1160
1139,22,1161
1140,22,1162
1141,22,1163
1143,23,1166
1144,23,1167
1145,23,1168
1146,23,1169
1147,23,1170
1148,23,1171
1149,23,1172
1150,23,1173
1151,23,1174
1152,23,1175
1153,23,1176
1154,23,1177
1155,23,1178
1156,23,1179
1157,23,1180
1158,23,1181
1160,23,1183
1161,23,1184
1162,23,1185
1163,23,1186
1164,23,1187
1165,23,1188
1166,23,1189
1167,23,1190
1168,23,1191
1169,23,1192
1170,23,1193
1171,23,1194
1172,23,1195
1173,23,1196
1175,23,1198
1176,23,1199
1177,23,1200
1178,23,1201
1179,23,1202
1180,23,1203
1181,23,1204
1182,23,1205
1183,23,1206
1184,23,1207
1185,23,1208
1186,23,1209
1187,23,1210
1189,24,1213
1190,24,1214
1191,24,1215
1192,24,1216
1193,24,1217
1194,24,1218
1195,24,1219
1196,24,1220
1197,24,1221
1198,24,1222
1199,24,1223
1200,24,1224
1201,24,1225
1202,24,1226
1203,24,1227
1204,24,1228
1205,24,1229
1206,24,1230
1207,24,1231
1209,24,1233
1210,24,1234
1211,24,1235
1212,24,1236
1213,24,1237
1214,24,1238
1215,24,1239
1216,24,1240
1217,24,1241
1218,24,1242
1219,24,1243
1220,24,1244
1221,24,1245
1222,24,1246
1223,24,1247
1224,24,1248
1225,24,1249
1226,24,1250
1227,24,1251
1228,24,1252
1229,24,1253
1231,24,1255
1232,24,1256
1233,24,1257
1234,24,1258
1235,24,1259
1236,24,1260
1237,24,1261
1238,24,1262
1239,24,1263
1240,24,1264
1241,24,1265
1242,24,1266
1243,24,1267
1244,24,1268
1245,24,1269
1246,24,1270
1247,24,1271
1248,24,1272
1249,24,1273
1250,24,1274
1251,24,1275
1252,24,1276
1254,24,1278
1255,24,1279
1256,24,1280
1257,24,1281
1258,24,1282
1259,24,1283
1260,24,1284
1261,24,1285
1262,24,1286
1263,24,1287
1264,24,1288
1265,24,1289
1266,24,1290
1267,24,1291
1268,24,1292
1269,24,1293
1270,24,1294
1271,24,1295
1272,24,1296
1274,24,1298
1275,24,1299
1276,24,1300
1277,24,1301
1278,24,1302
1279,24,1303
1280,24,1304
1281,24,1305
1282,24,1306
1283,24,1307
1284,24,1308
1285,24,1309
1286,24,1310
1287,24,1311
1288,24,1312
1289,24,1313
1290,24,1314
1292,24,1316
1293,24,1317
1294,24,1318
1295,24,1319
1296,25,1321
1297,25,1322
1298,25,1323
1299,25,1324
1300,25,1325
1301,25,1326
1302,25,1327
1303,25,1328
1304,25,1329
1305,25,1330
1306,25,1331
1307,25,1332
1308,25,1333
1309,25,1334
1311,25,1336
1312,25,1337
1313,25,1338
1314,25,1339
1315,25,1340
1316,25,1341
1317,25,1342
1318,25,1343
1319,25,1344
1320,25,1345
1321,25,1346
1322,25,1347
1323,25,1348
1324,25,1349
1325,25,1350
1326,25,1351
1327,25,1352
1329,25,1354
1330,25,1355
1331,25,1356
1332,26,1358
1333,26,1359
1334,26,1360
1335,26,1361
1336,26,1362
1337,26,1363
1338,26,1364
1339,26,1365
1340,26,1366
1341,26,1367
1342,26,1368
1343,26,1369
1344,26,1370
1345,26,1371
1346,26,1372
1347,26,1373
1349,26,1375
1350,26,1376
1351,26,1377
1352,26,1378
1353,26,1379
1354,26,1380
1355,26,1381
1356,26,1382
1357,26,1383
1358,26,1384
1359,26,1385
1360,26,1386
1361,26,1387
1362,26,1388
1363,26,1389
1364,26,1390
1365,26,1391
1366,26,1392
1367,26,1393
1368,26,1394
1370,26,1396
1371,26,1397
1372,26,1398
1373,26,1399
1374,26,1400
1375,26,1401
1376,26,1402
1377,26,1403
1378,26,1404
1379,26,1405
1380,26,1406
1381,26,1407
1382,26,1408
1383,26,1409
1384,26,1410
1386,26,1412
1387,26,1413
1388,26,1414
1389,26,1415
1390,26,1416
1391,26,1417
1392,26,1418
1393,27,1420
1394,27,1421
1395,27,1422
1396,27,1423
1397,27,1424
1398,27,1425
1399,27,1426
1400,27,1427
1401,27,1428
1402,27,1429
1404,27,1431
1405,27,1432
1406,27,1433
1407,27,1434
1408,27,1435
1409,27,1436
1410,27,1437
1411,27,1438
1412,27,1439
1413,27,1440
1414,27,1441
1415,27,1442
1416,27,1443
1417,27,1444
1418,27,1445
1419,27,1446
1420,27,1447
1421,27,1448
1422,27,1449
1423,27,1450
1424,27,1451
1426,27,1453
1427,27,1454
1428,27,1455
1429,27,1456
1430,27,1457
1431,27,1458
1432,28,1460
1433,28,1461
1434,28,1462
1435,28,1463
1436,28,1464
1437,28,1465
1439,28,1467
1440,28,1468
1441,28,1469
1442,28,1470
1443,28,1471
1444,28,1472
1445,28,1473
1446,28,1474
1447,28,1475
1448,28,1476
1449,28,1477
1450,28,1478
1451,28,1479
1452,28,1480
1453,28,1481
1454,28,1482
1455,28,1483
1456,28,1484
1457,28,1485
1458,28,1486
1459,28,1487
1460,28,1488
1462,28,1490
1463,28,1491
1464,28,1492
1465,28,1493
1466,28,1494
1467,28,1495
1468,28,1496
1469,28,1497
1470,28,1498
1471,28,1499
1472,28,1500
1473,28,1501
1474,28,1502
1475,28,1503
1476,28,1504
1477,28,1505
1478,28,1506
1479,28,1507
1480,28,1508
1481,28,1509
1482,28,1510
1483,28,1511
1484,28,1512
1486,28,1514
1487,28,1515
1488,28,1516
1489,28,1517
1490,28,1518
1491,28,1519
1492,28,1520
1493,28,1521
1494,28,1522
1495,28,1523
1496,28,1524
1497,28,1525
1498,28,1526
1499,28,1527
1500,28,1528
1501,28,1529
1502,28,1530
1503,28,1531
1504,28,1532
1505,28,1533
1506,28,1534
1508,28,1536
1509,28,1537
1510,28,1538
1511,28,1539
1512,28,1540
1513,28,1541
1514,28,1542
1515,28,1543
1516,28,1544
1517,28,1545
1518,28,1546
1519,28,1547
1520,28,1548
1521,28,1549
1522,28,1550
1523,28,1551
1524,28,1552
1525,28,1553
1526,28,1554
1527,28,1555
1528,28,1556
1529,28,1557
1530,28,1558
1531,28,1559
1532,28,1560
1533,28,1561
1534,28,1562
1536,28,1564
1537,28,1565
1538,28,1566
1539,28,1567
1540,28,1568
1541,28,1569
1542,28,1570
1543,28,1571
1544,28,1572
1545,28,1573
1546,28,1574
1547,28,1575
1548,28,1576
1549,28,1577
1550,28,1578
1551,28,1579
1552,28,1580
1553,28,1581
1554,28,1582
1555,28,1583
1556,28,1584
1557,28,1585
1559,28,1587
1560,28,1588
1561,28,1589
1562,28,1590
1563,28,1591
1564,28,1592
1565,28,1593
1566,28,1594
1567,28,1595
1568,28,1596
1569,28,1597
1570,28,1598
1571,28,1599
1573,28,1601
1574,28,1602
1575,28,1603
1576,28,1604
1577,28,1605
1578,28,1606
1579,28,1607
1580,28,1608
1581,28,1609
1582,28,1610
1583,28,1611
1584,28,1612
1585,28,1613
1586,28,1614
1587,28,1615
1588,28,1616
1589,28,1617
1590,28,1618
1591,28,1619
1592,28,1620
1594,28,1622
1595,28,1623
1596,28,1624
1597,28,1625
1598,28,1626
1599,28,1627
1600,28,1628
1601,28,1629
1602,28,1630
1603,28,1631
1604,28,1632
1605,28,1633
1606,28,1634
1607,28,1635
1608,28,1636
1609,28,1637
1610,28,1638
1611,28,1639
1612,28,1640
1613,28,1641
1614,28,1642
1616,28,1644
1617,28,1645
1618,28,1646
1619,28,1647
1620,28,1648
1621,28,1649
1622,28,1650
1623,28,1651
1624,28,1652
1625,28,1653
1626,28,1654
1627,28,1655
1628,28,1656
1629,28,1657
1630,28,1658
1631,28,1659
1632,28,1660
1633,28,1661
1634,28,1662
1635,28,1663
1637,28,1665
1638,28,1666
1639,28,1667
1640,28,1668
1641,28,1669
1642,28,1670
1643,28,1671
1644,28,1672
1645,28,1673
1646,28,1674
1647,28,1675
1648,28,1676
1649,28,1677
1650,28,1678
1651,28,1679
1652,28,1680
1653,28,1681
1654,28,1682
1655,28,1683
1657,29,1686
1658,29,1687
1659,29,1688
1660,29,1689
1661,29,1690
1662,29,1691
1663,29,1692
1664,29,1693
1665,29,1694
1666,30,1696
1667,30,1697
1668,30,1698
1669,30,1699
1670,30,1700
1671,30,1701
1673,30,1703
1674,30,1704
1675,30,1705
1676,30,1706
1677,31,1708
1678,31,1709
1679,31,1710
1680,31,1711
1681,31,1712
1682,32,1714
1683,32,1715
1684,32,1716
1685,32,1717
1686,32,1718
1687,32,1719
1688,32,1720
1689,32,1721
1691,32,1723
1692,32,1724
1693,32,1725
1694,32,1726
1695,32,1727
1696,32,1728
1697,32,1729
1698,32,1730
1699,32,1731
1700,32,1732
1701,32,1733
1702,32,1734
1703,32,1735
1704,32,1736
1705,32,1737
1706,32,1738
1707,32,1739
1708,32,1740
1709,32,1741
1710,32,1742
1712,32,1744
1713,32,1745
1714,32,1746
1715,32,1747
1716,32,1748
1717,32,1749
1718,32,1750
1719,32,1751
1720,32,1752
1721,32,1753
1722,32,1754
1723,32,1755
1724,32,1756
1725,32,1757
1726,32,1758
1727,32,1759
1729,32,1761
1730,32,1762
1731,32,1763
1732,32,1764
1733,32,1765
1734,32,1766
1735,32,1767
1736,32,1768
1737,32,1769
1738,32,1770
1739,32,1771
1740,32,1772
1741,32,1773
1742,32,1774
1743,32,1775
1744,32,1776
1746,32,1778
1747,33,1780
1748,33,1781
1749,33,1782
1750,33,1783
1751,33,1784
1752,33,1785
1753,33,1786
1754,33,1787
1755,33,1788
1756,33,1789
1757,33,1790
1758,33,1791
1760,33,1793
1761,33,1794
1762,33,1795
1763,33,1796
1764,33,1797
1765,33,1798
1766,33,1799
1767,33,1800
1768,33,1801
1769,33,1802
1770,33,1803
1771,33,1804
1772,33,1805
1773,33,1806
1774,33,1807
1775,33,1808
1776,34,1810
1777,34,1811
1779,34,1813
1780,34,1814
1781,34,1815
1782,34,1816
1783,34,1817
1784,34,1818
1785,34,1819
1786,34,1820
1787,34,1821
1788,34,1822
1789,34,1823
1790,34,1824
1791,34,1825
1792,34,1826
1793,34,1827
1794,34,1828
1795,34,1829
1796,34,1830
1798,34,1832
1799,34,1833
1800,34,1834
1801,34,1835
1802,34,1836
1803,34,1837
1804,34,1838
1805,34,1839
1806,34,1840
1807,34,1841
1808,34,1842
1809,34,1843
1810,34,1844
1811,34,1845
1812,34,1846
1813,34,1847
1814,34,1848
1815,34,1849
1816,34,1850
1818,34,1852
1819,34,1853
1820,34,1854
1821,34,1855
1822,34,1856
1823,34,1857
1824,34,1858
1825,34,1859
1826,34,1860
1827,34,1861
1828,34,1862
1829,34,1863
1830,34,1864
1831,34,1865
1832,34,1866
1833,34,1867
1835,35,1870
1836,35,1871
1837,35,1872
1838,35,1873
1839,35,1874
1840,35,1875
1841,35,1876
1842,35,1877
1843,35,1878
1844,35,1879
1845,35,1880
1846,35,1881
1847,35,1882
1848,35,1883
1850,36,1886
1851,36,1887
1852,36,1888
1853,36,1889
1854,36,1890
1855,36,1891
1856,36,1892
1857,36,1893
1858,36,1894
1859,36,1895
1860,36,1896
1861,36,1897
1862,36,1898
1863,36,1899
1864,36,1900
1865,36,1901
1866,36,1902
1867,36,1903
1869,36,1905
1870,36,1906
1871,37,1908
1872,37,1909
1873,37,1910
1874,37,1911
1875,37,1912
1876,37,1913
1877,37,1914
1878,37,1915
1879,37,1916
1880,37,1917
1881,37,1918
1882,37,1919
1883,37,1920
1884,37,1921
1885,37,1922
1887,37,1924
1888,37,1925
1889,37,1926
1890,37,1927
1891,37,1928
1892,37,1929
1893,37,1930
1894,37,1931
1895,37,1932
1896,37,1933
1897,37,1934
1898,37,1935
1899,37,1936
1900,37,1937
1901,37,1938
1902,37,1939
1903,37,1940
1904,37,1941
1906,37,1943
1907,37,1944
1908,37,1945
1909,37,1946
1910,37,1947
1911,37,1948
1912,37,1949
1913,37,1950
1914,37,1951
1915,37,1952
1916,37,1953
1917,37,1954
1918,37,1955
1919,37,1956
1920,37,1957
1921,37,1958
1922,38,1960
1923,38,1961
1924,38,1962
1926,38,1964
1927,38,1965
1928,38,1966
1929,38,1967
1930,38,1968
1931,38,1969
1932,38,1970
1933,38,1971
1934,38,1972
1935,38,1973
1936,38,1974
1937,38,1975
1938,38,1976
1939,38,1977
1940,38,1978
1941,38,1979
1942,38,1980
1943,38,1981
1944,38,1982
1946,38,1984
1947,39,1986
1948,39,1987
1949,39,1988
1950,39,1989
1951,39,1990
1952,39,1991
1953,39,1992
1954,39,1993
1955,39,1994
1956,39,1995
1957,39,1996
1958,39,1997
1959,39,1998
1960,39,1999
1962,39,2001
1963,39,2002
1964,39,2003
1965,39,2004
1966,39,2005
1967,39,2006
1968,39,2007
1969,39,2008
1970,39,2009
1971,39,2010
1972,39,2011
1973,39,2012
1975,39,2014
1976,39,2015
1977,39,2016
1978,39,2017
1979,39,2018
1980,39,2019
1981,39,2020
1982,39,2021
1984,39,2023
1985,39,2024
1986,39,2025
1987,39,2026
1988,39,2027
1989,39,2028
1990,39,2029
1991,39,2030
1992,39,2031
1993,39,2032
1994,39,2033
1995,39,2034
1996,39,2035
1997,39,2036
1998,39,2037
1999,39,2038
2001,39,2040
2002,39,2041
2003,39,2042
2004,39,2043
2005,39,2044
2006,39,2045
2007,39,2046
2008,39,2047
2009,39,2048
2010,39,2049
2011,39,2050
2012,39,2051
2013,39,2052
2014,39,2053
2015,39,2054
2016,39,2055
2017,39,2056
2019,40,2059
2020,40,2060
2021,40,2061
2022,40,2062
2023,40,2063
2024,40,2064
2025,40,2065
2026,40,2066
2027,40,2067
2028,40,2068
2029,40,2069
2030,40,2070
2031,41,2072
2032,41,2073
2034,41,2075
2035,41,2076
2036,41,2077
2037,41,2078
2038,41,2079
2039,41,2080
2041,41,2082
2042,41,2083
2043,41,2084
2044,41,2085
2045,41,2086
2046,41,2087
2048,41,2089
2049,41,2090
2050,41,2091
2051,41,2092
2052,41,2093
2053,41,2094
2054,41,2095
2055,41,2096
2056,41,2097
2057,41,2098
2058,41,2099
2059,41,2100
2061,42,2103
2062,42,2104
2063,42,2105
2064,42,2106
2066,43,2109
2067,43,2110
2068,43,2111
2069,43,2112
2070,43,2113
2071,43,2114
2072,43,2115
2073,43,2116
2074,43,2117
2075,43,2118
2076,43,2119
2077,43,2120
2078,43,2121
2079,43,2122
2081,43,2124
2082,43,2125
2083,43,2126
2084,43,2127
2085,43,2128
2086,43,2129
2087,44,2131
2088,44,2132
2089,44,2133
2090,44,2134
2091,44,2135
2092,44,2136
2093,44,2137
2094,44,2138
2096,44,2140
2097,44,2141
2098,44,2142
2099,44,2143
2100,44,2144
2101,44,2145
2102,44,2146
2103,44,2147
2104,44,2148
2105,44,2149
2106,45,2151
2107,45,2152
2108,45,2153
2109,45,2154
2110,45,2155
2111,45,2156
2112,45,2157
2113,45,2158
2114,45,2159
2116,45,2161
2117,45,2162
2118,45,2163
2119,45,2164
2120,45,2165
2121,45,2166
2122,46,2168
2123,46,2169
2124,46,2170
2125,46,2171
2127,46,2173
2128,46,2174
2129,46,2175
2130,46,2176
2131,46,2177
2132,46,2178
2133,46,2179
2134,46,2180
2135,46,2181
2137,46,2183
2138,46,2184
2139,46,2185
2140,46,2186
2141,46,2187
2142,46,2188
2143,46,2189
2144,46,2190
2145,46,2191
2147,46,2193
2148,46,2194
2149,46,2195
2150,46,2196
2151,46,2197
2152,46,2198
2154,46,2200
2155,46,2201
2156,46,2202
2157,46,2203
2158,46,2204
2160,46,2206
2161,46,2207
2162,46,2208
2163,46,2209
2164,46,2210
2165,46,2211
2166,46,2212
2167,46,2213
2168,46,2214
2169,46,2215
2170,46,2216
2172,46,2218
2173,46,2219
2174,46,2220
2175,46,2221
2176,46,2222
2177,46,2223
2178,46,2224
2179,46,2225
2180,46,2226
2181,46,2227
2182,46,2228
2183,46,2229
2184,46,2230
2185,46,2231
2187,46,2233
2188,46,2234
2189,46,2235
2190,46,2236
2191,46,2237
2192,46,2238
2193,46,2239
2194,46,2240
2195,46,2241
2197,46,2243
2198,46,2244
2199,46,2245
2200,46,2246
2201,46,2247
2202,46,2248
2203,46,2249
2204,46,2250
2205,46,2251
2206,46,2252
2207,46,2253
2208,46,2254
2209,46,2255
2210,46,2256
2211,46,2257
2213,47,2260
2214,47,2261
2215,47,2262
2216,47,2263
2218,48,2266
2219,48,2267
2220,48,2268
2221,48,2269
2222,48,2270
2223,48,2271
2224,48,2272
2225,48,2273
2227,48,2275
2228,48,2276
2229,48,2277
2230,48,2278
2231,48,2279
2232,48,2280
2233,49,2282
2234,49,2283
2235,49,2284
2236,49,2285
2237,49,2286
2238,49,2287
2239,49,2288
2240,49,2289
2241,49,2290
2242,49,2291
2243,49,2292
2245,49,2294
2246,49,2295
2247,49,2296
2248,49,2297
2249,49,2298
2250,49,2299
2251,49,2300
2252,49,2301
2253,49,2302
2254,49,2303
2255,49,2304
2256,49,2305
2257,49,2306
2258,49,2307
2259,49,2308
2260,49,2309
2261,50,2311
2262,50,2312
2264,50,2314
2265,50,2315
2266,50,2316
2267,50,2317
2268,50,2318
2269,50,2319
2270,50,2320
2271,50,2321
2272,50,2322
2273,50,2323
2274,50,2324
2275,50,2325
2276,50,2326
2277,50,2327
2278,50,2328
2279,50,2329
2280,50,2330
2282,50,2332
2283,50,2333
2284,50,2334
2285,50,2335
2286,50,2336
2287,50,2337
2288,50,2338
2289,50,2339
2290,50,2340
2291,50,2341
2292,50,2342
2293,50,2343
2294,50,2344
2295,50,2345
2296,50,2346
2297,50,2347
2298,50,2348
2299,50,2349
2300,50,2350
2302,51,2353
2303,51,2354
2304,51,2355
2305,51,2356
2306,51,2357
2307,51,2358
2308,51,2359
2309,51,2360
2310,51,2361
2311,51,2362
2312,51,2363
2313,51,2364
2314,51,2365
2315,51,2366
2316,51,2367
2317,51,2368
2318,51,2369
2319,51,2370
2321,51,2372
2322,51,2373
2323,51,2374
2324,51,2375
2325,51,2376
2326,51,2377
2327,51,2378
2328,51,2379
2329,51,2380
2330,51,2381
2331,51,2382
2332,51,2383
2333,51,2384
2334,51,2385
2335,51,2386
2336,51,2387
2337,51,2388
2338,51,2389
2340,51,2391
2341,51,2392
2342,51,2393
2343,51,2394
2344,51,2395
2345,51,2396
2346,51,2397
2347,51,2398
2348,51,2399
2349,51,2400
2350,51,2401
2351,51,2402
2352,51,2403
2353,51,2404
2354,51,2405
2356,51,2407
2357,51,2408
2358,51,2409
2359,51,2410
2360,51,2411
2361,51,2412
2362,51,2413
2363,51,2414
2364,51,2415
2365,51,2416
2366,51,2417
2367,51,2418
2368,51,2419
2369,52,2421
2370,52,2422
2372,52,2424
2373,52,2425
2374,52,2426
2375,52,2427
2376,52,2428
2377,52,2429
2378,52,2430
2379,53,2432
2380,53,2433
2381,53,2434
2382,53,2435
2383,53,2436
2384,53,2437
2385,53,2438
2387,53,2440
2388,53,2441
2389,53,2442
2390,53,2443
2391,53,2444
2392,53,2445
2393,53,2446
2394,53,2447
2395,53,2448
2396,53,2449
2397,53,2450
2398,53,2451
2399,53,2452
2401,53,2454
2402,53,2455
2403,53,2456
2404,53,2457
2405,53,2458
2406,54,2460
2407,54,2461
2408,54,2462
2409,54,2463
2410,54,2464
2411,54,2465
2412,54,2466
2413,54,2467
2415,54,2469
2416,54,2470
2417,54,2471
2418,54,2472
2419,54,2473
2420,54,2474
2422,54,2476
2423,54,2477
2424,54,2478
2425,54,2479
2426,54,2480
2427,54,2481
2428,54,2482
2429,54,2483
2430,54,2484
2431,54,2485
2432,54,2486
2434,54,2488
2435,54,2489
2436,54,2490
2437,54,2491
2438,54,2492
2439,54,2493
2440,54,2494
2441,54,2495
2442,54,2496
2443,54,2497
2444,54,2498
2445,54,2499
2446,54,2500
2447,54,2501
2448,54,2502
2449,54,2503
2451,54,2505
2452,54,2506
2453,54,2507
2454,54,2508
2455,54,2509
2456,54,2510
2457,54,2511
2458,54,2512
2459,54,2513
2460,54,2514
2461,54,2515
2462,54,2516
2463,55,2518
2465,55,2520
2466,55,2521
2467,55,2522
2468,55,2523
2469,55,2524
2470,55,2525
2471,55,2526
2472,55,2527
2473,55,2528
2474,55,2529
2475,55,2530
2476,55,2531
2477,55,2532
2478,55,2533
2479,55,2534
2480,55,2535
2481,55,2536
2482,55,2537
2483,55,2538
2484,55,2539
2486,55,2541
2487,55,2542
2488,55,2543
2489,55,2544
2490,55,2545
2491,55,2546
2492,55,2547
2493,55,2548
2494,55,2549
2495,55,2550
2496,55,2551
2497,55,2552
2499,55,2554
2500,55,2555
2501,55,2556
2502,55,2557
2503,55,2558
2504,55,2559
2505,55,2560
2506,55,2561
2507,55,2562
2508,55,2563
2509,55,2564
2510,55,2565
2511,55,2566
2512,55,2567
2513,55,2568
2514,55,2569
2515,55,2570
2517,55,2572
2518,55,2573
2519,55,2574
2520,55,2575
2521,55,2576
2522,55,2577
2523,55,2578
2524,55,2579
2525,55,2580
2526,55,2581
2527,55,2582
2528,55,2583
2529,55,2584
2530,55,2585
2531,55,2586
2532,55,2587
2533,55,2588
2535,55,2590
2536,55,2591
2537,55,2592
2538,55,2593
2539,55,2594
2540,55,2595
2541,55,2596
2542,55,2597
2543,55,2598
2544,55,2599
2545,55,2600
2546,56,2602
2547,56,2603
2549,56,2605
2550,56,2606
2551,56,2607
2552,56,2608
2553,56,2609
2554,56,2610
2555,56,2611
2556,56,2612
2557,56,2613
2558,56,2614
2559,56,2615
2560,56,2616
2561,56,2617
2562,56,2618
2563,56,2619
2564,56,2620
2565,56,2621
2567,56,2623
2568,56,2624
2569,56,2625
2570,56,2626
2571,56,2627
2572,56,2628
2573,56,2629
2574,56,2630
2575,56,2631
2576,56,2632
2577,56,2633
2579,56,2635
2580,56,2636
2581,56,2637
2582,56,2638
2583,56,2639
2584,56,2640
2585,56,2641
2586,56,2642
2587,56,2643
2588,56,2644
2589,56,2645
2590,56,2646
2591,56,2647
2592,56,2648
2594,56,2650
2595,56,2651
2596,56,2652
2597,56,2653
2598,56,2654
2599,56,2655
2600,56,2656
2601,56,2657
2602,56,2658
2603,56,2659
2604,56,2660
2605,56,2661
2606,56,2662
2607,56,2663
2608,56,2664
2609,56,2665
2610,56,2666
2611,56,2667
2612,56,2668
2613,56,2669
2614,56,2670
2616,56,2672
2617,56,2673
2618,56,2674
2619,56,2675
2620,57,2677
2621,57,2678
2622,57,2679
2623,57,2680
2624,57,2681
2625,57,2682
2626,57,2683
2627,57,2684
2628,57,2685
2630,57,2687
2631,57,2688
2632,57,2689
2633,57,2690
2634,57,2691
2635,57,2692
2636,57,2693
2637,57,2694
2638,57,2695
2639,57,2696
2640,57,2697
2641,57,2698
2642,57,2699
2643,57,2700
2644,57,2701
2645,57,2702
2646,57,2703
2647,57,2704
2649,57,2706
2650,57,2707
2651,57,2708
2652,57,2709
2653,57,2710
2654,57,2711
2655,58,2713
2656,58,2714
2657,58,2715
2658,58,2716
2659,58,2717
2660,58,2718
2661,58,2719
2662,58,2720
2663,58,2721
2664,58,2722
2665,58,2723
2666,58,2724
2667,58,2725
2669,58,2727
2670,58,2728
2671,58,2729
2672,58,2730
2673,58,2731
2674,58,2732
2675,58,2733
2676,58,2734
2677,58,2735
2678,58,2736
2679,58,2737
2680,58,2738
2681,58,2739
2682,58,2740
2683,58,2741
2684,58,2742
2685,58,2743
2686,58,2744
2687,58,2745
2689,58,2747
2690,58,2748
2691,58,2749
2692,58,2750
2693,58,2751
2694,58,2752
2695,59,2754
2696,59,2755
2698,59,2757
2699,59,2758
2700,59,2759
2701,59,2760
2702,59,2761
2703,59,2762
2704,59,2763
2705,59,2764
2706,59,2765
2707,59,2766
2708,59,2767
2709,59,2768
2710,59,2769
2711,59,2770
2712,59,2771
2714,59,2773
2715,59,2774
2716,59,2775
2717,59,2776
2718,59,2777
2719,59,2778
2720,59,2779
2721,59,2780
2722,59,2781
2724,60,2784
2725,60,2785
2726,60,2786
2727,60,2787
2728,60,2788
2729,60,2789
2730,60,2790
2731,60,2791
2732,60,2792
2733,60,2793
2734,60,2794
2735,60,2795
2736,60,2796
2737,60,2797
2738,60,2798
2739,60,2799
2740,60,2800
2741,60,2801
2742,60,2802
2744,60,2804
2745,60,2805
2746,60,2806
2747,60,2807
2748,60,2808
2749,60,2809
2750,60,2810
2751,60,2811
2752,60,2812
2753,60,2813
2754,60,2814
2755,60,2815
2756,60,2816
2757,60,2817
2758,60,2818
2759,60,2819
2761,60,2821
2762,60,2822
2763,60,2823
2764,60,2824
2765,60,2825
2766,60,2826
2767,60,2827
2768,60,2828
2769,60,2829
2770,60,2830
2771,60,2831
2772,60,2832
2773,60,2833
2774,60,2834
2775,60,2835
2776,60,2836
2777,60,2837
2778,60,2838
2779,60,2839
2780,60,2840
2782,61,2843
2783,61,2844
2784,61,2845
2785,61,2846
2786,61,2847
2787,61,2848
2788,61,2849
2789,61,2850
2790,61,2851
2791,61,2852
2792,61,2853
2793,61,2854
2794,61,2855
2795,61,2856
2797,61,2858
2798,61,2859
2799,61,2860
2800,61,2861
2801,61,2862
2802,61,2863
2803,61,2864
2804,61,2865
2805,61,2866
2806,61,2867
2807,61,2868
2808,61,2869
2809,61,2870
2810,61,2871
2811,61,2872
2812,61,2873
2813,61,2874
2814,61,2875
2815,61,2876
2817,61,2878
2818,61,2879
2819,61,2880
2820,61,2881
2821,61,2882
2822,61,2883
2823,61,2884
2824,61,2885
2825,61,2886
2826,61,2887
2827,61,2888
2828,61,2889
2829,61,2890
2830,61,2891
2831,61,2892
2832,61,2893
2833,61,2894
2834,61,2895
2835,61,2896
2836,61,2897
2837,61,2898
2839,62,2901
2840,62,2902
2841,62,2903
2842,62,2904
2843,62,2905
2844,62,2906
2845,62,2907
2846,62,2908
2847,62,2909
2848,62,2910
2849,62,2911
2850,62,2912
2851,62,2913
2852,62,2914
2853,62,2915
2854,62,2916
2855,62,2917
2856,62,2918
2857,62,2919
2859,62,2921
2860,62,2922
2861,62,2923
2862,62,2924
2863,62,2925
2864,62,2926
2865,62,2927
2866,62,2928
2867,62,2929
2868,62,2930
2869,62,2931
2870,62,2932
2871,62,2933
2872,62,2934
2873,62,2935
2874,62,2936
2875,62,2937
2876,62,2938
2878,62,2940
2879,62,2941
2880,62,2942
2881,62,2943
2882,62,2944
2883,62,2945
2884,62,2946
2885,62,2947
2886,63,2949
2887,63,2950
2888,63,2951
2889,63,2952
2890,63,2953
2891,63,2954
2892,63,2955
2894,63,2957
2895,63,2958
2896,63,2959
2897,63,2960
2898,63,2961
2899,63,2962
2900,63,2963
2901,63,2964
2902,63,2965
2903,63,2966
2904,63,2967
2905,63,2968
2906,63,2969
2907,63,2970
2908,63,2971
2909,63,2972
2911,63,2974
2912,63,2975
2913,63,2976
2914,63,2977
2915,63,2978
2916,63,2979
2917,63,2980
2918,63,2981
2919,63,2982
2920,63,2983
2921,63,2984
2923,63,2986
2924,63,2987
2925,63,2988
2926,63,2989
2927,63,2990
2928,63,2991
2929,63,2992
2930,63,2993
2931,63,2994
2932,63,2995
2933,63,2996
2934,63,2997
2935,63,2998
2936,63,2999
2937,63,3000
2938,63,3001
2939,63,3002
2940,64,3004
2941,64,3005
2942,64,3006
2943,64,3007
2944,64,3008
2945,64,3009
2946,64,3010
2947,64,3011
2948,64,3012
2949,64,3013
2950,64,3014
2951,64,3015
2952,64,3016
2953,64,3017
2954,64,3018
2955,64,3019
2956,64,3020
2957,65,3022
2958,65,3023
2960,65,3025
2961,65,3026
2962,65,3027
2963,65,3028
2964,65,3029
2965,65,3030
2967,65,3032
2968,65,3033
2969,65,3034
2970,65,3035
2971,65,3036
2972,65,3037
2973,65,3038
2974,65,3039
2975,65,3040
2977,66,3043
2978,66,3044
2979,66,3045
2980,66,3046
2981,66,3047
2982,66,3048
2983,66,3049
2984,66,3050
2985,66,3051
2986,66,3052
2987,66,3053
2989,66,3055
2990,66,3056
2991,66,3057
2992,66,3058
2993,66,3059
2994,66,3060
2995,66,3061
2996,66,3062
2997,66,3063
2998,66,3064
2999,66,3065
3000,66,3066
3002,66,3068
3003,66,3069
3004,66,3070
3005,66,3071
3006,66,3072
3007,66,3073
3008,66,3074
3009,67,3076
3010,67,3077
3011,67,3078
3012,67,3079
3014,67,3081
3015,67,3082
3016,67,3083
3017,67,3084
3018,67,3085
3019,67,3086
3020,67,3087
3022,67,3089
3023,67,3090
3024,67,3091
3025,67,3092
3026,67,3093
3027,67,3094
3028,67,3095
3029,67,3096
3030,67,3097
3031,67,3098
3032,67,3099
3033,67,3100
3034,67,3101
3035,67,3102
3036,67,3103
3038,67,3105
3039,67,3106
3040,67,3107
3041,67,3108
3042,67,3109
3043,67,3110
3044,67,3111
3045,67,3112
3046,67,3113
3047,67,3114
3048,67,3115
3049,67,3116
3050,67,3117
3051,67,3118
3052,67,3119
3053,67,3120
3054,67,3121
3055,67,3122
3056,67,3123
3058,67,3125
3059,67,3126
3060,67,3127
3061,67,3128
3062,67,3129
3063,67,3130
3064,67,3131
3065,67,3132
3066,67,3133
3067,67,3134
3068,67,3135
3069,67,3136
3070,67,3137
3071,68,3139
3072,68,3140
3074,68,3142
3075,68,3143
3076,68,3144
3077,68,3145
3078,68,3146
3079,68,3147
3080,68,3148
3081,68,3149
3082,68,3150
3083,68,3151
3085,68,3153
3086,68,3154
3087,68,3155
3088,68,3156
3089,68,3157
3090,68,3158
3091,68,3159
3092,68,3160
3093,68,3161
3094,68,3162
3095,68,3163
3096,68,3164
3097,68,3165
3098,68,3166
3099,68,3167
3100,68,3168
3102,68,3170
3103,69,3172
3104,69,3173
3105,69,3174
3106,69,3175
3107,69,3176
3108,69,3177
3110,69,3179
3111,69,3180
3112,69,3181
3113,69,3182
3114,69,3183
3115,69,3184
3116,70,3186
3117,70,3187
3118,70,3188
3120,70,3190
3121,70,3191
3122,70,3192
3123,70,3193
3124,70,3194
3125,70,3195
3126,70,3196
3127,70,3197
3128,71,3199
3129,71,3200
3131,71,3202
3132,71,3203
3133,71,3204
3134,71,3205
3135,72,3207
3136,72,3208
3137,72,3209
3138,72,3210
3139,73,3212
3140,73,3213
3141,73,3214
3142,73,3215
3144,73,3217
3145,73,3218
3146,73,3219
3147,73,3220
3148,73,3221
3149,73,3222
3150,73,3223
3151,73,3224
3152,73,3225
3153,73,3226
3154,73,3227
3155,73,3228
3156,73,3229
3157,73,3230
3158,73,3231
3160,73,3233
3161,73,3234
3162,73,3235
3163,73,3236
3164,73,3237
3165,73,3238
3166,73,3239
3167,73,3240
3168,73,3241
3169,73,3242
3170,73,3243
3171,73,3244
3172,73,3245
3173,73,3246
3174,73,3247
3175,73,3248
3176,73,3249
3177,73,3250
3178,73,3251
3179,73,3252
3181,74,3255
3182,74,3256
3184,74,3258
3185,74,3259
3186,74,3260
3187,74,3261
3188,74,3262
3189,74,3263
3190,74,3264
3191,74,3265
3192,74,3266
3194,74,3268
3195,74,3269
3196,74,3270
3197,74,3271
3198,74,3272
3199,74,3273
3200,74,3274
3201,74,3275
3203,74,3277
3204,74,3278
3205,74,3279
3206,74,3280
3207,74,3281
3208,74,3282
3209,74,3283
3210,74,3284
3211,74,3285
3212,74,3286
3213,75,3288
3214,75,3289
3215,75,3290
3216,75,3291
3217,75,3292
3218,75,3293
3219,75,3294
3221,75,3296
3222,75,3297
3223,75,3298
3224,75,3299
3225,75,3300
3226,75,3301
3227,75,3302
3228,75,3303
3229,75,3304
3230,75,3305
3231,75,3306
3232,75,3307
3233,75,3308
3234,75,3309
3235,75,3310
3237,75,3312
3238,75,3313
3239,75,3314
3240,75,3315
3241,75,3316
3242,75,3317
3243,75,3318
3244,75,3319
3245,75,3320
3246,75,3321
3248,75,3323
3249,75,3324
3250,75,3325
3251,75,3326
3252,75,3327
3253,75,3328
3254,75,3329
3255,75,3330
3256,75,3331
3257,75,3332
3258,75,3333
3259,75,3334
3260,75,3335
3261,75,3336
3262,75,3337
3263,75,3338
3264,75,3339
3265,75,3340
3267,75,3342
3268,75,3343
3269,75,3344
3270,75,3345
3271,75,3346
3272,75,3347
3273,75,3348
3274,75,3349
3275,76,3351
3276,76,3352
3277,76,3353
3278,76,3354
3279,76,3355
3280,76,3356
3281,76,3357
3283,76,3359
3284,76,3360
3285,76,3361
3286,76,3362
3287,76,3363
3288,76,3364
3289,76,3365
3290,76,3366
3291,76,3367
3292,76,3368
3293,77,3370
3294,77,3371
3295,77,3372
3296,77,3373
3298,77,3375
3299,77,3376
3300,77,3377
3301,77,3378
3303,77,3380
3304,77,3381
3305,77,3382
3306,77,3383
3307,77,3384
3308,77,3385
3309,77,3386
3310,77,3387
3311,77,3388
3312,77,3389
3313,77,3390
3314,77,3391
3315,77,3392
3316,77,3393
3317,77,3394
3318,77,3395
3319,77,3396
3320,77,3397
3321,77,3398
3322,77,3399
3324,77,3401
3325,77,3402
3326,77,3403
3327,77,3404
3328,77,3405
3329,77,3406
3330,77,3407
3331,77,3408
3332,77,3409
3333,77,3410
3334,77,3411
3335,77,3412
3336,78,3414
3337,78,3415
3339,78,3417
3340,78,3418
3341,78,3419
3342,78,3420
3343,78,3421
3344,78,3422
3345,78,3423
3346,78,3424
3347,78,3425
3349,78,3427
3350,78,3428
3351,78,3429
3352,78,3430
3353,78,3431
3354,78,3432
3355,78,3433
3356,78,3434
3357,78,3435
3358,78,3436
3359,78,3437
3360,78,3438
3361,78,3439
3362,78,3440
3364,78,3442
3365,78,3443
3366,78,3444
3367,78,3445
3368,78,3446
3369,78,3447
3370,78,3448
3371,78,3449
3372,78,3450
3373,78,3451
3374,78,3452
3375,78,3453
3376,78,3454
3377,78,3455
3378,78,3456
3379,78,3457
3381,78,3459
3382,78,3460
3383,78,3461
3384,78,3462
3385,78,3463
3386,78,3464
3387,79,3466
3388,79,3467
3389,79,3468
3390,79,3469
3391,79,3470
3392,79,3471
3393,79,3472
3394,79,3473
3395,79,3474
3396,79,3475
3398,80,3478
3399,80,3479
3400,80,3480
3401,80,3481
3402,80,3482
3403,80,3483
3404,80,3484
3405,80,3485
3406,80,3486
3407,80,3487
3408,80,3488
3410,80,3490
3411,80,3491
3412,80,3492
3414,80,3494
3415,80,3495
3416,80,3496
3418,80,3498
3419,80,3499
3421,80,3501
3422,80,3502
3424,81,3505
3425,81,3506
3426,81,3507
3427,81,3508
3428,81,3509
3429,81,3510
3430,81,3511
3431,81,3512
3433,81,3514
3434,81,3515
3435,81,3516
3436,81,3517
3437,81,3518
3438,81,3519
3439,81,3520
3440,81,3521
3441,81,3522
3442,81,3523
3444,82,3526
3445,82,3527
3446,82,3528
3447,82,3529
3448,82,3530
3449,82,3531
3450,82,3532
3451,82,3533
3452,82,3534
3453,82,3535
3454,82,3536
3455,82,3537
3456,82,3538
3457,82,3539
3458,82,3540
3460,82,3542
3461,83,3544
3462,83,3545
3463,83,3546
3464,83,3547
3465,83,3548
3466,83,3549
3467,83,3550
3468,83,3551
3469,83,3552
3470,83,3553
3471,83,3554
3472,83,3555
3473,83,3556
3474,83,3557
3475,83,3558
3477,84,3561
3478,84,3562
3479,84,3563
3480,84,3564
3481,84,3565
3482,84,3566
3483,84,3567
3484,84,3568
3485,84,3569
3486,84,3570
3487,84,3571
3489,85,3574
3490,85,3575
3491,85,3576
3492,85,3577
3493,85,3578
3494,85,3579
3495,85,3580
3496,85,3581
3497,86,3583
3498,86,3584
3499,86,3585
3500,86,3586
3501,86,3587
3502,86,3588
3503,86,3589
3505,86,3591
3506,86,3592
3507,86,3593
