doc_id,chap_num,sent_num
0,1,0
1,1,1
2,1,2
3,1,3
4,1,4
5,1,5
6,2,0
7,2,1
8,2,2
9,2,3
10,2,4
11,2,5
12,2,6
13,2,7
14,2,8
15,2,9
16,2,10
17,2,11
18,2,12
19,2,13
20,2,14
21,2,15
22,2,16
23,2,17
24,2,18
25,2,19
26,3,0
27,3,1
28,3,2
29,3,3
30,3,4
31,3,5
32,3,6
33,3,7
34,3,8
35,3,9
36,3,10
37,3,11
38,3,12
39,3,13
40,3,14
41,3,15
42,3,16
43,3,17
44,3,18
45,3,19
46,3,20
47,3,21
48,3,22
49,3,23
50,3,24
51,3,25
52,3,26
53,3,27
54,3,28
55,3,29
56,3,30
57,3,31
58,3,32
59,3,33
60,3,34
61,4,0
62,4,1
63,4,2
64,4,3
65,4,4
66,4,5
67,4,6
68,4,7
69,4,8
70,4,9
71,4,10
72,4,11
73,4,12
74,4,13
75,4,14
76,5,0
77,5,1
78,5,2
79,5,3
80,5,4
81,5,5
82,5,6
83,5,7
84,5,8
85,5,9
86,5,10
87,5,11
88,5,12
89,5,13
90,5,14
91,5,15
92,5,16
93,5,17
94,5,18
95,5,19
96,5,20
97,5,21
98,5,22
99,5,23
100,5,24
101,5,25
102,5,26
103,5,27
104,5,28
105,5,29
106,5,30
107,5,31
108,5,32
109,5,33
110,5,34
111,5,35
112,5,36
113,6,0
114,6,1
115,6,2
116,6,3
117,6,4
118,6,5
119,6,6
120,6,7
121,6,8
122,6,9
123,6,10
124,6,11
125,6,12
126,6,13
127,6,14
128,6,15
129,6,16
130,6,17
131,6,18
132,6,19
133,6,20
134,6,21
135,6,22
136,6,23
137,6,24
138,6,25
139,7,0
140,7,1
141,7,2
142,7,3
143,7,4
144,7,5
145,7,6
146,7,7
147,7,8
148,7,9
149,7,10
150,7,11
151,7,12
152,7,13
153,7,14
154,7,15
155,7,16
156,7,17
157,7,18
158,7,19
159,7,20
160,7,21
161,7,22
162,7,23
163,7,24
164,7,25
165,7,26
166,7,27
167,7,28
168,7,29
169,7,30
170,7,31
171,7,32
172,7,33
173,7,34
174,7,35
175,7,36
176,7,37
177,7,38
178,7,39
179,7,40
180,7,41
181,7,42
182,7,43
183,7,44
184,7,45
185,7,46
186,8,0
187,8,1
188,8,2
189,8,3
190,8,4
191,8,5
192,8,6
193,8,7
194,8,8
195,8,9
196,8,10
197,8,11
198,8,12
199,8,13
200,8,14
201,8,15
202,8,16
203,8,17
204,8,18
205,8,19
206,8,20
207,8,21
208,8,22
209,8,23
210,8,24
211,8,25
212,8,26
213,8,27
214,8,28
215,8,29
216,8,30
217,8,31
218,8,32
219,8,33
220,8,34
221,8,35
222,8,36
223,8,37
224,8,38
225,8,39
226,8,40
227,8,41
228,8,42
229,8,43
230,8,44
231,8,45
232,8,46
233,8,47
234,8,48
235,8,49
236,8,50
237,8,51
238,8,52
239,8,53
240,8,54
241,9,0
242,9,1
243,9,2
244,9,3
245,9,4
246,9,5
247,9,6
248,9,7
249,9,8
250,9,9
251,9,10
252,9,11
253,9,12
254,9,13
255,9,14
256,9,15
257,9,16
258,9,17
259,9,18
260,9,19
261,9,20
262,9,21
263,9,22
264,9,23
265,10,0
266,10,1
267,10,2
268,10,3
269,10,4
270,10,5
271,10,6
272,10,7
273,10,8
274,10,9
275,10,10
276,10,11
277,10,12
278,10,13
279,10,14
280,10,15
281,10,16
282,10,17
283,10,18
284,10,19
285,10,20
286,10,21
287,10,22
288,10,23
289,10,24
290,11,0
291,11,1
292,11,2
293,11,3
294,11,4
295,11,5
296,11,6
297,11,7
298,11,8
299,11,9
300,11,10
301,11,11
302,11,12
303,11,13
304,11,14
305,11,15
306,11,16
307,11,17
308,11,18
309,11,19
310,11,20
311,11,21
312,11,22
313,11,23
314,11,24
315,11,25
316,11,26
317,11,27
318,11,28
319,11,29
320,11,30
321,11,31
322,11,32
323,11,33
324,11,34
325,11,35
326,11,36
327,11,37
328,11,38
329,11,39
330,11,40
331,11,41
332,11,42
333,11,43
334,11,44
335,11,45
336,11,46
337,11,47
338,11,48
339,11,49
340,11,50
341,11,51
342,11,52
343,11,53
344,11,54
345,11,55
346,11,56
347,11,57
348,11,58
349,11,59
350,11,60
351,11,61
352,11,62
353,11,63
354,11,64
355,11,65
356,11,66
357,11,67
358,11,68
359,11,69
360,11,70
361,11,71
362,11,72
363,11,73
364,11,74
365,11,75
366,11,76
367,11,77
368,11,78
369,11,79
370,12,0
371,12,1
372,12,2
373,12,3
374,12,4
375,12,5
376,12,6
377,12,7
378,12,8
379,12,9
380,12,10
381,12,11
382,12,12
383,12,13
384,12,14
385,12,15
386,12,16
387,12,17
388,12,18
389,12,19
390,12,20
391,12,21
392,12,22
393,12,23
394,12,24
395,12,25
396,12,26
397,12,27
398,12,28
399,12,29
400,12,30
401,12,31
402,12,32
403,12,33
404,12,34
405,12,35
406,12,36
407,12,37
408,12,38
409,12,39
410,12,40
411,12,41
412,12,42
413,12,43
414,12,44
415,12,45
416,12,46
417,12,47
418,12,48
419,12,49
420,12,50
421,12,51
422,12,52
423,12,53
424,12,54
425,12,55
426,12,56
427,12,57
428,12,58
429,12,59
430,12,60
431,12,61
432,12,62
433,12,63
434,12,64
435,12,65
436,12,66
437,12,67
438,12,68
439,12,69
440,12,70
441,12,71
442,12,72
443,12,73
444,12,74
445,12,75
446,12,76
447,12,77
448,12,78
449,12,79
450,13,0
451,13,1
452,13,2
453,13,3
454,13,4
455,13,5
456,13,6
457,13,7
458,13,8
459,13,9
460,13,10
461,13,11
462,13,12
463,13,13
464,13,14
465,13,15
466,13,16
467,13,17
468,13,18
469,13,19
470,13,20
471,13,21
472,13,22
473,13,23
474,13,24
475,13,25
476,13,26
477,13,27
478,13,28
479,13,29
480,13,30
481,13,31
482,13,32
483,13,33
484,13,34
485,13,35
486,13,36
487,13,37
488,13,38
489,13,39
490,13,40
491,13,41
492,13,42
493,13,43
494,13,44
495,13,45
496,13,46
497,13,47
498,13,48
499,13,49
500,13,50
501,13,51
502,13,52
503,13,53
504,13,54
505,13,55
506,13,56
507,13,57
508,13,58
509,13,59
510,13,60
511,14,0
512,14,1
513,14,2
514,14,3
515,14,4
516,14,5
517,14,6
518,14,7
519,14,8
520,14,9
521,14,10
522,14,11
523,14,12
524,14,13
525,14,14
526,14,15
527,14,16
528,14,17
529,14,18
530,14,19
531,14,20
532,14,21
533,14,22
534,14,23
535,14,24
536,14,25
537,14,26
538,14,27
539,14,28
540,14,29
541,14,30
542,14,31
543,14,32
544,14,33
545,14,34
546,14,35
547,14,36
548,14,37
549,14,38
550,14,39
551,14,40
552,14,41
553,14,42
554,14,43
555,14,44
556,14,45
557,14,46
558,14,47
559,14,48
560,14,49
561,14,50
562,14,51
563,14,52
564,14,53
565,14,54
566,14,55
567,14,56
568,14,57
569,14,58
570,14,59
571,14,60
572,14,61
573,14,62
574,14,63
575,14,64
576,14,65
577,14,66
578,15,0
579,15,1
580,15,2
581,16,0
582,16,1
583,16,2
584,16,3
585,16,4
586,16,5
587,16,6
588,16,7
589,16,8
590,16,9
591,16,10
592,16,11
593,16,12
594,16,13
595,16,14
596,16,15
597,16,16
598,16,17
599,16,18
600,16,19
601,16,20
602,16,21
603,16,22
604,16,23
605,16,24
606,16,25
607,16,26
608,16,27
609,16,28
610,16,29
611,16,30
612,16,31
613,16,32
614,16,33
615,16,34
616,16,35
617,16,36
618,16,37
619,16,38
620,16,39
621,16,40
622,16,41
623,16,42
624,16,43
625,16,44
626,16,45
627,16,46
628,16,47
629,16,48
630,16,49
631,16,50
632,16,51
633,16,52
634,16,53
635,16,54
636,17,0
637,17,1
638,17,2
639,17,3
640,17,4
641,17,5
642,17,6
643,17,7
644,17,8
645,17,9
646,17,10
647,17,11
648,17,12
649,17,13
650,17,14
651,17,15
652,17,16
653,17,17
654,17,18
655,17,19
656,17,20
657,17,21
658,17,22
659,17,23
660,17,24
661,17,25
662,17,26
663,17,27
664,17,28
665,17,29
666,17,30
667,17,31
668,17,32
669,17,33
670,17,34
671,17,35
672,18,0
673,18,1
674,18,2
675,18,3
676,18,4
677,18,5
678,18,6
679,18,7
680,18,8
681,18,9
682,18,10
683,18,11
684,18,12
685,18,13
686,18,14
687,18,15
688,18,16
689,18,17
690,18,18
691,18,19
692,18,20
693,18,21
694,18,22
695,18,23
696,18,24
697,18,25
698,18,26
699,18,27
700,18,28
701,18,29
702,18,30
703,18,31
704,18,32
705,18,33
706,18,34
707,18,35
708,18,36
709,18,37
710,18,38
711,18,39
712,18,40
713,18,41
714,18,42
715,18,43
716,18,44
717,18,45
718,18,46
719,18,47
720,18,48
721,18,49
722,18,50
723,18,51
724,18,52
725,18,53
726,18,54
727,18,55
728,18,56
729,18,57
730,18,58
731,18,59
732,18,60
733,18,61
734,18,62
735,18,63
736,18,64
737,18,65
738,18,66
739,18,67
740,18,68
741,18,69
742,18,70
743,18,71
744,18,72
745,18,73
746,18,74
747,18,75
748,18,76
749,18,77
750,18,78
751,18,79
752,18,80
753,18,81
754,18,82
755,18,83
756,18,84
757,18,85
758,18,86
759,18,87
760,18,88
761,18,89
762,18,90
763,18,91
764,18,92
765,18,93
766,19,0
767,19,1
768,19,2
769,19,3
770,19,4
771,19,5
772,19,6
773,19,7
774,19,8
775,19,9
776,19,10
777,19,11
778,19,12
779,19,13
780,19,14
781,19,15
782,19,16
783,19,17
784,19,18
785,19,19
786,19,20
787,19,21
788,19,22
789,19,23
790,19,24
791,19,25
792,19,26
793,19,27
794,19,28
795,19,29
796,19,30
797,19,31
798,19,32
799,19,33
800,19,34
801,19,35
802,19,36
803,19,37
804,20,0
805,20,1
806,20,2
807,20,3
808,20,4
809,20,5
810,20,6
811,20,7
812,20,8
813,20,9
814,20,10
815,20,11
816,20,12
817,20,13
818,20,14
819,20,15
820,20,16
821,20,17
822,20,18
823,20,19
824,20,20
825,20,21
826,20,22
827,20,23
828,20,24
829,20,25
830,20,26
831,20,27
832,20,28
833,20,29
834,20,30
835,20,31
836,20,32
837,20,33
838,20,34
839,20,35
840,20,36
841,20,37
842,20,38
843,20,39
844,20,40
845,20,41
846,20,42
847,20,43
848,20,44
849,20,45
850,20,46
851,20,47
852,20,48
853,20,49
854,20,50
855,20,51
856,20,52
857,20,53
858,20,54
859,20,55
860,20,56
861,20,57
862,20,58
863,20,59
864,21,0
865,21,1
866,21,2
867,21,3
868,21,4
869,21,5
870,21,6
871,21,7
872,21,8
873,21,9
874,21,10
875,21,11
876,21,12
877,21,13
878,21,14
879,21,15
880,21,16
881,21,17
882,21,18
883,21,19
884,21,20
885,21,21
886,21,22
887,21,23
888,21,24
889,21,25
890,21,26
891,21,27
892,21,28
893,21,29
894,21,30
895,21,31
896,21,32
897,21,33
898,21,34
899,21,35
900,21,36
901,21,37
902,21,38
903,21,39
904,21,40
905,21,41
906,21,42
907,21,43
908,21,44
909,21,45
910,21,46
911,21,47
912,21,48
913,21,49
914,21,50
915,21,51
916,21,52
917,21,53
918,21,54
919,22,0
920,22,1
921,22,2
922,22,3
923,22,4
924,22,5
925,22,6
926,22,7
927,22,8
928,22,9
929,22,10
930,22,11
931,22,12
932,22,13
933,22,14
934,22,15
935,22,16
936,22,17
937,22,18
938,22,19
939,22,20
940,22,21
941,22,22
942,22,23
943,22,24
944,22,25
945,22,26
946,22,27
947,22,28
948,22,29
949,22,30
950,22,31
951,22,32
952,22,33
953,22,34
954,22,35
955,22,36
956,22,37
957,22,38
958,22,39
959,22,40
960,22,41
961,22,42
962,22,43
963,22,44
964,22,45
965,22,46
966,22,47
967,22,48
968,22,49
969,22,50
970,22,51
971,22,52
972,22,53
973,22,54
974,22,55
975,22,56
976,22,57
977,22,58
978,22,59
979,22,60
980,22,61
981,22,62
982,22,63
983,22,64
984,22,65
985,22,66
986,22,67
987,22,68
988,22,69
989,22,70
990,22,71
991,22,72
992,22,73
993,22,74
994,22,75
995,22,76
996,22,77
997,22,78
998,22,79
999,22,80
1000,22,81
1001,23,0
1002,23,1
1003,23,2
1004,23,3
1005,23,4
1006,23,5
1007,23,6
1008,23,7
1009,23,8
1010,23,9
1011,23,10
1012,23,11
1013,23,12
1014,23,13
1015,23,14
1016,23,15
1017,23,16
1018,23,17
1019,23,18
1020,23,19
1021,23,20
1022,23,21
1023,23,22
1024,23,23
1025,23,24
1026,23,25
1027,23,26
1028,23,27
1029,23,28
1030,23,29
1031,23,30
1032,23,31
1033,23,32
1034,23,33
1035,23,34
1036,23,35
1037,23,36
1038,23,37
1039,23,38
1040,23,39
1041,23,40
1042,23,41
1043,24,0
1044,24,1
1045,24,2
1046,24,3
1047,24,4
1048,24,5
1049,24,6
1050,24,7
1051,24,8
1052,24,9
1053,24,10
1054,24,11
1055,24,12
1056,24,13
1057,24,14
1058,24,15
1059,24,16
1060,24,17
1061,24,18
1062,24,19
1063,24,20
1064,24,21
1065,24,22
1066,24,23
1067,24,24
1068,24,25
1069,24,26
1070,24,27
1071,24,28
1072,24,29
1073,24,30
1074,24,31
1075,24,32
1076,24,33
1077,24,34
1078,24,35
1079,24,36
1080,24,37
1081,24,38
1082,24,39
1083,24,40
1084,24,41
1085,24,42
1086,24,43
1087,24,44
1088,24,45
1089,24,46
1090,24,47
1091,24,48
1092,24,49
1093,24,50
1094,24,51
1095,24,52
1096,24,53
1097,24,54
1098,24,55
1099,24,56
1100,24,57
1101,24,58
1102,24,59
1103,24,60
1104,24,61
1105,24,62
1106,24,63
1107,24,64
1108,24,65
1109,24,66
1110,24,67
1111,24,68
1112,24,69
1113,24,70
1114,24,71
1115,24,72
1116,24,73
1117,24,74
1118,24,75
1119,24,76
1120,24,77
1121,24,78
1122,24,79
1123,24,80
1124,24,81
1125,24,82
1126,24,83
1127,24,84
1128,24,85
1129,24,86
1130,24,87
1131,24,88
1132,24,89
1133,24,90
1134,24,91
1135,25,0
1136,25,1
1137,25,2
1138,25,3
1139,25,4
1140,25,5
1141,25,6
1142,25,7
1143,25,8
1144,25,9
1145,25,10
1146,25,11
1147,25,12
1148,25,13
1149,25,14
1150,25,15
1151,25,16
1152,25,17
1153,25,18
1154,25,19
1155,25,20
1156,25,21
1157,25,22
1158,25,23
1159,25,24
1160,25,25
1161,25,26
1162,25,27
1163,25,28
1164,25,29
1165,25,30
1166,26,0
1167,26,1
1168,26,2
1169,26,3
1170,26,4
1171,26,5
1172,26,6
1173,26,7
1174,26,8
1175,26,9
1176,26,10
1177,26,11
1178,26,12
1179,26,13
1180,26,14
1181,26,15
1182,26,16
1183,26,17
1184,26,18
1185,26,19
1186,26,20
1187,26,21
1188,26,22
1189,26,23
1190,26,24
1191,26,25
1192,26,26
1193,26,27
1194,26,28
1195,26,29
1196,26,30
1197,26,31
1198,26,32
1199,26,33
1200,26,34
1201,26,35
1202,26,36
1203,26,37
1204,26,38
1205,26,39
1206,26,40
1207,26,41
1208,26,42
1209,26,43
1210,26,44
1211,26,45
1212,26,46
1213,26,47
1214,26,48
1215,26,49
1216,26,50
1217,26,51
1218,26,52
1219,26,53
1220,26,54
1221,26,55
1222,26,56
1223,27,0
1224,27,1
1225,27,2
1226,27,3
1227,27,4
1228,27,5
1229,27,6
1230,27,7
1231,27,8
1232,27,9
1233,27,10
1234,27,11
1235,27,12
1236,27,13
1237,27,14
1238,27,15
1239,27,16
1240,27,17
1241,27,18
1242,27,19
1243,27,20
1244,27,21
1245,27,22
1246,27,23
1247,27,24
1248,27,25
1249,27,26
1250,27,27
1251,27,28
1252,27,29
1253,27,30
1254,27,31
1255,27,32
1256,27,33
1257,27,34
1258,27,35
1259,27,36
1260,27,37
1261,27,38
1262,27,39
1263,27,40
1264,27,41
1265,27,42
1266,27,43
1267,27,44
1268,27,45
1269,27,46
1270,27,47
1271,28,0
1272,28,1
1273,28,2
1274,28,3
1275,28,4
1276,28,5
1277,28,6
1278,28,7
1279,28,8
1280,28,9
1281,28,10
1282,28,11
1283,28,12
1284,28,13
1285,28,14
1286,28,15
1287,28,16
1288,28,17
1289,28,18
1290,28,19
1291,28,20
1292,28,21
1293,28,22
1294,28,23
1295,28,24
1296,28,25
1297,28,26
1298,28,27
1299,28,28
1300,28,29
1301,28,30
1302,28,31
1303,28,32
1304,28,33
1305,28,34
1306,28,35
1307,28,36
1308,28,37
1309,28,38
1310,28,39
1311,28,40
1312,28,41
1313,28,42
1314,28,43
1315,28,44
1316,28,45
1317,28,46
1318,28,47
1319,28,48
1320,28,49
1321,28,50
1322,28,51
1323,28,52
1324,28,53
1325,28,54
1326,28,55
1327,28,56
1328,28,57
1329,28,58
1330,28,59
1331,28,60
1332,28,61
1333,28,62
1334,28,63
1335,28,64
1336,28,65
1337,28,66
1338,28,67
1339,28,68
1340,28,69
1341,28,70
1342,28,71
1343,28,72
1344,28,73
1345,28,74
1346,28,75
1347,28,76
1348,28,77
1349,28,78
1350,28,79
1351,28,80
1352,28,81
1353,28,82
1354,28,83
1355,28,84
1356,28,85
1357,28,86
1358,28,87
1359,28,88
1360,28,89
1361,28,90
1362,28,91
1363,28,92
1364,28,93
1365,28,94
1366,28,95
1367,28,96
1368,28,97
1369,28,98
1370,28,99
1371,28,100
1372,28,101
1373,28,102
1374,28,103
1375,28,104
1376,28,105
1377,28,106
1378,28,107
1379,28,108
1380,28,109
1381,28,110
1382,28,111
1383,28,112
1384,28,113
1385,28,114
1386,28,115
1387,28,116
1388,28,117
1389,28,118
1390,28,119
1391,28,120
1392,28,121
1393,28,122
1394,28,123
1395,28,124
1396,28,125
1397,28,126
1398,28,127
1399,28,128
1400,28,129
1401,28,130
1402,28,131
1403,28,132
1404,28,133
1405,28,134
1406,28,135
1407,28,136
1408,28,137
1409,28,138
1410,28,139
1411,28,140
1412,28,141
1413,28,142
1414,28,143
1415,28,144
1416,28,145
1417,28,146
1418,28,147
1419,28,148
1420,28,149
1421,28,150
1422,28,151
1423,28,152
1424,28,153
1425,28,154
1426,28,155
1427,28,156
1428,28,157
1429,28,158
1430,28,159
1431,28,160
1432,28,161
1433,28,162
1434,28,163
1435,28,164
1436,28,165
1437,28,166
1438,28,167
1439,28,168
1440,28,169
1441,28,170
1442,28,171
1443,28,172
1444,28,173
1445,28,174
1446,28,175
1447,28,176
1448,28,177
1449,28,178
1450,28,179
1451,28,180
1452,28,181
1453,28,182
1454,28,183
1455,28,184
1456,28,185
1457,28,186
1458,28,187
1459,28,188
1460,28,189
1461,28,190
1462,28,191
1463,28,192
1464,28,193
1465,28,194
1466,28,195
1467,28,196
1468,28,197
1469,28,198
1470,28,199
1471,28,200
1472,28,201
1473,28,202
1474,28,203
1475,28,204
1476,28,205
1477,28,206
1478,28,207
1479,28,208
1480,28,209
1481,28,210
1482,28,211
1483,28,212
1484,28,213
1485,28,214
1486,28,215
1487,28,216
1488,28,217
1489,28,218
1490,28,219
1491,28,220
1492,28,221
1493,28,222
1494,28,223
1495,28,224
1496,28,225
1497,28,226
1498,28,227
1499,28,228
1500,28,229
1501,28,230
1502,28,231
1503,28,232
1504,28,233
1505,28,234
1506,28,235
1507,28,236
1508,28,237
1509,28,238
1510,28,239
1511,28,240
1512,28,241
1513,28,242
1514,28,243
1515,28,244
1516,28,245
1517,28,246
1518,28,247
1519,28,248
1520,28,249
1521,28,250
1522,28,251
1523,28,252
1524,28,253
1525,28,254
1526,28,255
1527,28,256
1528,28,257
1529,28,258
1530,28,259
1531,28,260
1532,28,261
1533,28,262
1534,28,263
1535,28,264
1536,28,265
1537,28,266
1538,28,267
1539,28,268
1540,28,269
1541,28,270
1542,29,0
1543,29,1
1544,29,2
1545,29,3
1546,29,4
1547,29,5
1548,29,6
1549,29,7
1550,29,8
1551,29,9
1552,29,10
1553,29,11
1554,29,12
1555,30,0
1556,30,1
1557,30,2
1558,30,3
1559,30,4
1560,30,5
1561,30,6
1562,30,7
1563,30,8
1564,30,9
1565,31,0
1566,31,1
1567,31,2
1568,31,3
1569,31,4
1570,31,5
1571,31,6
1572,32,0
1573,32,1
1574,32,2
1575,32,3
1576,32,4
1577,32,5
1578,32,6
1579,32,7
1580,32,8
1581,32,9
1582,32,10
1583,32,11
1584,32,12
1585,32,13
1586,32,14
1587,32,15
1588,32,16
1589,32,17
1590,32,18
1591,32,19
1592,32,20
1593,32,21
1594,32,22
1595,32,23
1596,32,24
1597,32,25
1598,32,26
1599,32,27
1600,32,28
1601,32,29
1602,32,30
1603,32,31
1604,32,32
1605,32,33
1606,32,34
1607,32,35
1608,32,36
1609,32,37
1610,32,38
1611,32,39
1612,32,40
1613,32,41
1614,32,42
1615,32,43
1616,32,44
1617,32,45
1618,32,46
1619,32,47
1620,32,48
1621,32,49
1622,32,50
1623,32,51
1624,32,52
1625,32,53
1626,32,54
1627,32,55
1628,32,56
1629,32,57
1630,32,58
1631,32,59
1632,32,60
1633,32,61
1634,32,62
1635,32,63
1636,33,0
1637,33,1
1638,33,2
1639,33,3
1640,33,4
1641,33,5
1642,33,6
1643,33,7
1644,33,8
1645,33,9
1646,33,10
1647,33,11
1648,33,12
1649,33,13
1650,33,14
1651,33,15
1652,33,16
1653,33,17
1654,33,18
1655,33,19
1656,33,20
1657,33,21
1658,33,22
1659,33,23
1660,33,24
1661,33,25
1662,33,26
1663,33,27
1664,33,28
1665,34,0
1666,34,1
1667,34,2
1668,34,3
1669,34,4
1670,34,5
1671,34,6
1672,34,7
1673,34,8
1674,34,9
1675,34,10
1676,34,11
1677,34,12
1678,34,13
1679,34,14
1680,34,15
1681,34,16
1682,34,17
1683,34,18
1684,34,19
1685,34,20
1686,34,21
1687,34,22
1688,34,23
1689,34,24
1690,34,25
1691,34,26
1692,34,27
1693,34,28
1694,34,29
1695,34,30
1696,34,31
1697,34,32
1698,34,33
1699,34,34
1700,34,35
1701,34,36
1702,34,37
1703,34,38
1704,34,39
1705,34,40
1706,34,41
1707,34,42
1708,34,43
1709,34,44
1710,34,45
1711,34,46
1712,35,0
1713,35,1
1714,35,2
1715,35,3
1716,35,4
1717,35,5
1718,35,6
1719,35,7
1720,35,8
1721,35,9
1722,35,10
1723,35,11
1724,35,12
1725,35,13
1726,36,0
1727,36,1
1728,36,2
1729,36,3
1730,36,4
1731,36,5
1732,36,6
1733,36,7
1734,36,8
1735,36,9
1736,36,10
1737,36,11
1738,36,12
1739,36,13
1740,36,14
1741,36,15
1742,36,16
1743,36,17
1744,36,18
1745,37,0
1746,37,1
1747,37,2
1748,37,3
1749,37,4
1750,37,5
1751,37,6
1752,37,7
1753,37,8
1754,37,9
1755,37,10
1756,37,11
1757,37,12
1758,37,13
1759,37,14
1760,37,15
1761,37,16
1762,37,17
1763,37,18
1764,37,19
1765,37,20
1766,37,21
1767,37,22
1768,37,23
1769,37,24
1770,37,25
1771,37,26
1772,37,27
1773,37,28
1774,37,29
1775,37,30
1776,37,31
1777,37,32
1778,37,33
1779,37,34
1780,37,35
1781,37,36
1782,37,37
1783,37,38
1784,37,39
1785,37,40
1786,37,41
1787,37,42
1788,37,43
1789,37,44
1790,37,45
1791,37,46
1792,37,47
1793,37,48
1794,37,49
1795,37,50
1796,37,51
1797,37,52
1798,37,53
1799,37,54
1800,37,55
1801,37,56
1802,37,57
1803,37,58
1804,37,59
1805,37,60
1806,38,0
1807,38,1
1808,38,2
1809,38,3
1810,38,4
1811,38,5
1812,38,6
1813,38,7
1814,38,8
1815,38,9
1816,38,10
1817,38,11
1818,38,12
1819,38,13
1820,38,14
1821,38,15
1822,38,16
1823,38,17
1824,38,18
1825,38,19
1826,38,20
1827,38,21
1828,38,22
1829,38,23
1830,38,24
1831,38,25
1832,38,26
1833,38,27
1834,39,0
1835,39,1
1836,39,2
1837,39,3
1838,39,4
1839,39,5
1840,39,6
1841,39,7
1842,39,8
1843,39,9
1844,39,10
1845,39,11
1846,39,12
1847,39,13
1848,39,14
1849,39,15
1850,39,16
1851,39,17
1852,39,18
1853,39,19
1854,39,20
1855,39,21
1856,39,22
1857,39,23
1858,39,24
1859,39,25
1860,39,26
1861,39,27
1862,39,28
1863,39,29
1864,39,30
1865,39,31
1866,39,32
1867,39,33
1868,39,34
1869,39,35
1870,39,36
1871,39,37
1872,39,38
1873,39,39
1874,39,40
1875,39,41
1876,39,42
1877,39,43
1878,39,44
1879,39,45
1880,39,46
1881,39,47
1882,39,48
1883,39,49
1884,39,50
1885,39,51
1886,39,52
1887,39,53
1888,39,54
1889,39,55
1890,39,56
1891,39,57
1892,39,58
1893,39,59
1894,39,60
1895,39,61
1896,39,62
1897,39,63
1898,39,64
1899,40,0
1900,40,1
1901,40,2
1902,40,3
1903,40,4
1904,40,5
1905,40,6
1906,40,7
1907,40,8
1908,40,9
1909,40,10
1910,41,0
1911,41,1
1912,41,2
1913,41,3
1914,41,4
1915,41,5
1916,41,6
1917,41,7
1918,41,8
1919,41,9
1920,41,10
1921,41,11
1922,41,12
1923,41,13
1924,41,14
1925,41,15
1926,41,16
1927,41,17
1928,42,0
1929,43,0
1930,43,1
1931,43,2
1932,43,3
1933,43,4
1934,43,5
1935,43,6
1936,43,7
1937,43,8
1938,43,9
1939,43,10
1940,43,11
1941,43,12
1942,43,13
1943,43,14
1944,43,15
1945,43,16
1946,43,17
1947,43,18
1948,43,19
1949,43,20
1950,43,21
1951,43,22
1952,43,23
1953,43,24
1954,44,0
1955,44,1
1956,44,2
1957,44,3
1958,44,4
1959,44,5
1960,44,6
1961,44,7
1962,44,8
1963,44,9
1964,44,10
1965,44,11
1966,44,12
1967,44,13
1968,44,14
1969,44,15
1970,44,16
1971,45,0
1972,45,1
1973,45,2
1974,45,3
1975,45,4
1976,45,5
1977,45,6
1978,45,7
1979,45,8
1980,45,9
1981,45,10
1982,45,11
1983,45,12
1984,45,13
1985,45,14
1986,45,15
1987,46,0
1988,46,1
1989,46,2
1990,46,3
1991,46,4
1992,46,5
1993,46,6
1994,46,7
1995,46,8
1996,46,9
1997,46,10
1998,46,11
1999,46,12
2000,46,13
2001,46,14
2002,46,15
2003,46,16
2004,46,17
2005,46,18
2006,46,19
2007,46,20
2008,46,21
2009,46,22
2010,46,23
2011,46,24
2012,46,25
2013,46,26
2014,46,27
2015,46,28
2016,46,29
2017,46,30
2018,46,31
2019,46,32
2020,46,33
2021,46,34
2022,46,35
2023,46,36
2024,46,37
2025,46,38
2026,46,39
2027,46,40
2028,46,41
2029,46,42
2030,46,43
2031,46,44
2032,46,45
2033,46,46
2034,46,47
2035,46,48
2036,46,49
2037,46,50
2038,46,51
2039,46,52
2040,46,53
2041,46,54
2042,46,55
2043,46,56
2044,46,57
2045,46,58
2046,46,59
2047,46,60
2048,46,61
2049,46,62
2050,46,63
2051,46,64
2052,46,65
2053,46,66
2054,46,67
2055,47,0
2056,47,1
2057,47,2
2058,48,0
2059,48,1
2060,48,2
2061,48,3
2062,48,4
2063,48,5
2064,48,6
2065,48,7
2066,48,8
2067,48,9
2068,48,10
2069,48,11
2070,49,0
2071,49,1
2072,49,2
2073,49,3
2074,49,4
2075,49,5
2076,49,6
2077,49,7
2078,49,8
2079,49,9
2080,49,10
2081,49,11
2082,49,12
2083,49,13
2084,49,14
2085,49,15
2086,49,16
2087,49,17
2088,49,18
2089,49,19
2090,49,20
2091,49,21
2092,49,22
2093,49,23
2094,49,24
2095,49,25
2096,49,26
2097,49,27
2098,49,28
2099,49,29
2100,50,0
2101,50,1
2102,50,2
2103,50,3
2104,50,4
2105,50,5
2106,50,6
2107,50,7
2108,50,8
2109,50,9
2110,50,10
2111,50,11
2112,50,12
2113,50,13
2114,50,14
2115,50,15
2116,50,16
2117,50,17
2118,50,18
2119,50,19
2120,50,20
2121,50,21
2122,50,22
2123,50,23
2124,50,24
2125,50,25
2126,50,26
2127,50,27
2128,50,28
2129,50,29
2130,50,30
2131,50,31
2132,50,32
2133,50,33
2134,50,34
2135,50,35
2136,50,36
2137,50,37
2138,50,38
2139,50,39
2140,50,40
2141,50,41
2142,50,42
2143,50,43
2144,51,0
2145,51,1
2146,51,2
2147,51,3
2148,51,4
2149,51,5
2150,51,6
2151,51,7
2152,51,8
2153,51,9
2154,51,10
2155,51,11
2156,51,12
2157,51,13
2158,51,14
2159,51,15
2160,51,16
2161,51,17
2162,51,18
2163,51,19
2164,51,20
2165,51,21
2166,51,22
2167,51,23
2168,51,24
2169,51,25
2170,51,26
2171,51,27
2172,51,28
2173,51,29
2174,51,30
2175,51,31
2176,51,32
2177,51,33
2178,51,34
2179,51,35
2180,51,36
2181,51,37
2182,51,38
2183,51,39
2184,51,40
2185,51,41
2186,51,42
2187,51,43
2188,51,44
2189,51,45
2190,51,46
2191,51,47
2192,51,48
2193,51,49
2194,51,50
2195,51,51
2196,51,52
2197,51,53
2198,51,54
2199,51,55
2200,51,56
2201,51,57
2202,51,58
2203,51,59
2204,51,60
2205,51,61
2206,51,62
2207,51,63
2208,51,64
2209,51,65
2210,51,66
2211,51,67
2212,51,68
2213,51,69
2214,51,70
2215,52,0
2216,52,1
2217,52,2
2218,52,3
2219,52,4
2220,52,5
2221,52,6
2222,52,7
2223,52,8
2224,52,9
2225,53,0
2226,53,1
2227,53,2
2228,53,3
2229,53,4
2230,53,5
2231,53,6
2232,53,7
2233,53,8
2234,53,9
2235,53,10
2236,53,11
2237,53,12
2238,53,13
2239,53,14
2240,53,15
2241,53,16
2242,53,17
2243,53,18
2244,53,19
2245,53,20
2246,53,21
2247,53,22
2248,53,23
2249,53,24
2250,54,0
2251,54,1
2252,54,2
2253,54,3
2254,54,4
2255,54,5
2256,54,6
2257,54,7
2258,54,8
2259,54,9
2260,54,10
2261,54,11
2262,54,12
2263,54,13
2264,54,14
2265,54,15
2266,54,16
2267,54,17
2268,54,18
2269,54,19
2270,54,20
2271,54,21
2272,54,22
2273,54,23
2274,54,24
2275,54,25
2276,54,26
2277,54,27
2278,54,28
2279,54,29
2280,54,30
2281,54,31
2282,54,32
2283,54,33
2284,54,34
2285,54,35
2286,54,36
2287,54,37
2288,54,38
2289,54,39
2290,54,40
2291,54,41
2292,54,42
2293,54,43
2294,54,44
2295,54,45
2296,54,46
2297,54,47
2298,54,48
2299,54,49
2300,54,50
2301,54,51
2302,54,52
2303,54,53
2304,54,54
2305,54,55
2306,54,56
2307,54,57
2308,54,58
2309,55,0
2310,55,1
2311,55,2
2312,55,3
2313,55,4
2314,55,5
2315,55,6
2316,55,7
2317,55,8
2318,55,9
2319,55,10
2320,55,11
2321,55,12
2322,55,13
2323,55,14
2324,55,15
2325,55,16
2326,55,17
2327,55,18
2328,55,19
2329,55,20
2330,55,21
2331,55,22
2332,55,23
2333,55,24
2334,55,25
2335,55,26
2336,55,27
2337,55,28
2338,55,29
2339,55,30
2340,55,31
2341,55,32
2342,55,33
2343,55,34
2344,55,35
2345,55,36
2346,55,37
2347,55,38
2348,55,39
2349,55,40
2350,55,41
2351,55,42
2352,55,43
2353,55,44
2354,55,45
2355,55,46
2356,55,47
2357,55,48
2358,55,49
2359,55,50
2360,55,51
2361,55,52
2362,55,53
2363,55,54
2364,55,55
2365,55,56
2366,55,57
2367,55,58
2368,55,59
2369,55,60
2370,55,61
2371,55,62
2372,55,63
2373,55,64
2374,55,65
2375,55,66
2376,55,67
2377,55,68
2378,55,69
2379,55,70
2380,55,71
2381,55,72
2382,55,73
2383,56,0
2384,56,1
2385,56,2
2386,56,3
2387,56,4
2388,56,5
2389,56,6
2390,56,7
2391,56,8
2392,56,9
2393,56,10
2394,56,11
2395,56,12
2396,56,13
2397,56,14
2398,56,15
2399,56,16
2400,56,17
2401,56,18
2402,56,19
2403,56,20
2404,56,21
2405,56,22
2406,56,23
2407,56,24
2408,56,25
2409,56,26
2410,56,27
2411,56,28
2412,56,29
2413,56,30
2414,56,31
2415,56,32
2416,56,33
2417,56,34
2418,56,35
2419,56,36
2420,56,37
2421,56,38
2422,56,39
2423,56,40
2424,56,41
2425,56,42
2426,56,43
2427,56,44
2428,56,45
2429,56,46
2430,56,47
2431,56,48
2432,56,49
2433,56,50
2434,56,51
2435,56,52
2436,56,53
2437,56,54
2438,56,55
2439,56,56
2440,56,57
2441,56,58
2442,56,59
2443,56,60
2444,56,61
2445,56,62
2446,56,63
2447,56,64
2448,56,65
2449,56,66
2450,56,67
2451,56,68
2452,56,69
2453,56,70
2454,56,71
2455,56,72
2456,56,73
2457,56,74
2458,56,75
2459,57,0
2460,57,1
2461,57,2
2462,57,3
2463,57,4
2464,57,5
2465,57,6
2466,57,7
2467,57,8
2468,57,9
2469,57,10
2470,57,11
2471,57,12
2472,57,13
2473,57,14
2474,57,15
2475,57,16
2476,57,17
2477,57,18
2478,57,19
2479,57,20
2480,57,21
2481,57,22
2482,57,23
2483,57,24
2484,57,25
2485,57,26
2486,57,27
2487,57,28
2488,57,29
2489,57,30
2490,57,31
2491,57,32
2492,57,33
2493,58,0
2494,58,1
2495,58,2
2496,58,3
2497,58,4
2498,58,5
2499,58,6
2500,58,7
2501,58,8
2502,58,9
2503,58,10
2504,58,11
2505,58,12
2506,58,13
2507,58,14
2508,58,15
2509,58,16
2510,58,17
2511,58,18
2512,58,19
2513,58,20
2514,58,21
2515,58,22
2516,58,23
2517,58,24
2518,58,25
2519,58,26
2520,58,27
2521,58,28
2522,58,29
2523,58,30
2524,58,31
2525,58,32
2526,58,33
2527,58,34
2528,58,35
2529,58,36
2530,58,37
2531,58,38
2532,58,39
2533,58,40
2534,58,41
2535,58,42
2536,59,0
2537,59,1
2538,59,2
2539,59,3
2540,59,4
2541,59,5
2542,59,6
2543,59,7
2544,59,8
2545,59,9
2546,59,10
2547,59,11
2548,59,12
2549,59,13
2550,59,14
2551,59,15
2552,59,16
2553,59,17
2554,59,18
2555,59,19
2556,59,20
2557,59,21
2558,59,22
2559,59,23
2560,60,0
2561,60,1
2562,60,2
2563,60,3
2564,60,4
2565,60,5
2566,60,6
2567,60,7
2568,60,8
2569,60,9
2570,60,10
2571,60,11
2572,60,12
2573,60,13
2574,60,14
2575,60,15
2576,60,16
2577,60,17
2578,60,18
2579,60,19
2580,60,20
2581,60,21
2582,60,22
2583,60,23
2584,60,24
2585,60,25
2586,60,26
2587,60,27
2588,60,28
2589,60,29
2590,60,30
2591,60,31
2592,60,32
2593,60,33
2594,60,34
2595,60,35
2596,60,36
2597,60,37
2598,60,38
2599,60,39
2600,60,40
2601,60,41
2602,60,42
2603,60,43
2604,60,44
2605,60,45
2606,60,46
2607,60,47
2608,60,48
2609,60,49
2610,60,50
2611,60,51
2612,60,52
2613,60,53
2614,60,54
2615,60,55
2616,60,56
2617,60,57
2618,60,58
2619,60,59
2620,60,60
2621,60,61
2622,60,62
2623,60,63
2624,61,0
2625,61,1
2626,61,2
2627,61,3
2628,61,4
2629,61,5
2630,61,6
2631,61,7
2632,61,8
2633,61,9
2634,61,10
2635,61,11
2636,61,12
2637,61,13
2638,61,14
2639,61,15
2640,61,16
2641,61,17
2642,61,18
2643,61,19
2644,61,20
2645,61,21
2646,61,22
2647,61,23
2648,61,24
2649,61,25
2650,61,26
2651,61,27
2652,61,28
2653,61,29
2654,61,30
2655,61,31
2656,61,32
2657,61,33
2658,61,34
2659,61,35
2660,61,36
2661,61,37
2662,61,38
2663,61,39
2664,61,40
2665,61,41
2666,61,42
2667,61,43
2668,61,44
2669,61,45
2670,61,46
2671,61,47
2672,61,48
2673,61,49
2674,61,50
2675,61,51
2676,61,52
2677,61,53
2678,61,54
2679,61,55
2680,61,56
2681,61,57
2682,61,58
2683,61,59
2684,61,60
2685,61,61
2686,61,62
2687,61,63
2688,61,64
2689,62,0
2690,62,1
2691,62,2
2692,62,3
2693,62,4
2694,62,5
2695,62,6
2696,62,7
2697,62,8
2698,62,9
2699,62,10
2700,62,11
2701,62,12
2702,62,13
2703,62,14
2704,62,15
2705,62,16
2706,62,17
2707,62,18
2708,62,19
2709,62,20
2710,62,21
2711,62,22
2712,62,23
2713,62,24
2714,62,25
2715,62,26
2716,62,27
2717,62,28
2718,62,29
2719,62,30
2720,62,31
2721,62,32
2722,62,33
2723,62,34
2724,62,35
2725,62,36
2726,62,37
2727,62,38
2728,62,39
2729,62,40
2730,62,41
2731,62,42
2732,62,43
2733,62,44
2734,62,45
2735,62,46
2736,62,47
2737,62,48
2738,63,0
2739,63,1
2740,63,2
2741,63,3
2742,63,4
2743,63,5
2744,63,6
2745,63,7
2746,63,8
2747,63,9
2748,63,10
2749,63,11
2750,63,12
2751,63,13
2752,63,14
2753,63,15
2754,63,16
2755,63,17
2756,63,18
2757,63,19
2758,63,20
2759,63,21
2760,63,22
2761,63,23
2762,63,24
2763,63,25
2764,63,26
2765,63,27
2766,63,28
2767,63,29
2768,63,30
2769,63,31
2770,63,32
2771,63,33
2772,63,34
2773,63,35
2774,63,36
2775,63,37
2776,63,38
2777,63,39
2778,63,40
2779,63,41
2780,63,42
2781,63,43
2782,63,44
2783,63,45
2784,63,46
2785,63,47
2786,63,48
2787,63,49
2788,63,50
2789,63,51
2790,64,0
2791,64,1
2792,64,2
2793,64,3
2794,64,4
2795,64,5
2796,64,6
2797,64,7
2798,64,8
2799,64,9
2800,64,10
2801,64,11
2802,64,12
2803,64,13
2804,64,14
2805,64,15
2806,64,16
2807,65,0
2808,65,1
2809,65,2
2810,65,3
2811,65,4
2812,65,5
2813,66,0
2814,66,1
2815,66,2
2816,66,3
2817,66,4
2818,66,5
2819,66,6
2820,66,7
2821,66,8
2822,66,9
2823,66,10
2824,66,11
2825,66,12
2826,66,13
2827,66,14
2828,66,15
2829,66,16
2830,66,17
2831,66,18
2832,66,19
2833,66,20
2834,66,21
2835,66,22
2836,66,23
2837,66,24
2838,66,25
2839,67,0
2840,67,1
2841,67,2
2842,67,3
2843,67,4
2844,67,5
2845,67,6
2846,67,7
2847,67,8
2848,67,9
2849,67,10
2850,67,11
2851,67,12
2852,67,13
2853,67,14
2854,67,15
2855,67,16
2856,67,17
2857,67,18
2858,67,19
2859,67,20
2860,67,21
2861,67,22
2862,67,23
2863,67,24
2864,67,25
2865,67,26
2866,67,27
2867,67,28
2868,67,29
2869,67,30
2870,67,31
2871,67,32
2872,67,33
2873,67,34
2874,67,35
2875,67,36
2876,67,37
2877,67,38
2878,67,39
2879,67,40
2880,67,41
2881,67,42
2882,67,43
2883,67,44
2884,67,45
2885,67,46
2886,67,47
2887,67,48
2888,67,49
2889,67,50
2890,67,51
2891,67,52
2892,67,53
2893,68,0
2894,68,1
2895,68,2
2896,68,3
2897,68,4
2898,68,5
2899,68,6
2900,68,7
2901,68,8
2902,68,9
2903,68,10
2904,68,11
2905,68,12
2906,68,13
2907,68,14
2908,68,15
2909,68,16
2910,68,17
2911,68,18
2912,68,19
2913,68,20
2914,68,21
2915,68,22
2916,68,23
2917,68,24
2918,69,0
2919,69,1
2920,69,2
2921,70,0
2922,70,1
2923,71,0
2924,71,1
2925,72,0
2926,73,0
2927,73,1
2928,73,2
2929,73,3
2930,73,4
2931,73,5
2932,73,6
2933,73,7
2934,73,8
2935,73,9
2936,73,10
2937,73,11
2938,73,12
2939,73,13
2940,73,14
2941,73,15
2942,73,16
2943,73,17
2944,73,18
2945,73,19
2946,73,20
2947,73,21
2948,73,22
2949,73,23
2950,73,24
2951,73,25
2952,73,26
2953,73,27
2954,73,28
2955,73,29
2956,73,30
2957,73,31
2958,73,32
2959,73,33
2960,73,34
2961,73,35
2962,73,36
2963,73,37
2964,73,38
2965,73,39
2966,73,40
2967,73,41
2968,73,42
2969,73,43
2970,74,0
2971,74,1
2972,74,2
2973,74,3
2974,74,4
2975,74,5
2976,74,6
2977,74,7
2978,74,8
2979,74,9
2980,74,10
2981,74,11
2982,74,12
2983,74,13
2984,74,14
2985,74,15
2986,74,16
2987,74,17
2988,74,18
2989,74,19
2990,74,20
2991,74,21
2992,74,22
2993,74,23
2994,74,24
2995,75,0
2996,75,1
2997,75,2
2998,75,3
2999,75,4
3000,75,5
3001,75,6
3002,75,7
3003,75,8
3004,75,9
3005,75,10
3006,75,11
3007,75,12
3008,75,13
3009,75,14
3010,75,15
3011,75,16
3012,75,17
3013,75,18
3014,75,19
3015,75,20
3016,75,21
3017,75,22
3018,75,23
3019,75,24
3020,75,25
3021,75,26
3022,75,27
3023,75,28
3024,75,29
3025,75,30
3026,75,31
3027,75,32
3028,75,33
3029,75,34
3030,75,35
3031,75,36
3032,75,37
3033,75,38
3034,75,39
3035,75,40
3036,75,41
3037,75,42
3038,75,43
3039,75,44
3040,76,0
3041,76,1
3042,76,2
3043,76,3
3044,76,4
3045,76,5
3046,76,6
3047,76,7
3048,76,8
3049,76,9
3050,77,0
3051,77,1
3052,77,2
3053,77,3
3054,77,4
3055,77,5
3056,77,6
3057,77,7
3058,77,8
3059,77,9
3060,77,10
3061,77,11
3062,77,12
3063,77,13
3064,77,14
3065,77,15
3066,77,16
3067,77,17
3068,77,18
3069,77,19
3070,77,20
3071,77,21
3072,77,22
3073,77,23
3074,77,24
3075,77,25
3076,77,26
3077,77,27
3078,77,28
3079,77,29
3080,77,30
3081,77,31
3082,77,32
3083,77,33
3084,78,0
3085,78,1
3086,78,2
3087,78,3
3088,78,4
3089,78,5
3090,78,6
3091,78,7
3092,78,8
3093,78,9
3094,78,10
3095,78,11
3096,78,12
3097,78,13
3098,78,14
3099,78,15
3100,78,16
3101,78,17
3102,78,18
3103,78,19
3104,78,20
3105,78,21
3106,78,22
3107,78,23
3108,78,24
3109,78,25
3110,78,26
3111,78,27
3112,78,28
3113,78,29
3114,78,30
3115,78,31
3116,78,32
3117,78,33
3118,78,34
3119,78,35
3120,78,36
3121,78,37
3122,78,38
3123,78,39
3124,78,40
3125,79,0
3126,79,1
3127,79,2
3128,79,3
3129,79,4
3130,80,0
3131,80,1
3132,80,2
3133,80,3
3134,80,4
3135,80,5
3136,80,6
3137,80,7
3138,80,8
3139,80,9
3140,80,10
3141,80,11
3142,80,12
3143,80,13
3144,80,14
3145,80,15
3146,80,16
3147,80,17
3148,81,0
3149,81,1
3150,81,2
3151,81,3
3152,81,4
3153,81,5
3154,81,6
3155,81,7
3156,81,8
3157,81,9
3158,81,10
3159,81,11
3160,81,12
3161,81,13
3162,82,0
3163,82,1
3164,82,2
3165,82,3
3166,82,4
3167,82,5
3168,82,6
3169,82,7
3170,82,8
3171,82,9
3172,82,10
3173,82,11
3174,82,12
3175,82,13
3176,82,14
3177,83,0
3178,83,1
3179,83,2
3180,83,3
3181,83,4
3182,83,5
3183,83,6
3184,83,7
3185,83,8
3186,83,9
3187,83,10
3188,83,11
3189,83,12
3190,83,13
3191,83,14
3192,84,0
3193,84,1
3194,84,2
3195,84,3
3196,84,4
3197,85,0
3198,85,1
3199,85,2
3200,85,3
3201,85,4
3202,85,5
3203,85,6
3204,85,7
3205,85,8
3206,85,9
3207,85,10
3208,85,11
3209,85,12
3210,86,0
3211,86,1
3212,86,2
3213,86,3
3214,86,4
3215,86,5
3216,86,6
3217,86,7
