doc_id,parte,capit,sent_num
0,0,1,0
1,0,1,1
2,0,1,2
3,0,1,3
4,0,1,4
5,0,1,5
6,0,1,6
7,1,1,0
8,1,1,1
9,1,1,2
10,1,1,3
11,1,1,4
12,1,1,5
13,1,1,6
14,1,1,7
15,1,1,8
16,1,1,9
17,1,1,10
18,1,1,11
19,1,1,12
20,1,1,13
21,1,1,14
22,1,1,15
23,1,1,16
24,1,1,17
25,1,1,18
26,1,1,19
27,1,1,20
28,1,1,21
29,1,1,22
30,1,1,23
31,1,1,24
32,1,1,25
33,1,1,26
34,1,1,27
35,1,1,28
36,1,1,29
37,1,1,30
38,1,1,31
39,1,1,32
40,1,1,33
41,1,1,34
42,1,1,35
43,1,2,0
44,1,2,1
45,1,2,2
46,1,2,3
47,1,2,4
48,1,2,5
49,1,2,6
50,1,2,7
51,1,2,8
52,1,2,9
53,1,2,10
54,1,2,11
55,1,2,12
56,1,2,13
57,1,2,14
58,1,2,15
59,1,2,16
60,1,2,17
61,1,2,18
62,1,2,19
63,1,2,20
64,1,2,21
65,1,2,22
66,1,2,23
67,1,2,24
68,1,2,25
69,1,2,26
70,1,2,27
71,1,2,28
72,1,2,29
73,1,2,30
74,1,2,31
75,1,2,32
76,1,2,33
77,1,2,34
78,1,2,35
79,1,2,36
80,1,2,37
81,1,2,38
82,1,2,39
83,1,2,40
84,1,2,41
85,1,2,42
86,1,2,43
87,1,2,44
88,1,2,45
89,1,2,46
90,1,2,47
91,1,2,48
92,1,2,49
93,1,2,50
94,1,2,51
95,1,2,52
96,1,2,53
97,1,2,54
98,1,2,55
99,1,2,56
100,1,2,57
101,1,2,58
102,1,2,59
103,1,2,60
104,1,2,61
105,1,2,62
106,1,2,63
107,1,2,64
108,1,2,65
109,1,2,66
110,1,2,67
111,1,2,68
112,1,2,69
113,1,3,0
114,1,3,1
115,1,3,2
116,1,3,3
117,1,3,4
118,1,3,5
119,1,3,6
120,1,3,7
121,1,3,8
122,1,3,9
123,1,3,10
124,1,3,11
125,1,3,12
126,1,3,13
127,1,3,14
128,1,3,15
129,1,3,16
130,1,3,17
131,1,3,18
132,1,3,19
133,1,3,20
134,1,3,21
135,1,3,22
136,1,3,23
137,1,3,24
138,1,3,25
139,1,3,26
140,1,3,27
141,1,3,28
142,1,3,29
143,1,3,30
144,1,3,31
145,1,3,32
146,1,3,33
147,1,3,34
148,1,4,0
149,1,4,1
150,1,4,2
151,1,4,3
152,1,4,4
153,1,4,5
154,1,4,6
155,1,4,7
156,1,4,8
157,1,4,9
158,1,4,10
159,1,4,11
160,1,4,12
161,1,4,13
162,1,4,14
163,1,4,15
164,1,4,16
165,1,4,17
166,1,4,18
167,1,4,19
168,1,5,0
169,1,5,1
170,1,5,2
171,1,5,3
172,1,5,4
173,1,5,5
174,1,5,6
175,1,5,7
176,1,5,8
177,1,5,9
178,1,5,10
179,1,5,11
180,1,5,12
181,1,5,13
182,1,5,14
183,1,5,15
184,1,5,16
185,1,5,17
186,1,6,0
187,1,6,1
188,1,6,2
189,1,6,3
190,1,6,4
191,1,6,5
192,1,6,6
193,1,6,7
194,1,6,8
195,1,6,9
196,1,6,10
197,1,6,11
198,1,6,12
199,1,6,13
200,1,6,14
201,1,6,15
202,1,6,16
203,1,6,17
204,1,6,18
205,1,6,19
206,1,6,20
207,1,6,21
208,1,6,22
209,1,6,23
210,1,6,24
211,1,6,25
212,1,6,26
213,1,6,27
214,1,6,28
215,1,6,29
216,1,6,30
217,1,6,31
218,1,6,32
219,1,6,33
220,1,6,34
221,1,6,35
222,1,6,36
223,1,6,37
224,1,6,38
225,1,6,39
226,1,6,40
227,1,6,41
228,1,6,42
229,1,6,43
230,1,6,44
231,1,6,45
232,1,6,46
233,1,6,47
234,1,6,48
235,1,6,49
236,1,6,50
237,1,6,51
238,1,6,52
239,1,6,53
240,1,6,54
241,1,6,55
242,1,6,56
243,1,6,57
244,1,6,58
245,1,6,59
246,1,6,60
247,1,6,61
248,1,6,62
249,1,6,63
250,1,7,0
251,1,7,1
252,1,7,2
253,1,7,3
254,1,7,4
255,1,7,5
256,1,7,6
257,1,7,7
258,1,7,8
259,1,7,9
260,1,7,10
261,1,7,11
262,1,7,12
263,1,7,13
264,1,7,14
265,1,7,15
266,1,7,16
267,1,7,17
268,1,7,18
269,1,7,19
270,1,7,20
271,1,7,21
272,1,7,22
273,1,7,23
274,1,7,24
275,1,7,25
276,1,7,26
277,1,7,27
278,1,7,28
279,1,7,29
280,1,7,30
281,1,7,31
282,1,7,32
283,1,7,33
284,1,7,34
285,1,7,35
286,1,7,36
287,1,7,37
288,1,7,38
289,1,7,39
290,1,7,40
291,1,7,41
292,1,7,42
293,1,7,43
294,1,7,44
295,1,7,45
296,1,7,46
297,1,7,47
298,1,7,48
299,1,7,49
300,1,7,50
301,1,7,51
302,1,7,52
303,1,7,53
304,1,7,54
305,1,7,55
306,1,7,56
307,1,7,57
308,1,7,58
309,1,7,59
310,1,8,0
311,1,8,1
312,1,8,2
313,1,8,3
314,1,8,4
315,1,8,5
316,1,8,6
317,1,8,7
318,1,8,8
319,1,8,9
320,1,8,10
321,1,8,11
322,1,8,12
323,1,8,13
324,1,8,14
325,1,8,15
326,1,8,16
327,1,8,17
328,1,8,18
329,1,8,19
330,1,8,20
331,1,8,21
332,1,8,22
333,1,8,23
334,1,8,24
335,1,8,25
336,1,8,26
337,1,8,27
338,1,8,28
339,1,8,29
340,1,8,30
341,1,8,31
342,1,8,32
343,1,8,33
344,1,8,34
345,1,8,35
346,1,8,36
347,1,8,37
348,1,8,38
349,1,8,39
350,1,8,40
351,1,8,41
352,1,8,42
353,1,8,43
354,1,8,44
355,1,8,45
356,1,9,0
357,1,9,1
358,1,9,2
359,1,9,3
360,1,9,4
361,1,9,5
362,1,9,6
363,1,9,7
364,1,9,8
365,1,9,9
366,1,9,10
367,1,9,11
368,1,9,12
369,1,9,13
370,1,9,14
371,1,9,15
372,1,9,16
373,1,9,17
374,1,9,18
375,1,9,19
376,1,9,20
377,1,9,21
378,1,9,22
379,1,9,23
380,1,9,24
381,1,9,25
382,1,9,26
383,1,9,27
384,1,9,28
385,1,9,29
386,1,9,30
387,1,9,31
388,1,9,32
389,1,9,33
390,1,9,34
391,1,9,35
392,1,9,36
393,1,9,37
394,1,9,38
395,1,9,39
396,1,9,40
397,1,9,41
398,1,9,42
399,1,9,43
400,1,9,44
401,1,9,45
402,1,9,46
403,1,9,47
404,1,9,48
405,1,9,49
406,1,9,50
407,1,9,51
408,1,9,52
409,1,9,53
410,1,9,54
411,2,1,0
412,2,1,1
413,2,1,2
414,2,1,3
415,2,1,4
416,2,1,5
417,2,1,6
418,2,1,7
419,2,1,8
420,2,1,9
421,2,1,10
422,2,1,11
423,2,1,12
424,2,1,13
425,2,1,14
426,2,1,15
427,2,1,16
428,2,1,17
429,2,1,18
430,2,1,19
431,2,1,20
432,2,1,21
433,2,1,22
434,2,1,23
435,2,1,24
436,2,1,25
437,2,1,26
438,2,1,27
439,2,1,28
440,2,1,29
441,2,1,30
442,2,1,31
443,2,1,32
444,2,1,33
445,2,1,34
446,2,1,35
447,2,1,36
448,2,1,37
449,2,1,38
450,2,1,39
451,2,1,40
452,2,1,41
453,2,1,42
454,2,2,0
455,2,2,1
456,2,2,2
457,2,2,3
458,2,2,4
459,2,2,5
460,2,2,6
461,2,2,7
462,2,2,8
463,2,2,9
464,2,2,10
465,2,2,11
466,2,2,12
467,2,2,13
468,2,2,14
469,2,2,15
470,2,2,16
471,2,2,17
472,2,2,18
473,2,2,19
474,2,2,20
475,2,2,21
476,2,2,22
477,2,2,23
478,2,2,24
479,2,2,25
480,2,2,26
481,2,2,27
482,2,2,28
483,2,2,29
484,2,2,30
485,2,2,31
486,2,2,32
487,2,2,33
488,2,2,34
489,2,2,35
490,2,2,36
491,2,2,37
492,2,2,38
493,2,2,39
494,2,2,40
495,2,2,41
496,2,2,42
497,2,2,43
498,2,2,44
499,2,2,45
500,2,2,46
501,2,2,47
502,2,2,48
503,2,2,49
504,2,2,50
505,2,2,51
506,2,2,52
507,2,2,53
508,2,2,54
509,2,2,55
510,2,2,56
511,2,2,57
512,2,2,58
513,2,2,59
514,2,2,60
515,2,2,61
516,2,2,62
517,2,2,63
518,2,2,64
519,2,2,65
520,2,2,66
521,2,2,67
522,2,2,68
523,2,2,69
524,2,2,70
525,2,2,71
526,2,2,72
527,2,2,73
528,2,2,74
529,2,2,75
530,2,2,76
531,2,2,77
532,2,2,78
533,2,2,79
534,2,2,80
535,2,2,81
536,2,2,82
537,2,2,83
538,2,2,84
539,2,2,85
540,2,2,86
541,2,2,87
542,2,2,88
543,2,2,89
544,2,2,90
545,2,2,91
546,2,2,92
547,2,2,93
548,2,2,94
549,2,2,95
550,2,2,96
551,2,2,97
552,2,2,98
553,2,2,99
554,2,3,0
555,2,3,1
556,2,3,2
557,2,3,3
558,2,3,4
559,2,3,5
560,2,3,6
561,2,3,7
562,2,3,8
563,2,3,9
564,2,3,10
565,2,3,11
566,2,3,12
567,2,3,13
568,2,3,14
569,2,3,15
570,2,3,16
571,2,3,17
572,2,3,18
573,2,3,19
574,2,3,20
575,2,3,21
576,2,3,22
577,2,3,23
578,2,3,24
579,2,3,25
580,2,3,26
581,2,3,27
582,2,3,28
583,2,3,29
584,2,3,30
585,2,3,31
586,2,3,32
587,2,3,33
588,2,3,34
589,2,3,35
590,2,3,36
591,2,3,37
592,2,3,38
593,2,3,39
594,2,3,40
595,2,3,41
596,2,3,42
597,2,3,43
598,2,3,44
599,2,3,45
600,2,3,46
601,2,3,47
602,2,3,48
603,2,3,49
604,2,3,50
605,2,3,51
606,2,3,52
607,2,3,53
608,2,3,54
609,2,3,55
610,2,3,56
611,2,3,57
612,2,3,58
613,2,3,59
614,2,3,60
615,2,3,61
616,2,3,62
617,2,3,63
618,2,3,64
619,2,3,65
620,2,3,66
621,2,3,67
622,2,3,68
623,2,3,69
624,2,3,70
625,2,3,71
626,2,3,72
627,2,3,73
628,2,3,74
629,2,3,75
630,2,3,76
631,2,4,0
632,2,4,1
633,2,4,2
634,2,4,3
635,2,4,4
636,2,4,5
637,2,4,6
638,2,4,7
639,2,4,8
640,2,4,9
641,2,4,10
642,2,4,11
643,2,4,12
644,2,4,13
645,2,4,14
646,2,4,15
647,2,4,16
648,2,4,17
649,2,4,18
650,2,4,19
651,2,4,20
652,2,4,21
653,2,4,22
654,2,4,23
655,2,4,24
656,2,4,25
657,2,4,26
658,2,4,27
659,2,4,28
660,2,4,29
661,2,4,30
662,2,4,31
663,2,4,32
664,2,5,0
665,2,5,1
666,2,5,2
667,2,5,3
668,2,5,4
669,2,5,5
670,2,5,6
671,2,5,7
672,2,5,8
673,2,5,9
674,2,5,10
675,2,5,11
676,2,5,12
677,2,5,13
678,2,5,14
679,2,5,15
680,2,5,16
681,2,5,17
682,2,5,18
683,2,5,19
684,2,5,20
685,2,5,21
686,2,5,22
687,2,5,23
688,2,5,24
689,2,5,25
690,2,5,26
691,2,5,27
692,2,5,28
693,2,5,29
694,2,5,30
695,2,5,31
696,2,5,32
697,2,5,33
698,2,5,34
699,2,5,35
700,2,5,36
701,2,5,37
702,2,5,38
703,2,5,39
704,2,5,40
705,2,5,41
706,2,5,42
707,2,5,43
708,2,5,44
709,2,5,45
710,2,5,46
711,2,5,47
712,2,5,48
713,2,5,49
714,2,5,50
715,2,5,51
716,2,5,52
717,2,5,53
718,2,5,54
719,2,5,55
720,2,5,56
721,2,5,57
722,2,5,58
723,2,5,59
724,2,5,60
725,2,5,61
726,2,5,62
727,2,5,63
728,2,5,64
729,2,5,65
730,2,5,66
731,2,5,67
732,2,5,68
733,2,5,69
734,2,5,70
735,2,5,71
736,2,5,72
737,2,5,73
738,2,5,74
739,2,5,75
740,2,5,76
741,2,5,77
742,2,5,78
743,2,5,79
744,2,5,80
745,2,5,81
746,2,6,0
747,2,6,1
748,2,6,2
749,2,6,3
750,2,6,4
751,2,6,5
752,2,6,6
753,2,6,7
754,2,6,8
755,2,6,9
756,2,6,10
757,2,6,11
758,2,6,12
759,2,6,13
760,2,6,14
761,2,6,15
762,2,6,16
763,2,6,17
764,2,6,18
765,2,6,19
766,2,6,20
767,2,6,21
768,2,6,22
769,2,6,23
770,2,6,24
771,2,6,25
772,2,6,26
773,2,6,27
774,2,6,28
775,2,6,29
776,2,6,30
777,2,6,31
778,2,6,32
779,2,6,33
780,2,6,34
781,2,6,35
782,2,6,36
783,2,6,37
784,2,6,38
785,2,6,39
786,2,6,40
787,2,6,41
788,2,6,42
789,2,6,43
790,2,6,44
791,2,6,45
792,2,6,46
793,2,6,47
794,2,6,48
795,2,6,49
796,2,6,50
797,2,6,51
798,2,6,52
799,2,6,53
800,2,6,54
801,2,6,55
802,2,6,56
803,2,6,57
804,2,6,58
805,2,6,59
806,2,6,60
807,2,6,61
808,2,6,62
809,2,6,63
810,2,6,64
811,2,6,65
812,2,6,66
813,2,6,67
814,2,6,68
815,2,6,69
816,2,6,70
817,2,6,71
818,2,6,72
819,2,6,73
820,2,6,74
821,2,6,75
822,2,6,76
823,2,6,77
824,2,6,78
825,2,6,79
826,2,6,80
827,2,7,0
828,2,7,1
829,2,7,2
830,2,7,3
831,2,7,4
832,2,7,5
833,2,7,6
834,2,7,7
835,2,7,8
836,2,7,9
837,2,7,10
838,2,7,11
839,2,7,12
840,2,7,13
841,2,7,14
842,2,7,15
843,2,7,16
844,2,7,17
845,2,7,18
846,2,7,19
847,2,7,20
848,2,7,21
849,2,7,22
850,2,7,23
851,2,7,24
852,2,7,25
853,2,7,26
854,2,7,27
855,2,7,28
856,2,7,29
857,2,7,30
858,2,7,31
859,2,7,32
860,2,7,33
861,2,7,34
862,2,7,35
863,2,7,36
864,2,7,37
865,2,7,38
866,2,7,39
867,2,7,40
868,2,7,41
869,2,7,42
870,2,7,43
871,2,7,44
872,2,7,45
873,2,7,46
874,2,7,47
875,2,7,48
876,2,7,49
877,2,7,50
878,2,7,51
879,2,7,52
880,2,7,53
881,2,7,54
882,2,7,55
883,2,7,56
884,2,7,57
885,2,7,58
886,2,7,59
887,2,7,60
888,2,7,61
889,2,7,62
890,2,7,63
891,2,7,64
892,2,7,65
893,2,7,66
894,2,7,67
895,2,7,68
896,2,7,69
897,2,7,70
898,2,7,71
899,2,7,72
900,2,7,73
901,2,8,0
902,2,8,1
903,2,8,2
904,2,8,3
905,2,8,4
906,2,8,5
907,2,8,6
908,2,8,7
909,2,8,8
910,2,8,9
911,2,8,10
912,2,8,11
913,2,8,12
914,2,8,13
915,2,8,14
916,2,8,15
917,2,8,16
918,2,8,17
919,2,8,18
920,2,8,19
921,2,8,20
922,2,8,21
923,2,8,22
924,2,8,23
925,2,8,24
926,2,8,25
927,2,8,26
928,2,8,27
929,2,8,28
930,2,8,29
931,2,8,30
932,2,8,31
933,2,8,32
934,2,8,33
935,2,8,34
936,2,8,35
937,2,8,36
938,2,8,37
939,2,8,38
940,2,8,39
941,2,8,40
942,2,8,41
943,2,8,42
944,2,8,43
945,2,8,44
946,2,8,45
947,2,8,46
948,2,8,47
949,2,8,48
950,2,8,49
951,2,8,50
952,2,8,51
953,2,8,52
954,2,8,53
955,2,8,54
956,2,8,55
957,2,9,0
958,2,9,1
959,2,9,2
960,2,9,3
961,2,9,4
962,2,9,5
963,2,9,6
964,2,9,7
965,2,9,8
966,2,9,9
967,2,9,10
968,2,9,11
969,2,9,12
970,2,9,13
971,2,9,14
972,2,9,15
973,2,9,16
974,2,9,17
975,2,9,18
976,2,9,19
977,2,9,20
978,2,9,21
979,2,9,22
980,2,9,23
981,2,9,24
982,2,9,25
983,2,9,26
984,2,9,27
985,2,9,28
986,2,9,29
987,2,9,30
988,2,9,31
989,2,9,32
990,2,9,33
991,2,9,34
992,2,9,35
993,2,9,36
994,2,9,37
995,2,9,38
996,2,9,39
997,2,9,40
998,2,9,41
999,2,9,42
1000,2,9,43
1001,2,9,44
1002,2,9,45
1003,2,9,46
1004,2,9,47
1005,2,9,48
1006,2,9,49
1007,2,9,50
1008,2,9,51
1009,2,9,52
1010,2,9,53
1011,2,9,54
1012,2,9,55
1013,2,9,56
1014,2,9,57
1015,2,9,58
1016,2,9,59
1017,2,9,60
1018,2,9,61
1019,2,9,62
1020,2,9,63
1021,2,9,64
1022,2,9,65
1023,2,9,66
1024,2,9,67
1025,2,9,68
1026,2,9,69
1027,2,9,70
1028,2,9,71
1029,2,9,72
1030,2,9,73
1031,2,9,74
1032,2,9,75
1033,2,9,76
1034,2,9,77
1035,2,9,78
1036,2,9,79
1037,2,9,80
1038,2,9,81
1039,2,9,82
1040,2,9,83
1041,2,9,84
1042,2,9,85
1043,2,9,86
1044,2,9,87
1045,2,9,88
1046,2,9,89
1047,2,9,90
1048,2,9,91
1049,2,9,92
1050,2,9,93
1051,2,9,94
1052,2,9,95
1053,2,9,96
1054,2,9,97
1055,2,9,98
1056,2,9,99
1057,2,9,100
1058,2,9,101
1059,2,10,0
1060,2,10,1
1061,2,10,2
1062,2,10,3
1063,2,10,4
1064,2,10,5
1065,2,10,6
1066,2,10,7
1067,2,10,8
1068,2,10,9
1069,2,10,10
1070,2,10,11
1071,2,10,12
1072,2,10,13
1073,2,10,14
1074,2,10,15
1075,2,10,16
1076,2,10,17
1077,2,10,18
1078,2,10,19
1079,2,10,20
1080,2,10,21
1081,2,10,22
1082,2,10,23
1083,2,10,24
1084,2,10,25
1085,2,10,26
1086,2,10,27
1087,2,10,28
1088,2,10,29
1089,2,10,30
1090,2,10,31
1091,2,10,32
1092,2,10,33
1093,2,10,34
1094,2,10,35
1095,2,10,36
1096,2,10,37
1097,2,10,38
1098,2,10,39
1099,2,10,40
1100,2,10,41
1101,2,10,42
1102,2,10,43
1103,2,11,0
1104,2,11,1
1105,2,11,2
1106,2,11,3
1107,2,11,4
1108,2,11,5
1109,2,11,6
1110,2,11,7
1111,2,11,8
1112,2,11,9
1113,2,11,10
1114,2,11,11
1115,2,11,12
1116,2,11,13
1117,2,11,14
1118,2,11,15
1119,2,11,16
1120,2,11,17
1121,2,11,18
1122,2,11,19
1123,2,11,20
1124,2,11,21
1125,2,11,22
1126,2,11,23
1127,2,11,24
1128,2,11,25
1129,2,11,26
1130,2,11,27
1131,2,11,28
1132,2,11,29
1133,2,11,30
1134,2,11,31
1135,2,11,32
1136,2,11,33
1137,2,11,34
1138,2,11,35
1139,2,11,36
1140,2,11,37
1141,2,11,38
1142,2,11,39
1143,2,11,40
1144,2,11,41
1145,2,11,42
1146,2,11,43
1147,2,11,44
1148,2,11,45
1149,2,11,46
1150,2,11,47
1151,2,12,0
1152,2,12,1
1153,2,12,2
1154,2,12,3
1155,2,12,4
1156,2,12,5
1157,2,12,6
1158,2,12,7
1159,2,12,8
1160,2,12,9
1161,2,12,10
1162,2,12,11
1163,2,12,12
1164,2,12,13
1165,2,12,14
1166,2,12,15
1167,2,12,16
1168,2,12,17
1169,2,12,18
1170,2,12,19
1171,2,12,20
1172,2,12,21
1173,2,12,22
1174,2,12,23
1175,2,12,24
1176,2,12,25
1177,2,12,26
1178,2,12,27
1179,2,12,28
1180,2,12,29
1181,2,12,30
1182,2,13,0
1183,2,13,1
1184,2,13,2
1185,2,13,3
1186,2,13,4
1187,2,13,5
1188,2,13,6
1189,2,13,7
1190,2,13,8
1191,2,13,9
1192,2,13,10
1193,2,13,11
1194,2,13,12
1195,2,13,13
1196,2,13,14
1197,2,13,15
1198,2,13,16
1199,2,13,17
1200,2,13,18
1201,2,13,19
1202,2,13,20
1203,2,13,21
1204,2,13,22
1205,2,13,23
1206,2,13,24
1207,2,13,25
1208,2,13,26
1209,2,13,27
1210,2,13,28
1211,2,13,29
1212,2,13,30
1213,2,13,31
1214,2,13,32
1215,2,13,33
1216,2,13,34
1217,2,13,35
1218,2,13,36
1219,2,13,37
1220,2,13,38
1221,2,13,39
1222,2,13,40
1223,2,13,41
1224,2,13,42
1225,2,13,43
1226,2,13,44
1227,2,13,45
1228,2,13,46
1229,2,13,47
1230,2,13,48
1231,2,13,49
1232,2,13,50
1233,2,13,51
1234,2,13,52
1235,2,13,53
1236,2,13,54
1237,2,13,55
1238,2,13,56
1239,2,13,57
1240,2,13,58
1241,2,13,59
1242,2,13,60
1243,2,13,61
1244,2,13,62
1245,2,13,63
1246,2,13,64
1247,2,13,65
1248,2,13,66
1249,2,13,67
1250,2,13,68
1251,2,13,69
1252,2,13,70
1253,2,13,71
1254,2,13,72
1255,2,13,73
1256,2,13,74
1257,2,13,75
1258,2,13,76
1259,2,13,77
1260,2,13,78
1261,2,13,79
1262,2,13,80
1263,2,13,81
1264,2,13,82
1265,2,13,83
1266,2,13,84
1267,2,13,85
1268,2,13,86
1269,2,13,87
1270,2,13,88
1271,2,13,89
1272,2,13,90
1273,2,13,91
1274,2,13,92
1275,2,13,93
1276,2,13,94
1277,2,13,95
1278,2,14,0
1279,2,14,1
1280,2,14,2
1281,2,14,3
1282,2,14,4
1283,2,14,5
1284,2,14,6
1285,2,14,7
1286,2,14,8
1287,2,14,9
1288,2,14,10
1289,2,14,11
1290,2,14,12
1291,2,14,13
1292,2,14,14
1293,2,14,15
1294,2,14,16
1295,2,14,17
1296,2,14,18
1297,2,14,19
1298,2,14,20
1299,2,14,21
1300,2,14,22
1301,2,14,23
1302,2,14,24
1303,2,14,25
1304,2,14,26
1305,2,14,27
1306,2,14,28
1307,2,14,29
1308,2,14,30
1309,2,14,31
1310,2,14,32
1311,2,14,33
1312,2,14,34
1313,2,14,35
1314,2,14,36
1315,2,14,37
1316,2,14,38
1317,2,14,39
1318,2,14,40
1319,2,14,41
1320,2,14,42
1321,2,14,43
1322,2,14,44
1323,2,14,45
1324,2,14,46
1325,2,14,47
1326,2,14,48
1327,2,14,49
1328,2,14,50
1329,2,14,51
1330,2,14,52
1331,2,14,53
1332,2,14,54
1333,2,14,55
1334,2,14,56
1335,2,14,57
1336,2,14,58
1337,2,14,59
1338,3,1,0
1339,3,1,1
1340,3,1,2
1341,3,1,3
1342,3,1,4
1343,3,1,5
1344,3,1,6
1345,3,1,7
1346,3,1,8
1347,3,1,9
1348,3,1,10
1349,3,1,11
1350,3,1,12
1351,3,1,13
1352,3,1,14
1353,3,1,15
1354,3,1,16
1355,3,1,17
1356,3,1,18
1357,3,2,0
1358,3,2,1
1359,3,2,2
1360,3,2,3
1361,3,2,4
1362,3,2,5
1363,3,2,6
1364,3,2,7
1365,3,2,8
1366,3,2,9
1367,3,2,10
1368,3,2,11
1369,3,2,12
1370,3,2,13
1371,3,2,14
1372,3,2,15
1373,3,2,16
1374,3,2,17
1375,3,2,18
1376,3,2,19
1377,3,2,20
1378,3,2,21
1379,3,2,22
1380,3,2,23
1381,3,2,24
1382,3,2,25
1383,3,2,26
1384,3,2,27
1385,3,2,28
1386,3,2,29
1387,3,2,30
1388,3,2,31
1389,3,2,32
1390,3,2,33
1391,3,2,34
1392,3,2,35
1393,3,2,36
1394,3,2,37
1395,3,3,0
1396,3,3,1
1397,3,3,2
1398,3,3,3
1399,3,3,4
1400,3,3,5
1401,3,3,6
1402,3,3,7
1403,3,3,8
1404,3,3,9
1405,3,3,10
1406,3,3,11
1407,3,3,12
1408,3,3,13
1409,3,3,14
1410,3,3,15
1411,3,3,16
1412,3,3,17
1413,3,3,18
1414,3,3,19
1415,3,3,20
1416,3,3,21
1417,3,3,22
1418,3,3,23
1419,3,3,24
1420,3,3,25
1421,3,3,26
1422,3,4,0
1423,3,4,1
1424,3,4,2
1425,3,4,3
1426,3,4,4
1427,3,4,5
1428,3,4,6
1429,3,4,7
1430,3,4,8
1431,3,4,9
1432,3,4,10
1433,3,4,11
1434,3,4,12
1435,3,4,13
1436,3,4,14
1437,3,4,15
1438,3,4,16
1439,3,4,17
1440,3,4,18
1441,3,4,19
1442,3,4,20
1443,3,4,21
1444,3,4,22
1445,3,4,23
1446,3,4,24
1447,3,4,25
1448,3,4,26
1449,3,4,27
1450,3,4,28
1451,3,5,0
1452,3,5,1
1453,3,5,2
1454,3,5,3
1455,3,5,4
1456,3,5,5
1457,3,5,6
1458,3,5,7
1459,3,5,8
1460,3,5,9
1461,3,5,10
1462,3,5,11
1463,3,5,12
1464,3,5,13
1465,3,5,14
1466,3,5,15
1467,3,5,16
1468,3,5,17
1469,3,5,18
1470,3,5,19
1471,3,5,20
1472,3,5,21
1473,3,5,22
1474,3,5,23
1475,3,5,24
1476,3,5,25
1477,3,5,26
1478,3,5,27
1479,3,5,28
1480,3,5,29
1481,3,5,30
1482,3,5,31
1483,3,5,32
1484,3,5,33
1485,3,5,34
1486,3,5,35
1487,3,5,36
1488,3,5,37
1489,3,5,38
1490,3,5,39
1491,3,5,40
1492,3,5,41
1493,3,5,42
1494,3,5,43
1495,3,5,44
1496,3,5,45
1497,3,5,46
1498,3,5,47
1499,3,5,48
1500,3,5,49
1501,3,5,50
1502,3,5,51
1503,3,5,52
1504,3,5,53
1505,3,5,54
1506,3,5,55
1507,3,5,56
1508,3,5,57
1509,3,5,58
1510,3,5,59
1511,3,5,60
1512,3,5,61
1513,3,6,0
1514,3,6,1
1515,3,6,2
1516,3,6,3
1517,3,6,4
1518,3,6,5
1519,3,6,6
1520,3,6,7
1521,3,6,8
1522,3,6,9
1523,3,6,10
1524,3,6,11
1525,3,6,12
1526,3,6,13
1527,3,6,14
1528,3,6,15
1529,3,6,16
1530,3,6,17
1531,3,6,18
1532,3,6,19
1533,3,7,0
1534,3,7,1
1535,3,7,2
1536,3,7,3
1537,3,7,4
1538,3,7,5
1539,3,7,6
1540,3,7,7
1541,3,7,8
1542,3,7,9
1543,3,7,10
1544,3,7,11
1545,3,7,12
1546,3,7,13
1547,3,7,14
1548,3,7,15
1549,3,7,16
1550,3,7,17
1551,3,7,18
1552,3,7,19
1553,3,7,20
1554,3,7,21
1555,3,8,0
1556,3,8,1
1557,3,8,2
1558,3,8,3
1559,3,8,4
1560,3,8,5
1561,3,8,6
1562,3,8,7
1563,3,8,8
1564,3,8,9
1565,3,8,10
1566,3,8,11
1567,3,8,12
1568,3,8,13
1569,3,8,14
1570,3,8,15
1571,3,8,16
1572,3,8,17
1573,3,8,18
1574,3,8,19
1575,3,8,20
1576,3,8,21
1577,3,8,22
1578,3,8,23
1579,3,8,24
1580,3,8,25
1581,3,8,26
1582,3,8,27
1583,3,8,28
1584,3,8,29
1585,3,8,30
1586,3,8,31
1587,3,8,32
1588,3,8,33
1589,3,8,34
1590,3,8,35
1591,3,8,36
1592,3,8,37
1593,3,8,38
1594,3,9,0
1595,3,9,1
1596,3,9,2
1597,3,9,3
1598,3,9,4
1599,3,9,5
1600,3,9,6
1601,3,9,7
1602,3,9,8
1603,3,9,9
1604,3,9,10
1605,3,9,11
1606,3,9,12
1607,3,9,13
1608,3,9,14
1609,3,9,15
1610,3,9,16
1611,3,9,17
1612,3,9,18
1613,3,9,19
1614,3,9,20
1615,3,9,21
1616,3,9,22
1617,3,9,23
1618,3,9,24
1619,3,9,25
1620,3,9,26
1621,3,9,27
1622,3,9,28
1623,3,9,29
1624,3,9,30
1625,3,9,31
1626,3,9,32
1627,3,9,33
1628,3,9,34
1629,3,9,35
1630,3,9,36
1631,3,9,37
1632,3,9,38
1633,3,9,39
1634,3,9,40
1635,3,9,41
1636,3,9,42
1637,3,9,43
1638,3,9,44
1639,3,9,45
1640,3,10,0
1641,3,10,1
1642,3,10,2
1643,3,10,3
1644,3,10,4
1645,3,10,5
1646,3,10,6
1647,3,10,7
1648,3,10,8
1649,3,10,9
1650,3,10,10
1651,3,10,11
1652,3,10,12
1653,3,10,13
1654,3,10,14
1655,3,10,15
1656,3,10,16
1657,3,10,17
1658,3,10,18
1659,3,10,19
1660,3,10,20
1661,3,10,21
1662,3,10,22
1663,3,10,23
1664,3,10,24
1665,3,10,25
1666,3,10,26
1667,3,10,27
1668,4,1,0
1669,4,1,1
1670,4,1,2
1671,4,1,3
1672,4,1,4
1673,4,1,5
1674,4,1,6
1675,4,1,7
1676,4,1,8
1677,4,1,9
1678,4,1,10
1679,4,1,11
1680,4,1,12
1681,4,1,13
1682,4,1,14
1683,4,1,15
1684,4,2,0
1685,4,2,1
1686,4,2,2
1687,4,2,3
1688,4,2,4
1689,4,2,5
1690,4,2,6
1691,4,2,7
1692,4,2,8
1693,4,2,9
1694,4,2,10
1695,4,2,11
1696,4,2,12
1697,4,2,13
1698,4,2,14
1699,4,2,15
1700,4,2,16
1701,4,2,17
1702,4,2,18
1703,4,2,19
1704,4,2,20
1705,4,2,21
1706,4,2,22
1707,4,2,23
1708,4,2,24
1709,4,2,25
1710,4,2,26
1711,4,2,27
1712,4,2,28
1713,4,2,29
1714,4,2,30
1715,4,2,31
1716,4,2,32
1717,4,2,33
1718,4,2,34
1719,4,2,35
1720,4,2,36
1721,4,2,37
1722,4,2,38
1723,4,2,39
1724,4,2,40
1725,4,2,41
1726,4,2,42
1727,4,2,43
1728,4,2,44
1729,4,2,45
1730,4,2,46
1731,4,2,47
1732,4,2,48
1733,4,2,49
1734,4,2,50
1735,4,2,51
1736,4,2,52
1737,4,2,53
1738,4,2,54
1739,4,2,55
1740,4,2,56
1741,4,2,57
1742,4,2,58
1743,4,2,59
1744,4,2,60
1745,4,2,61
1746,4,2,62
1747,4,2,63
1748,4,2,64
1749,4,2,65
1750,4,2,66
1751,4,2,67
1752,4,2,68
1753,4,2,69
1754,4,2,70
1755,4,2,71
1756,4,2,72
1757,4,2,73
1758,4,2,74
1759,4,2,75
1760,4,2,76
1761,4,2,77
1762,4,2,78
1763,4,2,79
1764,4,2,80
1765,4,2,81
1766,4,2,82
1767,4,2,83
1768,4,2,84
1769,4,2,85
1770,4,2,86
1771,4,2,87
1772,4,2,88
1773,4,2,89
1774,4,2,90
1775,4,2,91
1776,4,2,92
1777,4,2,93
1778,4,2,94
1779,4,3,0
1780,4,3,1
1781,4,3,2
1782,4,3,3
1783,4,3,4
1784,4,3,5
1785,4,3,6
1786,4,3,7
1787,4,3,8
1788,4,3,9
1789,4,3,10
1790,4,3,11
1791,4,3,12
1792,4,3,13
1793,4,3,14
1794,4,3,15
1795,4,3,16
1796,4,3,17
1797,4,3,18
1798,4,3,19
1799,4,3,20
1800,4,3,21
1801,4,3,22
1802,4,3,23
1803,4,3,24
1804,4,3,25
1805,4,3,26
1806,4,3,27
1807,4,3,28
1808,4,3,29
1809,4,3,30
1810,4,3,31
1811,4,3,32
1812,4,3,33
1813,4,3,34
1814,4,3,35
1815,4,3,36
1816,4,3,37
1817,4,3,38
1818,4,3,39
1819,4,3,40
1820,4,3,41
1821,4,3,42
1822,4,3,43
1823,4,3,44
1824,4,3,45
1825,4,3,46
1826,4,4,0
1827,4,4,1
1828,4,4,2
1829,4,4,3
1830,4,4,4
1831,4,4,5
1832,4,4,6
1833,4,4,7
1834,4,4,8
1835,4,4,9
1836,4,4,10
1837,4,4,11
1838,4,4,12
1839,4,4,13
1840,4,4,14
1841,4,4,15
1842,4,4,16
1843,4,4,17
1844,4,4,18
1845,4,4,19
1846,4,4,20
1847,4,4,21
1848,4,4,22
1849,4,4,23
1850,4,4,24
1851,4,5,0
1852,4,5,1
1853,4,5,2
1854,4,5,3
1855,4,5,4
1856,4,5,5
1857,4,5,6
1858,4,5,7
1859,4,5,8
1860,4,5,9
1861,4,5,10
1862,4,5,11
1863,4,5,12
1864,4,5,13
1865,4,5,14
1866,4,5,15
1867,4,5,16
1868,4,5,17
1869,4,5,18
1870,4,5,19
1871,4,5,20
1872,4,5,21
1873,4,5,22
1874,4,5,23
1875,4,5,24
1876,4,5,25
1877,4,5,26
1878,4,5,27
1879,4,5,28
1880,4,5,29
1881,4,5,30
1882,4,5,31
1883,4,5,32
1884,4,6,0
1885,4,6,1
1886,4,6,2
1887,4,6,3
1888,4,6,4
1889,4,6,5
1890,4,6,6
1891,4,6,7
1892,4,6,8
1893,4,6,9
1894,4,6,10
1895,4,6,11
1896,4,6,12
1897,4,6,13
1898,4,6,14
1899,4,6,15
1900,4,6,16
1901,4,6,17
1902,4,6,18
1903,4,6,19
1904,4,6,20
1905,4,6,21
1906,4,6,22
1907,4,6,23
1908,4,6,24
1909,4,6,25
1910,4,6,26
1911,4,6,27
1912,4,6,28
1913,4,6,29
1914,4,6,30
1915,4,6,31
1916,4,6,32
1917,4,6,33
1918,4,7,0
1919,4,7,1
1920,4,7,2
1921,4,7,3
1922,4,7,4
1923,4,7,5
1924,4,7,6
1925,4,7,7
1926,4,7,8
1927,4,7,9
1928,4,7,10
1929,4,7,11
1930,4,7,12
1931,4,7,13
1932,4,7,14
1933,4,7,15
1934,4,7,16
1935,4,7,17
1936,4,7,18
1937,4,7,19
1938,4,7,20
1939,4,7,21
1940,4,7,22
1941,4,7,23
1942,4,7,24
1943,4,7,25
1944,4,7,26
1945,4,7,27
1946,4,7,28
1947,4,7,29
1948,4,7,30
1949,4,7,31
1950,4,8,0
1951,4,8,1
1952,4,8,2
1953,4,8,3
1954,4,8,4
1955,4,8,5
1956,4,8,6
1957,4,8,7
1958,4,8,8
1959,4,8,9
1960,4,8,10
1961,4,8,11
1962,4,8,12
1963,4,8,13
1964,4,8,14
1965,4,8,15
1966,4,8,16
1967,4,8,17
1968,4,8,18
1969,4,8,19
1970,4,8,20
1971,4,8,21
1972,4,9,0
1973,4,9,1
1974,4,9,2
1975,4,9,3
1976,4,9,4
1977,4,9,5
1978,4,9,6
1979,4,9,7
1980,4,9,8
1981,4,9,9
1982,4,9,10
1983,4,9,11
1984,4,9,12
1985,4,9,13
1986,4,9,14
1987,4,9,15
1988,4,9,16
1989,4,9,17
1990,4,9,18
1991,4,9,19
1992,4,10,0
1993,4,10,1
1994,4,10,2
1995,4,10,3
1996,4,10,4
1997,4,10,5
1998,4,10,6
1999,4,10,7
2000,4,10,8
2001,4,10,9
2002,4,10,10
2003,4,10,11
2004,4,10,12
2005,4,10,13
2006,4,10,14
2007,4,10,15
2008,4,10,16
2009,4,10,17
2010,4,10,18
2011,4,10,19
2012,4,10,20
2013,4,10,21
2014,4,10,22
2015,4,10,23
2016,4,10,24
2017,4,10,25
2018,4,10,26
2019,4,10,27
2020,4,10,28
2021,4,10,29
2022,4,10,30
2023,4,10,31
2024,4,10,32
2025,4,10,33
2026,4,10,34
2027,4,10,35
2028,4,10,36
2029,4,10,37
2030,4,10,38
2031,4,10,39
2032,4,10,40
2033,4,10,41
2034,4,10,42
2035,4,11,0
2036,4,11,1
2037,4,11,2
2038,4,11,3
2039,4,11,4
2040,4,11,5
2041,4,11,6
2042,4,11,7
2043,4,11,8
2044,4,11,9
2045,4,11,10
2046,4,11,11
2047,4,11,12
2048,4,11,13
2049,4,11,14
2050,4,11,15
2051,4,11,16
2052,4,11,17
2053,4,11,18
2054,4,11,19
2055,4,11,20
2056,4,11,21
2057,4,11,22
2058,4,11,23
2059,4,11,24
2060,4,11,25
2061,4,11,26
2062,4,11,27
2063,4,11,28
2064,4,11,29
2065,4,11,30
2066,4,11,31
2067,4,11,32
2068,4,11,33
2069,4,11,34
2070,4,11,35
2071,4,11,36
2072,4,11,37
2073,4,11,38
2074,4,11,39
2075,4,11,40
2076,4,11,41
2077,4,11,42
2078,4,11,43
2079,4,11,44
2080,4,11,45
2081,4,11,46
2082,4,11,47
2083,4,11,48
2084,4,11,49
2085,4,12,0
2086,4,12,1
2087,4,12,2
2088,4,12,3
2089,4,12,4
2090,4,12,5
2091,4,12,6
2092,4,12,7
2093,4,12,8
2094,4,12,9
2095,4,12,10
2096,4,12,11
2097,4,12,12
2098,4,12,13
2099,4,12,14
2100,4,12,15
2101,4,12,16
2102,4,12,17
2103,4,12,18
2104,4,12,19
2105,4,12,20
2106,4,12,21
2107,4,12,22
2108,4,12,23
2109,4,12,24
2110,4,12,25
2111,4,12,26
2112,4,12,27
2113,4,12,28
2114,4,12,29
2115,4,12,30
2116,4,12,31
2117,4,12,32
2118,4,12,33
2119,4,12,34
2120,4,12,35
2121,4,12,36
2122,4,12,37
2123,4,12,38
2124,4,12,39
2125,4,12,40
2126,4,12,41
2127,4,12,42
2128,4,12,43
2129,4,12,44
2130,4,12,45
2131,4,12,46
2132,4,12,47
2133,4,12,48
2134,4,12,49
2135,4,12,50
2136,4,12,51
2137,4,12,52
2138,4,12,53
2139,4,12,54
2140,4,12,55
2141,4,12,56
2142,4,12,57
2143,4,12,58
2144,4,12,59
2145,4,12,60
2146,4,12,61
2147,4,12,62
2148,4,12,63
2149,4,12,64
2150,4,12,65
2151,4,12,66
2152,4,12,67
2153,4,12,68
2154,4,12,69
2155,4,12,70
2156,4,12,71
2157,4,12,72
2158,4,12,73
2159,4,12,74
2160,4,12,75
2161,4,12,76
2162,4,12,77
2163,4,12,78
